vehicle_id,vehicle_type,fuel_type,vehicle_age,fuel_capacity_l,max_payload_kg,available,route_id,origin,destination,distance_km,required_payload_kg,traffic_factor,priority,average_speed_kmph,road_grade,weather_factor,fuel_consumed_l
V037,Van,Petrol,6,75,1500,True,R005,Hub North,Zone 3,174.0,1194.3,2.18,1,38.6,-1.61,1.01,33.32
V047,Semi-Trailer,Diesel,6,450,26000,True,R029,Depot A,Port Terminal,29.8,13054.0,1.02,3,55.7,3.68,1.08,16.49
V045,Light Commercial,Diesel,9,100,3500,True,R015,Central Hub,Zone 3,162.8,1979.5,1.84,2,42.9,1.5,1.08,47.09
V009,Semi-Trailer,Diesel,1,450,26000,True,R010,Hub North,Zone 2,196.0,8670.1,1.33,2,55.3,3.45,1.0,99.99
V050,Light Commercial,Diesel,2,100,3500,True,R014,Depot A,Metro Area,54.7,2468.7,1.65,2,35.8,-2.7,1.04,10.81
V033,Truck,Diesel,6,220,8000,True,R008,Depot B,Metro Area,131.6,1881.6,1.41,2,56.2,-3.48,1.01,37.05
V020,Truck,Diesel,4,220,8000,True,R027,Depot C,Zone 1,73.5,2453.5,1.16,2,47.7,-1.1,1.32,24.71
V031,Light Commercial,Diesel,6,100,3500,True,R030,Central Hub,Industrial Park,311.3,1777.8,1.78,2,34.6,2.82,1.08,92.29
V059,Light Commercial,Diesel,7,100,3500,True,R003,Depot B,Zone 1,293.9,1496.3,1.03,2,74.3,-1.95,1.16,49.85
V052,Van,Petrol,2,75,1500,True,R022,Central Hub,Metro Area,262.5,455.5,1.07,2,77.5,-3.11,1.07,28.47
V051,Light Commercial,Diesel,8,100,3500,True,R011,Central Hub,Port Terminal,312.9,920.9,1.31,1,59.5,0.82,1.13,57.16
V028,Van,Diesel,4,75,1500,True,R002,Hub North,Metro Area,101.2,1247.6,1.51,3,53.5,1.26,1.05,15.64
V048,Light Commercial,Petrol,9,100,3500,True,R028,Central Hub,Zone 4,29.0,2107.8,1.46,1,34.5,-0.46,1.02,7.62
V024,Van,Diesel,7,75,1500,True,R002,Hub North,Metro Area,100.9,631.2,1.4,3,53.9,1.55,1.26,14.85
V042,Bus,Hybrid,4,280,6000,True,R007,Central Hub,Industrial Park,286.8,4913.5,1.35,3,61.2,0.44,1.07,92.66
V039,Truck,Diesel,12,220,8000,True,R001,Depot B,Port Terminal,290.7,6411.1,1.52,1,46.5,-2.82,1.06,116.94
V015,Van,Diesel,9,75,1500,True,R015,Central Hub,Zone 3,164.8,291.4,1.93,2,35.8,1.55,1.01,27.31
V016,Van,Petrol,6,75,1500,True,R018,Hub North,Port Terminal,158.6,873.3,1.0,1,73.1,2.78,1.04,25.67
V004,Van,Diesel,10,75,1500,True,R010,Hub North,Zone 2,193.8,539.7,1.18,2,63.6,3.59,1.0,28.31
V009,Semi-Trailer,Diesel,1,450,26000,True,R003,Depot B,Zone 1,294.3,14552.5,1.0,2,68.6,-1.97,1.08,113.86
V027,Truck,Diesel,10,220,8000,True,R004,Depot C,Zone 3,271.2,5682.4,1.26,3,62.3,2.93,1.09,126.35
V029,Van,Diesel,12,75,1500,True,R029,Depot A,Port Terminal,32.8,160.8,1.35,3,36.3,4.26,1.06,5.94
V010,Semi-Trailer,Diesel,12,450,26000,True,R025,Hub North,Zone 1,65.5,13949.8,1.47,2,37.4,-3.74,1.23,35.18
V026,Semi-Trailer,Diesel,7,450,26000,True,R029,Depot A,Port Terminal,30.3,9047.3,1.0,3,41.5,3.9,1.08,17.11
V037,Van,Petrol,6,75,1500,True,R016,Central Hub,Industrial Park,20.8,830.9,1.46,1,37.7,0.56,1.07,3.69
V014,Light Commercial,Diesel,4,100,3500,True,R017,Hub North,Zone 2,145.4,676.8,1.29,3,63.6,3.81,1.01,30.37
V021,Van,Diesel,10,75,1500,True,R024,Depot C,Zone 2,102.2,1192.4,1.0,1,76.8,-2.17,1.04,11.77
V023,Semi-Trailer,Diesel,7,450,26000,True,R019,Depot B,Port Terminal,256.8,14615.1,1.57,2,47.9,-1.86,1.35,131.53
V031,Light Commercial,Diesel,6,100,3500,True,R014,Depot A,Metro Area,55.1,977.9,1.57,2,35.2,-3.0,1.0,10.6
V022,Truck,Diesel,10,220,8000,True,R009,Depot A,Industrial Park,84.6,6033.9,1.76,1,33.5,-1.99,1.07,38.02
V045,Light Commercial,Diesel,9,100,3500,True,R015,Central Hub,Zone 3,162.4,462.4,1.81,2,43.4,2.17,1.07,38.28
V020,Truck,Diesel,4,220,8000,True,R002,Hub North,Metro Area,100.9,4831.2,1.55,3,50.8,1.01,1.08,41.36
V027,Truck,Diesel,10,220,8000,True,R006,Depot C,Zone 1,149.0,4212.0,1.79,2,48.4,3.85,1.08,84.27
V023,Semi-Trailer,Diesel,7,450,26000,True,R023,Depot B,Zone 2,263.6,3476.2,1.03,3,75.9,-0.78,1.13,102.1
V011,Van,Diesel,6,75,1500,True,R027,Depot C,Zone 1,69.8,468.4,1.38,2,33.1,-1.72,1.09,9.02
V042,Bus,Hybrid,4,280,6000,True,R004,Depot C,Zone 3,269.6,993.4,1.2,3,67.8,3.57,1.0,78.29
V015,Van,Diesel,9,75,1500,True,R003,Depot B,Zone 1,292.2,1083.8,1.02,2,72.9,-1.41,1.0,35.6
V018,Light Commercial,Hybrid,9,100,3500,True,R003,Depot B,Zone 1,294.7,2449.7,1.0,2,74.8,-1.54,1.0,39.01
V048,Light Commercial,Petrol,9,100,3500,True,R024,Depot C,Zone 2,101.9,615.7,1.24,1,60.7,-2.68,1.25,18.91
V057,Light Commercial,Diesel,6,100,3500,True,R010,Hub North,Zone 2,200.4,674.9,1.29,2,61.9,3.7,1.01,40.46
V041,Bus,Petrol,6,280,6000,True,R010,Hub North,Zone 2,197.5,5089.4,1.0,2,82.0,2.99,1.01,113.09
V055,Van,CNG,6,75,1500,True,R001,Depot B,Port Terminal,288.0,406.1,1.53,1,49.2,-1.86,1.11,42.07
V052,Van,Petrol,2,75,1500,True,R030,Central Hub,Industrial Park,315.1,537.2,1.41,2,60.2,3.09,1.1,52.39
V029,Van,Diesel,12,75,1500,True,R014,Depot A,Metro Area,53.0,1022.5,1.74,2,29.4,-2.84,1.09,8.73
V047,Semi-Trailer,Diesel,6,450,26000,True,R024,Depot C,Zone 2,101.5,3942.0,1.12,1,72.3,-1.95,1.01,37.05
V020,Truck,Diesel,4,220,8000,True,R022,Central Hub,Metro Area,263.4,7244.1,1.05,2,72.4,-1.76,1.05,85.97
V028,Van,Diesel,4,75,1500,True,R005,Hub North,Zone 3,171.9,179.3,1.88,1,38.0,-1.54,1.2,23.34
V033,Truck,Diesel,6,220,8000,True,R025,Hub North,Zone 1,69.6,6574.2,1.63,2,38.4,-2.85,1.03,26.59
V058,Truck,Diesel,12,220,8000,True,R017,Hub North,Zone 2,143.6,3254.2,1.41,3,50.7,4.06,1.0,70.32
V051,Light Commercial,Diesel,8,100,3500,True,R019,Depot B,Port Terminal,256.9,796.4,1.35,2,53.0,-1.61,1.01,43.44
V030,Van,Diesel,11,75,1500,True,R007,Central Hub,Industrial Park,287.7,631.3,1.29,3,52.9,0.05,1.04,38.6
V040,Van,CNG,2,75,1500,True,R026,Central Hub,Zone 4,114.2,1390.4,1.52,3,54.5,0.54,1.03,20.3
V013,Truck,Hybrid,5,220,8000,True,R028,Central Hub,Zone 4,28.8,4397.0,1.4,1,41.8,-0.49,1.1,8.72
V049,Truck,Diesel,8,220,8000,True,R013,Central Hub,Metro Area,192.4,1203.1,1.89,2,41.1,-1.18,1.07,72.42
V034,Van,Diesel,10,75,1500,True,R003,Depot B,Zone 1,294.1,1350.5,1.0,2,71.1,-2.38,1.14,36.33
V032,Truck,Diesel,8,220,8000,True,R026,Central Hub,Zone 4,111.9,1776.2,1.7,3,44.1,0.43,1.2,44.89
V046,Truck,Diesel,4,220,8000,True,R027,Depot C,Zone 1,68.0,1171.9,1.16,2,41.9,-1.09,1.19,21.2
V038,Light Commercial,Diesel,6,100,3500,True,R016,Central Hub,Industrial Park,24.7,485.1,1.86,1,22.7,0.84,1.07,6.44
V005,Light Commercial,CNG,10,100,3500,True,R018,Hub North,Port Terminal,156.4,2808.3,1.0,1,73.0,2.71,1.01,39.58
V018,Light Commercial,Hybrid,9,100,3500,True,R007,Central Hub,Industrial Park,289.0,805.2,1.23,3,63.1,0.32,1.21,39.16
V011,Van,Diesel,6,75,1500,True,R003,Depot B,Zone 1,293.5,378.2,1.0,2,72.6,-2.03,1.08,29.34
V045,Light Commercial,Diesel,9,100,3500,True,R029,Depot A,Port Terminal,29.9,3158.7,1.13,3,45.4,3.17,1.01,8.34
V003,Bus,Hybrid,9,280,6000,True,R015,Central Hub,Zone 3,165.8,3719.2,1.85,2,33.4,1.55,1.05,72.92
V013,Truck,Hybrid,5,220,8000,True,R009,Depot A,Industrial Park,90.0,2740.9,1.58,1,38.4,-2.92,1.05,24.22
V036,Van,Diesel,6,75,1500,True,R021,Depot A,Metro Area,279.9,897.7,1.4,1,52.1,0.18,1.02,37.44
V042,Bus,Hybrid,4,280,6000,True,R001,Depot B,Port Terminal,289.4,1839.8,1.53,1,52.5,-2.7,1.09,75.42
V031,Light Commercial,Diesel,6,100,3500,True,R003,Depot B,Zone 1,294.0,1820.4,1.21,2,62.9,-1.85,1.01,47.79
V052,Van,Petrol,2,75,1500,True,R008,Depot B,Metro Area,129.0,576.6,1.6,2,48.5,-2.92,1.03,16.96
V056,Semi-Trailer,Diesel,6,450,26000,True,R014,Depot A,Metro Area,54.0,16360.0,1.83,2,22.8,-2.53,1.25,35.29
V008,Semi-Trailer,Diesel,1,450,26000,True,R012,Depot A,Zone 2,56.6,19369.7,1.12,2,41.7,1.71,1.13,30.62
V058,Truck,Diesel,12,220,8000,True,R006,Depot C,Zone 1,146.7,3169.9,1.98,2,35.0,4.02,1.15,95.88
V037,Van,Petrol,6,75,1500,True,R011,Central Hub,Port Terminal,313.6,333.5,1.19,1,63.3,0.54,1.2,40.97
V039,Truck,Diesel,12,220,8000,True,R011,Central Hub,Port Terminal,310.9,3219.0,1.17,1,69.3,0.94,1.02,116.34
V006,Semi-Trailer,Diesel,8,450,26000,True,R016,Central Hub,Industrial Park,22.6,19355.2,1.49,1,35.3,0.99,1.03,13.7
V038,Light Commercial,Diesel,6,100,3500,True,R017,Hub North,Zone 2,143.9,2691.6,1.45,3,48.0,3.99,1.01,40.11
V044,Van,CNG,4,75,1500,True,R027,Depot C,Zone 1,70.4,1151.6,1.29,2,39.2,-1.66,1.14,11.62
V035,Van,Petrol,9,75,1500,True,R025,Hub North,Zone 1,67.9,1392.6,1.64,2,30.1,-3.89,1.15,12.88
V006,Semi-Trailer,Diesel,8,450,26000,True,R009,Depot A,Industrial Park,88.5,20827.7,1.61,1,29.7,-2.58,1.0,52.42
V032,Truck,Diesel,8,220,8000,True,R028,Central Hub,Zone 4,31.3,7386.3,1.49,1,33.5,-0.67,1.22,14.81
V057,Light Commercial,Diesel,6,100,3500,True,R016,Central Hub,Industrial Park,21.6,2214.7,1.59,1,34.5,0.57,1.03,5.39
V044,Van,CNG,4,75,1500,True,R006,Depot C,Zone 1,147.5,442.4,1.81,2,38.5,4.14,1.35,35.47
V009,Semi-Trailer,Diesel,1,450,26000,True,R011,Central Hub,Port Terminal,311.4,16041.1,1.0,1,73.6,0.35,1.01,141.02
V058,Truck,Diesel,12,220,8000,True,R023,Depot B,Zone 2,267.8,2145.3,1.03,3,76.7,-0.62,1.23,83.66
V058,Truck,Diesel,12,220,8000,True,R025,Hub North,Zone 1,68.2,1380.2,1.32,2,39.9,-2.63,1.05,22.07
V011,Van,Diesel,6,75,1500,True,R012,Depot A,Zone 2,57.9,534.2,1.15,2,48.4,1.55,1.09,7.21
V049,Truck,Diesel,8,220,8000,True,R005,Hub North,Zone 3,171.9,3266.9,1.66,1,50.8,-1.66,1.02,59.1
V025,Truck,Diesel,11,220,8000,True,R006,Depot C,Zone 1,147.3,5620.4,1.69,2,39.1,4.24,1.14,89.78
V036,Van,Diesel,6,75,1500,True,R004,Depot C,Zone 3,267.8,612.9,1.12,3,68.1,3.29,1.14,39.92
V027,Truck,Diesel,10,220,8000,True,R021,Depot A,Metro Area,277.6,821.4,1.19,1,61.0,0.19,1.35,89.42
V047,Semi-Trailer,Diesel,6,450,26000,True,R016,Central Hub,Industrial Park,21.0,22864.4,1.39,1,31.1,0.98,1.19,14.27
V060,Light Commercial,Diesel,7,100,3500,True,R014,Depot A,Metro Area,54.2,2103.5,1.9,2,23.1,-2.3,1.04,14.01
V048,Light Commercial,Petrol,9,100,3500,True,R021,Depot A,Metro Area,281.3,977.0,1.32,1,55.5,-0.11,1.01,57.27
V056,Semi-Trailer,Diesel,6,450,26000,True,R025,Hub North,Zone 1,68.3,8175.6,1.54,2,31.2,-2.52,1.04,31.67
V057,Light Commercial,Diesel,6,100,3500,True,R024,Depot C,Zone 2,101.1,719.3,1.09,1,66.1,-2.27,1.12,14.57
V006,Semi-Trailer,Diesel,8,450,26000,True,R005,Hub North,Zone 3,173.9,22634.7,1.49,1,50.1,-1.79,1.05,92.63
V016,Van,Petrol,6,75,1500,True,R018,Hub North,Port Terminal,159.9,443.5,1.0,1,84.8,2.69,1.07,25.9
V044,Van,CNG,4,75,1500,True,R027,Depot C,Zone 1,72.3,1349.3,1.14,2,37.1,-1.12,1.04,11.9
V036,Van,Diesel,6,75,1500,True,R024,Depot C,Zone 2,100.5,487.0,1.18,1,68.3,-2.44,1.13,10.58
V004,Van,Diesel,10,75,1500,True,R010,Hub North,Zone 2,197.1,1169.0,1.3,2,57.5,3.88,1.05,36.97
V006,Semi-Trailer,Diesel,8,450,26000,True,R012,Depot A,Zone 2,57.9,2831.0,1.2,2,40.0,1.67,1.04,30.26
V032,Truck,Diesel,8,220,8000,True,R027,Depot C,Zone 1,70.8,4086.3,1.44,2,26.7,-1.92,1.13,29.65
V037,Van,Petrol,6,75,1500,True,R001,Depot B,Port Terminal,287.9,620.7,1.4,1,56.4,-2.12,1.1,37.47
V011,Van,Diesel,6,75,1500,True,R016,Central Hub,Industrial Park,23.7,576.6,1.47,1,28.3,0.59,1.0,3.54
V011,Van,Diesel,6,75,1500,True,R004,Depot C,Zone 3,269.6,1415.0,1.46,3,54.8,3.3,1.0,47.72
V008,Semi-Trailer,Diesel,1,450,26000,True,R027,Depot C,Zone 1,69.5,18531.2,1.27,2,46.2,-1.47,1.02,30.99
V034,Van,Diesel,10,75,1500,True,R002,Hub North,Metro Area,101.1,476.1,1.59,3,42.0,1.43,1.03,15.91
V001,Semi-Trailer,Diesel,6,450,26000,True,R001,Depot B,Port Terminal,289.7,19229.0,1.77,1,47.1,-2.41,1.08,163.56
V035,Van,Petrol,9,75,1500,True,R010,Hub North,Zone 2,196.1,315.2,1.3,2,57.9,3.28,1.11,34.05
V029,Van,Diesel,12,75,1500,True,R007,Central Hub,Industrial Park,287.5,1330.6,1.27,3,50.6,0.79,1.05,45.83
V028,Van,Diesel,4,75,1500,True,R015,Central Hub,Zone 3,162.3,693.6,1.71,2,39.1,2.56,1.09,29.16
V041,Bus,Petrol,6,280,6000,True,R009,Depot A,Industrial Park,87.0,1572.4,1.91,1,26.9,-2.67,1.15,45.03
V032,Truck,Diesel,8,220,8000,True,R011,Central Hub,Port Terminal,310.6,2655.2,1.2,1,64.1,0.72,1.01,109.2
V044,Van,CNG,4,75,1500,True,R017,Hub North,Zone 2,143.5,347.8,1.53,3,42.6,4.24,1.35,30.99
V046,Truck,Diesel,4,220,8000,True,R017,Hub North,Zone 2,142.3,7127.8,1.63,3,46.1,4.24,1.01,80.25
V056,Semi-Trailer,Diesel,6,450,26000,True,R029,Depot A,Port Terminal,29.8,9360.2,1.26,3,42.9,3.83,1.08,19.53
V048,Light Commercial,Petrol,9,100,3500,True,R015,Central Hub,Zone 3,164.1,775.0,1.89,2,43.6,1.46,1.08,47.02
V032,Truck,Diesel,8,220,8000,True,R017,Hub North,Zone 2,141.1,6327.7,1.66,3,43.5,4.36,1.11,84.52
V030,Van,Diesel,11,75,1500,True,R021,Depot A,Metro Area,280.2,421.9,1.32,1,58.7,0.01,1.11,34.81
V015,Van,Diesel,9,75,1500,True,R006,Depot C,Zone 1,149.4,270.0,1.84,2,45.0,4.08,1.1,27.14
V036,Van,Diesel,6,75,1500,True,R021,Depot A,Metro Area,279.5,1002.2,1.14,1,69.2,0.54,1.07,36.28
V009,Semi-Trailer,Diesel,1,450,26000,True,R026,Central Hub,Zone 4,111.7,2763.7,2.02,3,40.7,0.58,1.02,58.24
V056,Semi-Trailer,Diesel,6,450,26000,True,R010,Hub North,Zone 2,198.4,20996.5,1.02,2,73.6,3.41,1.19,120.71
V051,Light Commercial,Diesel,8,100,3500,True,R006,Depot C,Zone 1,144.7,2024.1,1.81,2,41.1,4.98,1.06,47.15
V008,Semi-Trailer,Diesel,1,450,26000,True,R011,Central Hub,Port Terminal,312.2,8054.7,1.0,1,76.1,-0.22,1.16,118.71
V048,Light Commercial,Petrol,9,100,3500,True,R009,Depot A,Industrial Park,93.2,1758.9,1.7,1,26.4,-2.01,1.02,24.92
V008,Semi-Trailer,Diesel,1,450,26000,True,R018,Hub North,Port Terminal,157.4,8399.4,1.0,1,79.4,2.43,1.08,70.83
V044,Van,CNG,4,75,1500,True,R026,Central Hub,Zone 4,111.8,829.4,1.77,3,36.2,0.62,1.06,22.09
V006,Semi-Trailer,Diesel,8,450,26000,True,R018,Hub North,Port Terminal,158.7,15233.3,1.11,1,65.5,2.54,1.11,89.24
V030,Van,Diesel,11,75,1500,True,R004,Depot C,Zone 3,270.6,1133.9,1.16,3,64.7,2.6,1.03,43.52
V040,Van,CNG,2,75,1500,True,R010,Hub North,Zone 2,199.3,744.3,1.21,2,64.1,4.03,1.1,37.13
V044,Van,CNG,4,75,1500,True,R021,Depot A,Metro Area,276.4,1153.0,1.46,1,54.0,0.87,1.13,48.29
V026,Semi-Trailer,Diesel,7,450,26000,True,R010,Hub North,Zone 2,198.6,4130.3,1.01,2,80.0,3.41,1.04,99.2
V056,Semi-Trailer,Diesel,6,450,26000,True,R018,Hub North,Port Terminal,161.5,22961.7,1.0,1,75.3,2.91,1.0,91.14
V047,Semi-Trailer,Diesel,6,450,26000,True,R021,Depot A,Metro Area,280.5,6699.7,1.38,1,51.5,0.15,1.02,132.35
V013,Truck,Hybrid,5,220,8000,True,R010,Hub North,Zone 2,196.1,6488.7,1.22,2,60.8,4.19,1.06,74.78
V041,Bus,Petrol,6,280,6000,True,R020,Central Hub,Port Terminal,199.3,3122.6,1.37,2,53.4,-1.05,1.01,92.33
V044,Van,CNG,4,75,1500,True,R012,Depot A,Zone 2,53.3,283.5,1.3,2,40.4,2.07,1.16,9.42
V021,Van,Diesel,10,75,1500,True,R005,Hub North,Zone 3,173.9,608.7,1.68,1,40.4,-1.74,1.01,23.93
V045,Light Commercial,Diesel,9,100,3500,True,R012,Depot A,Zone 2,53.8,3082.0,1.07,2,45.9,0.98,1.0,11.89
V054,Light Commercial,Petrol,7,100,3500,True,R014,Depot A,Metro Area,55.1,2833.3,1.69,2,36.0,-2.65,1.04,13.58
V050,Light Commercial,Diesel,2,100,3500,True,R001,Depot B,Port Terminal,287.0,2498.9,1.44,1,52.9,-1.64,1.05,51.82
V046,Truck,Diesel,4,220,8000,True,R027,Depot C,Zone 1,69.6,3383.0,1.45,2,30.2,-1.87,1.04,25.65
V039,Truck,Diesel,12,220,8000,True,R016,Central Hub,Industrial Park,24.8,4803.8,1.3,1,37.0,1.26,1.07,10.81
V017,Light Commercial,Hybrid,8,100,3500,True,R002,Hub North,Metro Area,101.0,1040.6,1.45,3,42.8,2.26,1.35,17.6
V048,Light Commercial,Petrol,9,100,3500,True,R027,Depot C,Zone 1,69.6,2277.3,1.05,2,47.6,-1.62,1.26,15.06
V022,Truck,Diesel,10,220,8000,True,R026,Central Hub,Zone 4,110.3,2574.4,1.96,3,44.9,0.59,1.05,49.97
V032,Truck,Diesel,8,220,8000,True,R001,Depot B,Port Terminal,285.5,6437.2,1.4,1,48.9,-3.07,1.27,103.41
V019,Semi-Trailer,Diesel,11,450,26000,True,R005,Hub North,Zone 3,170.2,18169.4,1.75,1,37.0,-1.74,1.07,104.1
V019,Semi-Trailer,Diesel,11,450,26000,True,R011,Central Hub,Port Terminal,311.6,11132.6,1.0,1,72.4,0.87,1.16,160.04
V010,Semi-Trailer,Diesel,12,450,26000,True,R016,Central Hub,Industrial Park,24.1,17174.6,1.52,1,36.6,0.96,1.0,15.03
V058,Truck,Diesel,12,220,8000,True,R022,Central Hub,Metro Area,263.3,3010.9,1.23,2,67.8,-2.51,1.04,84.85
V009,Semi-Trailer,Diesel,1,450,26000,True,R013,Central Hub,Metro Area,194.6,6039.9,1.73,2,45.2,-1.85,1.33,90.67
V006,Semi-Trailer,Diesel,8,450,26000,True,R019,Depot B,Port Terminal,256.9,7797.6,1.45,2,46.4,-0.76,1.09,127.81
V057,Light Commercial,Diesel,6,100,3500,True,R001,Depot B,Port Terminal,287.9,1158.3,1.26,1,59.7,-2.55,1.0,46.24
V034,Van,Diesel,10,75,1500,True,R020,Central Hub,Port Terminal,197.3,438.9,1.3,2,64.8,0.44,1.05,24.26
V027,Truck,Diesel,10,220,8000,True,R028,Central Hub,Zone 4,31.5,5412.8,1.49,1,32.3,-0.46,1.02,14.17
V045,Light Commercial,Diesel,9,100,3500,True,R016,Central Hub,Industrial Park,25.7,2550.5,1.41,1,36.0,1.62,1.04,6.55
V023,Semi-Trailer,Diesel,7,450,26000,True,R014,Depot A,Metro Area,52.4,12702.8,1.89,2,27.4,-3.0,1.06,29.87
V008,Semi-Trailer,Diesel,1,450,26000,True,R009,Depot A,Industrial Park,88.0,24430.2,1.84,1,20.9,-2.45,1.02,58.11
V044,Van,CNG,4,75,1500,True,R029,Depot A,Port Terminal,32.7,1286.1,1.05,3,51.6,3.74,1.01,6.49
V011,Van,Diesel,6,75,1500,True,R001,Depot B,Port Terminal,286.1,261.0,1.6,1,50.3,-2.32,1.03,32.94
V034,Van,Diesel,10,75,1500,True,R009,Depot A,Industrial Park,89.4,737.1,1.69,1,21.5,-2.03,1.06,15.7
V057,Light Commercial,Diesel,6,100,3500,True,R005,Hub North,Zone 3,173.9,3052.7,1.97,1,32.7,-1.3,1.05,45.58
V057,Light Commercial,Diesel,6,100,3500,True,R026,Central Hub,Zone 4,112.1,1005.3,2.06,3,32.6,1.03,1.1,30.29
V022,Truck,Diesel,10,220,8000,True,R015,Central Hub,Zone 3,164.8,3373.1,1.65,2,48.6,1.53,1.23,75.65
V047,Semi-Trailer,Diesel,6,450,26000,True,R028,Central Hub,Zone 4,32.6,23527.5,1.59,1,28.5,-0.84,1.03,20.41
V037,Van,Petrol,6,75,1500,True,R020,Central Hub,Port Terminal,201.8,1139.5,1.55,2,50.1,-0.19,1.01,33.88
V029,Van,Diesel,12,75,1500,True,R017,Hub North,Zone 2,142.7,1211.2,1.38,3,53.4,4.21,1.04,28.31
V009,Semi-Trailer,Diesel,1,450,26000,True,R016,Central Hub,Industrial Park,21.8,22036.6,1.47,1,34.2,0.87,1.2,13.46
V023,Semi-Trailer,Diesel,7,450,26000,True,R007,Central Hub,Industrial Park,286.1,6383.0,1.21,3,63.9,0.27,1.03,120.51
V040,Van,CNG,2,75,1500,True,R017,Hub North,Zone 2,144.3,1041.6,1.51,3,50.8,4.71,1.1,31.02
V060,Light Commercial,Diesel,7,100,3500,True,R021,Depot A,Metro Area,277.5,2738.3,1.2,1,62.6,-0.02,1.01,53.78
V001,Semi-Trailer,Diesel,6,450,26000,True,R029,Depot A,Port Terminal,30.4,7605.2,1.1,3,46.8,4.47,1.05,17.28
V044,Van,CNG,4,75,1500,True,R017,Hub North,Zone 2,143.0,205.3,1.66,3,46.2,4.24,1.02,28.98
V051,Light Commercial,Diesel,8,100,3500,True,R029,Depot A,Port Terminal,30.0,880.6,1.0,3,49.2,4.16,1.07,6.17
V058,Truck,Diesel,12,220,8000,True,R029,Depot A,Port Terminal,31.2,5841.5,1.0,3,48.3,4.12,1.0,15.35
V026,Semi-Trailer,Diesel,7,450,26000,True,R016,Central Hub,Industrial Park,26.4,17943.8,1.66,1,37.6,0.61,1.01,16.96
V008,Semi-Trailer,Diesel,1,450,26000,True,R014,Depot A,Metro Area,54.8,22307.1,1.87,2,24.9,-2.36,1.03,33.47
V017,Light Commercial,Hybrid,8,100,3500,True,R005,Hub North,Zone 3,171.4,1292.9,1.64,1,51.2,-0.68,1.09,25.2
V052,Van,Petrol,2,75,1500,True,R009,Depot A,Industrial Park,90.0,942.7,1.79,1,25.1,-2.42,1.1,16.21
V053,Van,CNG,12,75,1500,True,R027,Depot C,Zone 1,70.8,184.2,1.45,2,37.7,-1.25,1.07,10.93
V039,Truck,Diesel,12,220,8000,True,R005,Hub North,Zone 3,174.3,7158.6,1.79,1,49.0,-1.17,1.14,82.42
V008,Semi-Trailer,Diesel,1,450,26000,True,R012,Depot A,Zone 2,55.4,14854.3,1.0,2,48.6,2.04,1.07,28.21
V008,Semi-Trailer,Diesel,1,450,26000,True,R021,Depot A,Metro Area,279.2,19139.3,1.38,1,51.6,0.2,1.18,140.51
V029,Van,Diesel,12,75,1500,True,R008,Depot B,Metro Area,126.3,511.9,1.91,2,37.6,-2.52,1.09,17.69
V036,Van,Diesel,6,75,1500,True,R030,Central Hub,Industrial Park,311.4,254.5,1.54,2,48.7,3.23,1.01,47.55
V002,Truck,Diesel,11,220,8000,True,R020,Central Hub,Port Terminal,196.1,1227.2,1.36,2,56.6,-0.74,1.07,62.46
V042,Bus,Hybrid,4,280,6000,True,R001,Depot B,Port Terminal,288.9,4754.8,1.65,1,45.2,-2.28,1.01,91.12
V033,Truck,Diesel,6,220,8000,True,R008,Depot B,Metro Area,127.0,1833.2,1.67,2,43.3,-2.81,1.1,42.37
V001,Semi-Trailer,Diesel,6,450,26000,True,R023,Depot B,Zone 2,268.4,20810.4,1.0,3,82.8,-1.18,1.0,123.4
V006,Semi-Trailer,Diesel,8,450,26000,True,R026,Central Hub,Zone 4,112.0,8462.4,1.82,3,40.5,1.06,1.03,68.12
V028,Van,Diesel,4,75,1500,True,R028,Central Hub,Zone 4,29.6,840.1,1.32,1,35.3,-0.8,1.13,4.38
V044,Van,CNG,4,75,1500,True,R026,Central Hub,Zone 4,110.7,483.9,1.56,3,51.4,-0.02,1.05,17.03
V050,Light Commercial,Diesel,2,100,3500,True,R003,Depot B,Zone 1,295.3,499.0,1.0,2,78.4,-1.34,1.19,44.6
V026,Semi-Trailer,Diesel,7,450,26000,True,R022,Central Hub,Metro Area,262.9,14584.4,1.28,2,64.3,-3.23,1.04,111.12
V018,Light Commercial,Hybrid,9,100,3500,True,R004,Depot C,Zone 3,266.6,1442.2,1.17,3,71.6,2.2,1.01,41.73
V059,Light Commercial,Diesel,7,100,3500,True,R003,Depot B,Zone 1,296.2,1644.5,1.13,2,67.8,-1.3,1.09,51.13
V028,Van,Diesel,4,75,1500,True,R021,Depot A,Metro Area,280.1,917.0,1.34,1,54.9,0.19,1.02,36.77
V019,Semi-Trailer,Diesel,11,450,26000,True,R015,Central Hub,Zone 3,163.6,9531.9,1.83,2,33.3,1.99,1.0,118.98
V027,Truck,Diesel,10,220,8000,True,R020,Central Hub,Port Terminal,199.9,4633.9,1.39,2,50.0,-0.38,1.15,77.9
V001,Semi-Trailer,Diesel,6,450,26000,True,R026,Central Hub,Zone 4,112.0,17136.8,1.81,3,42.3,-0.01,1.03,64.01
V019,Semi-Trailer,Diesel,11,450,26000,True,R003,Depot B,Zone 1,295.0,4578.9,1.1,2,63.4,-2.13,1.02,108.65
V031,Light Commercial,Diesel,6,100,3500,True,R016,Central Hub,Industrial Park,21.4,1391.5,1.45,1,28.2,0.83,1.0,5.14
V056,Semi-Trailer,Diesel,6,450,26000,True,R026,Central Hub,Zone 4,115.1,4587.8,1.62,3,46.5,0.03,1.17,54.64
V045,Light Commercial,Diesel,9,100,3500,True,R014,Depot A,Metro Area,54.1,370.6,1.77,2,31.3,-2.39,1.01,11.05
V047,Semi-Trailer,Diesel,6,450,26000,True,R016,Central Hub,Industrial Park,24.9,3732.2,1.54,1,31.5,0.76,1.02,14.15
V033,Truck,Diesel,6,220,8000,True,R015,Central Hub,Zone 3,163.7,4827.1,1.87,2,43.6,1.87,1.2,82.53
V007,Van,Petrol,11,75,1500,True,R028,Central Hub,Zone 4,31.2,257.5,1.64,1,33.0,-0.45,1.04,5.47
V024,Van,Diesel,7,75,1500,True,R002,Hub North,Metro Area,101.9,1257.3,1.68,3,49.2,1.93,1.03,18.42
V060,Light Commercial,Diesel,7,100,3500,True,R027,Depot C,Zone 1,72.1,2609.3,1.13,2,53.0,-1.41,1.0,13.3
V003,Bus,Hybrid,9,280,6000,True,R025,Hub North,Zone 1,67.0,645.0,1.19,2,52.4,-3.21,1.11,15.51
V053,Van,CNG,12,75,1500,True,R025,Hub North,Zone 1,69.9,880.9,1.4,2,38.5,-3.0,1.08,11.14
V042,Bus,Hybrid,4,280,6000,True,R013,Central Hub,Metro Area,195.0,652.3,1.49,2,48.6,-1.81,1.32,49.78
V018,Light Commercial,Hybrid,9,100,3500,True,R016,Central Hub,Industrial Park,22.2,674.9,1.45,1,34.7,-0.03,1.1,3.24
V047,Semi-Trailer,Diesel,6,450,26000,True,R012,Depot A,Zone 2,55.3,24440.3,1.19,2,48.4,2.18,1.2,34.38
V051,Light Commercial,Diesel,8,100,3500,True,R008,Depot B,Metro Area,128.2,1709.6,1.66,2,41.5,-2.68,1.09,27.44
V003,Bus,Hybrid,9,280,6000,True,R027,Depot C,Zone 1,69.9,738.8,1.53,2,38.5,-1.38,1.03,19.5
V007,Van,Petrol,11,75,1500,True,R016,Central Hub,Industrial Park,25.2,1234.2,1.63,1,29.9,0.43,1.2,5.51
V040,Van,CNG,2,75,1500,True,R022,Central Hub,Metro Area,262.6,1319.6,1.39,2,55.0,-2.79,1.28,38.62
V060,Light Commercial,Diesel,7,100,3500,True,R004,Depot C,Zone 3,266.7,1981.4,1.41,3,50.1,2.53,1.05,63.11
V002,Truck,Diesel,11,220,8000,True,R024,Depot C,Zone 2,104.2,5600.4,1.3,1,52.3,-1.97,1.11,38.53
V040,Van,CNG,2,75,1500,True,R020,Central Hub,Port Terminal,199.8,1144.7,1.3,2,56.7,-0.76,1.16,29.85
V009,Semi-Trailer,Diesel,1,450,26000,True,R030,Central Hub,Industrial Park,317.0,18836.2,1.51,2,54.9,2.55,1.05,189.04
V040,Van,CNG,2,75,1500,True,R005,Hub North,Zone 3,171.4,780.5,1.73,1,40.5,-1.24,1.04,27.44
V038,Light Commercial,Diesel,6,100,3500,True,R017,Hub North,Zone 2,143.0,2827.2,1.53,3,55.5,3.98,1.03,39.73
V006,Semi-Trailer,Diesel,8,450,26000,True,R016,Central Hub,Industrial Park,21.6,14254.0,1.47,1,31.8,0.57,1.16,13.47
V041,Bus,Petrol,6,280,6000,True,R017,Hub North,Zone 2,143.0,1923.5,1.38,3,50.1,4.59,1.31,88.82
V054,Light Commercial,Petrol,7,100,3500,True,R002,Hub North,Metro Area,98.1,362.1,1.69,3,30.6,2.16,1.04,29.77
V052,Van,Petrol,2,75,1500,True,R015,Central Hub,Zone 3,165.0,607.2,1.66,2,47.9,2.09,1.24,29.98
V002,Truck,Diesel,11,220,8000,True,R009,Depot A,Industrial Park,89.0,1361.6,1.48,1,34.5,-2.18,1.0,31.28
V015,Van,Diesel,9,75,1500,True,R019,Depot B,Port Terminal,257.9,230.7,1.3,2,58.2,-1.73,1.13,25.97
V015,Van,Diesel,9,75,1500,True,R007,Central Hub,Industrial Park,286.9,748.3,1.26,3,65.7,0.57,1.28,39.49
V028,Van,Diesel,4,75,1500,True,R014,Depot A,Metro Area,53.7,1353.2,1.64,2,30.8,-2.77,1.05,7.78
V009,Semi-Trailer,Diesel,1,450,26000,True,R019,Depot B,Port Terminal,259.1,4931.9,1.44,2,50.4,-1.57,1.07,105.91
V052,Van,Petrol,2,75,1500,True,R002,Hub North,Metro Area,99.0,499.0,1.72,3,24.5,1.57,1.11,20.29
V047,Semi-Trailer,Diesel,6,450,26000,True,R024,Depot C,Zone 2,102.6,20944.7,1.23,1,66.3,-2.44,1.04,47.4
V049,Truck,Diesel,8,220,8000,True,R022,Central Hub,Metro Area,267.2,3532.4,1.0,2,73.2,-2.42,1.09,76.74
V012,Van,Petrol,1,75,1500,True,R002,Hub North,Metro Area,103.0,1117.5,1.43,3,51.0,2.25,1.06,18.82
V001,Semi-Trailer,Diesel,6,450,26000,True,R002,Hub North,Metro Area,98.5,14585.6,1.54,3,36.6,1.94,1.0,64.88
V055,Van,CNG,6,75,1500,True,R026,Central Hub,Zone 4,111.2,920.0,1.85,3,48.8,1.26,1.03,21.49
V018,Light Commercial,Hybrid,9,100,3500,True,R009,Depot A,Industrial Park,89.1,829.4,1.84,1,28.1,-2.8,1.02,14.44
V040,Van,CNG,2,75,1500,True,R026,Central Hub,Zone 4,111.9,599.2,1.8,3,41.1,-0.2,1.14,19.34
V055,Van,CNG,6,75,1500,True,R015,Central Hub,Zone 3,161.9,942.7,1.99,2,37.7,2.09,1.07,37.8
V003,Bus,Hybrid,9,280,6000,True,R011,Central Hub,Port Terminal,312.0,736.5,1.43,1,50.6,0.2,1.0,93.02
V001,Semi-Trailer,Diesel,6,450,26000,True,R009,Depot A,Industrial Park,88.5,6762.0,1.64,1,29.1,-2.63,1.05,45.29
V001,Semi-Trailer,Diesel,6,450,26000,True,R020,Central Hub,Port Terminal,201.8,11141.5,1.57,2,46.3,-0.91,1.0,94.56
V010,Semi-Trailer,Diesel,12,450,26000,True,R004,Depot C,Zone 3,267.7,17508.5,1.26,3,63.1,2.61,1.02,170.53
V004,Van,Diesel,10,75,1500,True,R013,Central Hub,Metro Area,194.0,799.7,1.84,2,40.3,-2.5,1.08,27.92
V050,Light Commercial,Diesel,2,100,3500,True,R011,Central Hub,Port Terminal,309.5,2488.2,1.28,1,64.2,0.34,1.07,61.08
V037,Van,Petrol,6,75,1500,True,R005,Hub North,Zone 3,170.6,1076.7,1.5,1,49.4,-1.61,1.08,27.14
V059,Light Commercial,Diesel,7,100,3500,True,R011,Central Hub,Port Terminal,312.5,442.4,1.03,1,71.7,0.55,1.09,47.01
V049,Truck,Diesel,8,220,8000,True,R016,Central Hub,Industrial Park,24.2,6931.6,1.38,1,41.4,1.44,1.17,11.99
V058,Truck,Diesel,12,220,8000,True,R021,Depot A,Metro Area,278.2,6404.7,1.0,1,75.1,0.4,1.11,107.62
V015,Van,Diesel,9,75,1500,True,R003,Depot B,Zone 1,294.4,495.6,1.21,2,61.4,-2.31,1.01,31.18
V018,Light Commercial,Hybrid,9,100,3500,True,R027,Depot C,Zone 1,68.3,1791.5,1.56,2,32.2,-1.37,1.13,11.42
V051,Light Commercial,Diesel,8,100,3500,True,R027,Depot C,Zone 1,70.1,1266.7,1.21,2,47.1,-1.57,1.02,12.49
V015,Van,Diesel,9,75,1500,True,R021,Depot A,Metro Area,280.9,1306.0,1.38,1,55.6,0.09,1.05,40.36
V004,Van,Diesel,10,75,1500,True,R028,Central Hub,Zone 4,29.3,638.1,1.69,1,34.5,-0.52,1.03,4.7
V041,Bus,Petrol,6,280,6000,True,R013,Central Hub,Metro Area,191.8,2619.9,1.72,2,42.6,-1.82,1.13,89.83
V049,Truck,Diesel,8,220,8000,True,R025,Hub North,Zone 1,66.6,7001.0,1.52,2,37.3,-3.35,1.08,26.88
V059,Light Commercial,Diesel,7,100,3500,True,R022,Central Hub,Metro Area,263.1,2137.1,1.06,2,71.5,-2.73,1.03,43.81
V056,Semi-Trailer,Diesel,6,450,26000,True,R017,Hub North,Zone 2,145.4,5646.9,1.61,3,50.1,4.7,1.0,95.5
V008,Semi-Trailer,Diesel,1,450,26000,True,R006,Depot C,Zone 1,147.8,16435.0,1.89,2,43.5,4.16,1.09,110.86
V047,Semi-Trailer,Diesel,6,450,26000,True,R017,Hub North,Zone 2,141.3,20157.3,1.6,3,43.1,3.82,1.01,104.99
V051,Light Commercial,Diesel,8,100,3500,True,R028,Central Hub,Zone 4,29.5,1355.1,1.53,1,32.9,-0.53,1.1,6.43
V042,Bus,Hybrid,4,280,6000,True,R030,Central Hub,Industrial Park,311.4,3287.7,1.66,2,48.9,2.47,1.21,118.43
V050,Light Commercial,Diesel,2,100,3500,True,R014,Depot A,Metro Area,53.5,2214.9,1.55,2,36.7,-3.2,1.14,10.18
V051,Light Commercial,Diesel,8,100,3500,True,R008,Depot B,Metro Area,131.0,1868.5,1.78,2,47.0,-2.88,1.06,25.52
V027,Truck,Diesel,10,220,8000,True,R023,Depot B,Zone 2,266.3,7594.0,1.0,3,75.4,-0.44,1.02,96.07
V003,Bus,Hybrid,9,280,6000,True,R003,Depot B,Zone 1,297.2,3184.6,1.17,2,70.1,-1.68,1.03,85.32
V028,Van,Diesel,4,75,1500,True,R005,Hub North,Zone 3,172.0,970.3,1.91,1,36.6,-1.38,1.16,25.69
V013,Truck,Hybrid,5,220,8000,True,R017,Hub North,Zone 2,142.7,6196.4,1.36,3,49.2,3.38,1.06,55.94
V007,Van,Petrol,11,75,1500,True,R030,Central Hub,Industrial Park,314.8,324.1,1.58,2,46.4,3.1,1.02,58.51
V008,Semi-Trailer,Diesel,1,450,26000,True,R010,Hub North,Zone 2,193.8,3570.4,1.53,2,53.9,3.54,1.02,100.53
V042,Bus,Hybrid,4,280,6000,True,R014,Depot A,Metro Area,55.3,5562.2,1.78,2,23.8,-2.78,1.06,21.4
V031,Light Commercial,Diesel,6,100,3500,True,R010,Hub North,Zone 2,197.7,2528.5,1.03,2,67.2,3.57,1.09,44.89
V033,Truck,Diesel,6,220,8000,True,R014,Depot A,Metro Area,57.2,3474.3,1.91,2,19.3,-2.44,1.01,27.04
V045,Light Commercial,Diesel,9,100,3500,True,R001,Depot B,Port Terminal,289.7,402.6,1.37,1,57.5,-2.8,1.09,45.97
V033,Truck,Diesel,6,220,8000,True,R018,Hub North,Port Terminal,155.9,1931.5,1.0,1,69.2,2.91,1.09,55.72
V038,Light Commercial,Diesel,6,100,3500,True,R018,Hub North,Port Terminal,159.5,379.0,1.14,1,68.1,3.26,1.03,33.67
V006,Semi-Trailer,Diesel,8,450,26000,True,R010,Hub North,Zone 2,197.4,11361.7,1.07,2,68.6,3.41,1.08,110.09
V052,Van,Petrol,2,75,1500,True,R008,Depot B,Metro Area,127.6,857.4,1.7,2,41.1,-3.09,1.03,18.87
V027,Truck,Diesel,10,220,8000,True,R023,Depot B,Zone 2,266.8,1892.0,1.05,3,67.6,-1.09,1.02,77.11
V010,Semi-Trailer,Diesel,12,450,26000,True,R006,Depot C,Zone 1,147.4,16740.8,1.87,2,41.0,4.78,1.05,126.75
V049,Truck,Diesel,8,220,8000,True,R002,Hub North,Metro Area,103.1,7288.8,1.66,3,42.2,1.29,1.01,51.36
V045,Light Commercial,Diesel,9,100,3500,True,R002,Hub North,Metro Area,101.3,3296.6,1.24,3,60.4,2.01,1.02,25.56
V004,Van,Diesel,10,75,1500,True,R027,Depot C,Zone 1,70.7,1212.3,1.31,2,39.9,-1.88,1.19,10.52
V012,Van,Petrol,1,75,1500,True,R011,Central Hub,Port Terminal,312.8,716.0,1.13,1,69.0,0.61,1.19,44.99
V001,Semi-Trailer,Diesel,6,450,26000,True,R004,Depot C,Zone 3,269.7,14697.7,1.51,3,53.3,2.74,1.0,162.22
V017,Light Commercial,Hybrid,8,100,3500,True,R027,Depot C,Zone 1,71.6,1847.3,1.31,2,38.8,-1.84,1.01,10.51
V006,Semi-Trailer,Diesel,8,450,26000,True,R005,Hub North,Zone 3,174.2,6040.2,1.91,1,35.0,-0.84,1.0,97.61
V043,Truck,Diesel,9,220,8000,True,R011,Central Hub,Port Terminal,312.3,6610.0,1.06,1,72.4,-0.05,1.0,115.69
V032,Truck,Diesel,8,220,8000,True,R001,Depot B,Port Terminal,288.6,5395.4,1.37,1,57.3,-2.19,1.13,98.65
V059,Light Commercial,Diesel,7,100,3500,True,R021,Depot A,Metro Area,281.5,2247.9,1.25,1,59.5,0.82,1.06,56.23
V045,Light Commercial,Diesel,9,100,3500,True,R021,Depot A,Metro Area,279.5,1005.5,1.2,1,61.6,0.4,1.04,51.24
V037,Van,Petrol,6,75,1500,True,R023,Depot B,Zone 2,266.5,345.3,1.37,3,64.6,-1.55,1.11,35.03
V031,Light Commercial,Diesel,6,100,3500,True,R008,Depot B,Metro Area,131.6,2947.3,1.63,2,40.9,-3.25,1.11,27.33
V004,Van,Diesel,10,75,1500,True,R010,Hub North,Zone 2,200.2,378.8,1.03,2,75.1,3.2,1.07,28.67
V005,Light Commercial,CNG,10,100,3500,True,R029,Depot A,Port Terminal,30.8,569.3,1.01,3,53.9,3.96,1.22,7.74
V037,Van,Petrol,6,75,1500,True,R025,Hub North,Zone 1,67.6,947.6,1.66,2,28.7,-2.98,1.05,11.59
V001,Semi-Trailer,Diesel,6,450,26000,True,R002,Hub North,Metro Area,103.0,18166.0,1.6,3,46.1,1.27,1.07,60.97
V003,Bus,Hybrid,9,280,6000,True,R021,Depot A,Metro Area,280.8,1210.1,1.22,1,60.0,-0.22,1.09,71.85
V014,Light Commercial,Diesel,4,100,3500,True,R025,Hub North,Zone 1,68.8,965.4,1.68,2,29.8,-3.39,1.06,12.87
V054,Light Commercial,Petrol,7,100,3500,True,R017,Hub North,Zone 2,142.3,2696.6,1.39,3,57.4,4.16,1.08,44.52
V028,Van,Diesel,4,75,1500,True,R020,Central Hub,Port Terminal,199.4,1335.2,1.01,2,73.1,0.59,1.03,26.2
V043,Truck,Diesel,9,220,8000,True,R001,Depot B,Port Terminal,288.3,4040.1,1.36,1,67.5,-2.75,1.1,93.51
V025,Truck,Diesel,11,220,8000,True,R001,Depot B,Port Terminal,287.3,6185.6,1.53,1,47.3,-2.77,1.0,109.47
V011,Van,Diesel,6,75,1500,True,R002,Hub North,Metro Area,101.0,557.2,1.59,3,52.6,1.33,1.06,14.88
V023,Semi-Trailer,Diesel,7,450,26000,True,R005,Hub North,Zone 3,172.5,18141.5,1.57,1,50.1,-1.2,1.01,88.22
V006,Semi-Trailer,Diesel,8,450,26000,True,R030,Central Hub,Industrial Park,313.2,14914.6,1.82,2,41.6,2.9,1.0,235.9
V047,Semi-Trailer,Diesel,6,450,26000,True,R020,Central Hub,Port Terminal,200.3,21235.0,1.37,2,60.4,-0.56,1.01,104.7
V012,Van,Petrol,1,75,1500,True,R024,Depot C,Zone 2,103.7,1139.3,1.2,1,56.2,-2.42,1.04,13.89
V023,Semi-Trailer,Diesel,7,450,26000,True,R009,Depot A,Industrial Park,90.0,8879.4,1.77,1,29.9,-2.84,1.27,48.38
V059,Light Commercial,Diesel,7,100,3500,True,R029,Depot A,Port Terminal,30.4,794.6,1.0,3,47.1,4.02,1.17,6.69
V036,Van,Diesel,6,75,1500,True,R006,Depot C,Zone 1,148.8,1179.8,1.81,2,39.8,5.51,1.03,35.64
V028,Van,Diesel,4,75,1500,True,R028,Central Hub,Zone 4,30.1,191.8,1.61,1,29.2,-0.29,1.35,4.28
V033,Truck,Diesel,6,220,8000,True,R001,Depot B,Port Terminal,286.4,5417.5,1.66,1,41.3,-2.42,1.02,108.25
V048,Light Commercial,Petrol,9,100,3500,True,R001,Depot B,Port Terminal,289.3,1765.8,1.6,1,40.3,-2.65,1.04,65.47
V016,Van,Petrol,6,75,1500,True,R003,Depot B,Zone 1,294.6,246.0,1.16,2,66.4,-2.2,1.05,32.97
V039,Truck,Diesel,12,220,8000,True,R024,Depot C,Zone 2,105.7,5482.2,1.0,1,74.7,-1.98,1.01,33.85
V053,Van,CNG,12,75,1500,True,R008,Depot B,Metro Area,131.2,765.7,1.65,2,44.3,-2.47,1.03,23.62
V035,Van,Petrol,9,75,1500,True,R014,Depot A,Metro Area,56.1,1246.6,1.65,2,33.4,-2.7,1.08,9.71
V027,Truck,Diesel,10,220,8000,True,R015,Central Hub,Zone 3,164.4,2218.7,2.0,2,39.3,2.29,1.01,81.0
V009,Semi-Trailer,Diesel,1,450,26000,True,R024,Depot C,Zone 2,102.0,2650.8,1.31,1,56.2,-2.26,1.02,37.11
V015,Van,Diesel,9,75,1500,True,R011,Central Hub,Port Terminal,309.9,316.4,1.03,1,85.2,0.82,1.12,37.55
V057,Light Commercial,Diesel,6,100,3500,True,R001,Depot B,Port Terminal,285.7,1152.1,1.48,1,54.6,-2.26,1.09,48.48
V033,Truck,Diesel,6,220,8000,True,R012,Depot A,Zone 2,53.9,5235.3,1.19,2,51.9,1.85,1.04,22.2
V019,Semi-Trailer,Diesel,11,450,26000,True,R009,Depot A,Industrial Park,88.4,10614.4,1.85,1,25.4,-2.9,1.03,54.36
V026,Semi-Trailer,Diesel,7,450,26000,True,R022,Central Hub,Metro Area,260.9,5213.3,1.0,2,76.0,-2.72,1.09,93.82
V035,Van,Petrol,9,75,1500,True,R023,Depot B,Zone 2,265.7,1401.5,1.0,3,70.0,-0.68,1.16,42.12
V033,Truck,Diesel,6,220,8000,True,R003,Depot B,Zone 1,294.0,1535.9,1.09,2,67.8,-1.86,1.12,77.07
V042,Bus,Hybrid,4,280,6000,True,R024,Depot C,Zone 2,101.5,2411.1,1.0,1,72.7,-2.09,1.09,23.44
V016,Van,Petrol,6,75,1500,True,R003,Depot B,Zone 1,293.4,1267.7,1.1,2,79.9,-2.09,1.06,42.72
V039,Truck,Diesel,12,220,8000,True,R019,Depot B,Port Terminal,257.5,5237.8,1.56,2,45.3,-1.33,1.07,112.19
V027,Truck,Diesel,10,220,8000,True,R012,Depot A,Zone 2,57.8,2974.6,1.34,2,36.5,2.05,1.06,25.35
V057,Light Commercial,Diesel,6,100,3500,True,R010,Hub North,Zone 2,198.8,3236.8,1.12,2,61.4,3.02,1.17,47.83
V010,Semi-Trailer,Diesel,12,450,26000,True,R015,Central Hub,Zone 3,163.2,13674.3,1.83,2,43.0,1.71,1.05,114.18
V009,Semi-Trailer,Diesel,1,450,26000,True,R010,Hub North,Zone 2,197.7,2779.2,1.31,2,53.8,3.87,1.04,101.51
V028,Van,Diesel,4,75,1500,True,R024,Depot C,Zone 2,101.8,157.9,1.0,1,78.7,-2.77,1.16,9.11
V031,Light Commercial,Diesel,6,100,3500,True,R030,Central Hub,Industrial Park,312.6,3149.5,1.81,2,34.3,2.49,1.2,98.03
V042,Bus,Hybrid,4,280,6000,True,R025,Hub North,Zone 1,67.1,2034.0,1.56,2,31.5,-3.1,1.01,19.3
V025,Truck,Diesel,11,220,8000,True,R014,Depot A,Metro Area,56.5,6322.0,1.7,2,22.0,-1.66,1.28,30.81
V055,Van,CNG,6,75,1500,True,R016,Central Hub,Industrial Park,22.0,205.5,1.58,1,29.7,0.67,1.2,3.94
V029,Van,Diesel,12,75,1500,True,R014,Depot A,Metro Area,53.4,337.3,1.77,2,27.1,-2.31,1.08,8.33
V008,Semi-Trailer,Diesel,1,450,26000,True,R024,Depot C,Zone 2,101.7,21534.8,1.26,1,57.3,-2.17,1.04,44.71
V008,Semi-Trailer,Diesel,1,450,26000,True,R017,Hub North,Zone 2,143.0,24569.4,1.48,3,48.8,3.99,1.04,102.59
V059,Light Commercial,Diesel,7,100,3500,True,R015,Central Hub,Zone 3,161.0,504.5,1.84,2,44.6,1.86,1.13,38.1
V009,Semi-Trailer,Diesel,1,450,26000,True,R013,Central Hub,Metro Area,192.1,6304.8,1.6,2,55.7,-2.08,1.09,77.85
V057,Light Commercial,Diesel,6,100,3500,True,R012,Depot A,Zone 2,56.5,2500.7,1.01,2,50.9,1.78,1.04,12.32
V017,Light Commercial,Hybrid,8,100,3500,True,R017,Hub North,Zone 2,143.5,1925.3,1.56,3,44.8,3.57,1.02,28.19
V006,Semi-Trailer,Diesel,8,450,26000,True,R021,Depot A,Metro Area,282.9,11571.8,1.12,1,67.5,0.12,1.13,127.29
V019,Semi-Trailer,Diesel,11,450,26000,True,R013,Central Hub,Metro Area,194.1,6897.7,1.81,2,40.0,-1.54,1.03,101.89
V037,Van,Petrol,6,75,1500,True,R025,Hub North,Zone 1,70.5,1355.4,1.61,2,34.6,-3.05,1.09,12.52
V026,Semi-Trailer,Diesel,7,450,26000,True,R025,Hub North,Zone 1,72.5,6407.1,1.41,2,36.7,-2.63,1.06,33.29
V048,Light Commercial,Petrol,9,100,3500,True,R013,Central Hub,Metro Area,193.3,1139.1,1.72,2,37.2,-1.67,1.15,46.19
V037,Van,Petrol,6,75,1500,True,R028,Central Hub,Zone 4,30.2,563.5,1.35,1,41.3,-0.53,1.15,4.46
V025,Truck,Diesel,11,220,8000,True,R006,Depot C,Zone 1,149.2,1742.4,1.52,2,53.2,4.19,1.03,70.24
V039,Truck,Diesel,12,220,8000,True,R028,Central Hub,Zone 4,29.2,4446.4,1.38,1,42.2,-0.7,1.11,11.19
V059,Light Commercial,Diesel,7,100,3500,True,R009,Depot A,Industrial Park,88.7,1365.4,1.7,1,27.3,-3.11,1.02,19.38
V025,Truck,Diesel,11,220,8000,True,R017,Hub North,Zone 2,141.8,4933.4,1.61,3,47.8,4.12,1.01,77.67
V010,Semi-Trailer,Diesel,12,450,26000,True,R009,Depot A,Industrial Park,89.1,10729.7,1.73,1,24.1,-2.46,1.12,52.95
V025,Truck,Diesel,11,220,8000,True,R014,Depot A,Metro Area,54.0,1591.7,1.93,2,25.8,-1.82,1.07,22.91
V051,Light Commercial,Diesel,8,100,3500,True,R011,Central Hub,Port Terminal,310.4,2946.0,1.02,1,74.9,0.72,1.01,64.66
V014,Light Commercial,Diesel,4,100,3500,True,R022,Central Hub,Metro Area,264.7,1866.2,1.04,2,69.3,-3.01,1.02,40.12
V057,Light Commercial,Diesel,6,100,3500,True,R003,Depot B,Zone 1,294.2,1307.5,1.33,2,57.9,-2.24,1.01,47.18
V036,Van,Diesel,6,75,1500,True,R026,Central Hub,Zone 4,109.1,170.9,1.46,3,52.0,0.46,1.03,13.11
V037,Van,Petrol,6,75,1500,True,R028,Central Hub,Zone 4,27.8,912.3,1.4,1,33.9,-0.19,1.09,4.7
V020,Truck,Diesel,4,220,8000,True,R017,Hub North,Zone 2,141.1,6121.0,1.37,3,60.4,4.14,1.09,68.42
V056,Semi-Trailer,Diesel,6,450,26000,True,R017,Hub North,Zone 2,141.5,16966.4,1.5,3,49.0,4.45,1.06,105.38
V003,Bus,Hybrid,9,280,6000,True,R021,Depot A,Metro Area,280.2,4617.4,1.18,1,63.8,0.06,1.06,93.89
V018,Light Commercial,Hybrid,9,100,3500,True,R006,Depot C,Zone 1,148.0,811.1,1.85,2,34.7,4.73,1.2,34.62
V026,Semi-Trailer,Diesel,7,450,26000,True,R023,Depot B,Zone 2,268.1,24074.6,1.21,3,64.1,-1.66,1.13,133.58
V029,Van,Diesel,12,75,1500,True,R007,Central Hub,Industrial Park,288.6,419.4,1.1,3,66.0,1.29,1.11,37.88
V029,Van,Diesel,12,75,1500,True,R021,Depot A,Metro Area,281.2,490.1,1.16,1,68.4,-0.31,1.35,33.3
V009,Semi-Trailer,Diesel,1,450,26000,True,R010,Hub North,Zone 2,198.7,13922.5,1.21,2,56.7,3.82,1.16,110.45
V014,Light Commercial,Diesel,4,100,3500,True,R023,Depot B,Zone 2,266.8,365.5,1.28,3,60.3,-1.13,1.05,37.93
V006,Semi-Trailer,Diesel,8,450,26000,True,R024,Depot C,Zone 2,103.4,12378.1,1.5,1,41.1,-2.32,1.05,51.62
V035,Van,Petrol,9,75,1500,True,R007,Central Hub,Industrial Park,288.9,399.5,1.41,3,55.8,0.55,1.12,46.47
V022,Truck,Diesel,10,220,8000,True,R019,Depot B,Port Terminal,258.6,5893.3,1.32,2,56.2,-1.54,1.28,101.23
V034,Van,Diesel,10,75,1500,True,R015,Central Hub,Zone 3,165.9,1116.1,1.8,2,43.4,1.98,1.02,31.82
V036,Van,Diesel,6,75,1500,True,R009,Depot A,Industrial Park,85.0,935.1,1.74,1,26.4,-2.1,1.05,13.58
V043,Truck,Diesel,9,220,8000,True,R018,Hub North,Port Terminal,157.2,3667.5,1.0,1,71.2,3.34,1.0,62.89
V033,Truck,Diesel,6,220,8000,True,R030,Central Hub,Industrial Park,313.3,2909.6,1.74,2,41.4,3.05,1.06,158.59
V039,Truck,Diesel,12,220,8000,True,R001,Depot B,Port Terminal,290.0,6426.7,1.15,1,66.0,-1.69,1.03,104.43
V036,Van,Diesel,6,75,1500,True,R029,Depot A,Port Terminal,33.2,796.5,1.21,3,43.5,3.94,1.02,5.59
V040,Van,CNG,2,75,1500,True,R026,Central Hub,Zone 4,109.8,783.0,1.68,3,45.9,0.97,1.01,18.72
V037,Van,Petrol,6,75,1500,True,R016,Central Hub,Industrial Park,24.7,294.6,1.54,1,28.6,1.11,1.14,4.62
V019,Semi-Trailer,Diesel,11,450,26000,True,R019,Depot B,Port Terminal,256.2,7426.3,1.69,2,51.7,-1.86,1.06,123.54
V015,Van,Diesel,9,75,1500,True,R012,Depot A,Zone 2,53.5,609.6,1.0,2,51.3,1.99,1.13,7.43
V048,Light Commercial,Petrol,9,100,3500,True,R004,Depot C,Zone 3,267.7,2429.1,1.34,3,53.4,3.17,1.02,81.64
V021,Van,Diesel,10,75,1500,True,R018,Hub North,Port Terminal,157.1,1227.7,1.18,1,65.3,2.77,1.02,24.64
V033,Truck,Diesel,6,220,8000,True,R025,Hub North,Zone 1,66.0,7551.4,1.55,2,33.4,-2.9,1.0,27.31
V012,Van,Petrol,1,75,1500,True,R007,Central Hub,Industrial Park,288.5,695.0,1.06,3,70.2,1.0,1.03,38.71
V026,Semi-Trailer,Diesel,7,450,26000,True,R022,Central Hub,Metro Area,265.1,12615.8,1.3,2,56.4,-2.67,1.18,113.15
V032,Truck,Diesel,8,220,8000,True,R023,Depot B,Zone 2,268.1,6009.2,1.14,3,69.8,-2.2,1.02,85.48
V038,Light Commercial,Diesel,6,100,3500,True,R023,Depot B,Zone 2,265.8,1305.7,1.09,3,75.7,-0.35,1.02,43.92
V032,Truck,Diesel,8,220,8000,True,R011,Central Hub,Port Terminal,311.3,4475.5,1.12,1,58.6,0.39,1.01,105.78
V022,Truck,Diesel,10,220,8000,True,R012,Depot A,Zone 2,55.2,5403.7,1.09,2,50.7,1.59,1.23,23.96
V058,Truck,Diesel,12,220,8000,True,R013,Central Hub,Metro Area,194.7,2406.5,1.51,2,49.7,-2.35,1.02,66.92
V031,Light Commercial,Diesel,6,100,3500,True,R026,Central Hub,Zone 4,107.7,1181.8,1.77,3,43.2,0.41,1.04,23.79
V049,Truck,Diesel,8,220,8000,True,R028,Central Hub,Zone 4,28.6,3222.1,1.38,1,41.6,-0.74,1.08,9.89
V045,Light Commercial,Diesel,9,100,3500,True,R013,Central Hub,Metro Area,192.2,2068.6,1.79,2,31.3,-2.19,1.01,48.01
V034,Van,Diesel,10,75,1500,True,R030,Central Hub,Industrial Park,312.2,494.8,1.75,2,46.2,2.65,1.27,55.06
V054,Light Commercial,Petrol,7,100,3500,True,R018,Hub North,Port Terminal,157.2,969.3,1.3,1,62.7,2.99,1.01,40.62
V008,Semi-Trailer,Diesel,1,450,26000,True,R012,Depot A,Zone 2,55.0,5904.1,1.12,2,42.0,2.73,1.01,28.11
V056,Semi-Trailer,Diesel,6,450,26000,True,R001,Depot B,Port Terminal,287.3,20485.7,1.37,1,49.2,-2.05,1.02,139.94
V052,Van,Petrol,2,75,1500,True,R019,Depot B,Port Terminal,258.1,1279.6,1.25,2,66.6,-1.19,1.01,39.07
V031,Light Commercial,Diesel,6,100,3500,True,R020,Central Hub,Port Terminal,199.8,3041.5,1.68,2,37.6,-0.35,1.01,50.12
V045,Light Commercial,Diesel,9,100,3500,True,R030,Central Hub,Industrial Park,313.4,2794.4,1.77,2,44.1,2.96,1.04,94.84
V032,Truck,Diesel,8,220,8000,True,R022,Central Hub,Metro Area,263.4,1733.6,1.0,2,79.1,-2.49,1.07,71.93
V017,Light Commercial,Hybrid,8,100,3500,True,R001,Depot B,Port Terminal,288.1,640.8,1.74,1,44.6,-2.64,1.02,39.88
V048,Light Commercial,Petrol,9,100,3500,True,R018,Hub North,Port Terminal,157.6,1835.0,1.26,1,61.6,2.61,1.04,40.78
V015,Van,Diesel,9,75,1500,True,R023,Depot B,Zone 2,263.9,814.8,1.0,3,73.9,-0.68,1.16,31.22
V019,Semi-Trailer,Diesel,11,450,26000,True,R015,Central Hub,Zone 3,164.7,18795.4,1.7,2,46.0,2.24,1.06,115.71
V032,Truck,Diesel,8,220,8000,True,R013,Central Hub,Metro Area,191.5,2315.6,1.67,2,42.1,-1.87,1.02,67.16
V051,Light Commercial,Diesel,8,100,3500,True,R025,Hub North,Zone 1,70.2,3119.6,1.36,2,34.5,-3.55,1.05,14.46
V024,Van,Diesel,7,75,1500,True,R019,Depot B,Port Terminal,258.9,545.2,1.46,2,51.7,-1.76,1.01,32.31
V030,Van,Diesel,11,75,1500,True,R021,Depot A,Metro Area,281.4,886.7,1.36,1,49.1,-0.45,1.15,40.86
V003,Bus,Hybrid,9,280,6000,True,R014,Depot A,Metro Area,53.5,5007.5,1.58,2,33.9,-2.48,1.04,19.54
V007,Van,Petrol,11,75,1500,True,R009,Depot A,Industrial Park,87.9,817.4,1.75,1,18.6,-2.42,1.01,17.75
V004,Van,Diesel,10,75,1500,True,R016,Central Hub,Industrial Park,20.7,1110.8,1.74,1,30.3,0.83,1.04,3.94
V005,Light Commercial,CNG,10,100,3500,True,R029,Depot A,Port Terminal,29.7,2578.4,1.19,3,43.8,4.0,1.05,9.15
V053,Van,CNG,12,75,1500,True,R019,Depot B,Port Terminal,259.9,1157.3,1.46,2,48.2,-1.47,1.08,48.12
V051,Light Commercial,Diesel,8,100,3500,True,R022,Central Hub,Metro Area,266.3,2762.9,1.0,2,70.1,-2.56,1.03,45.9
V050,Light Commercial,Diesel,2,100,3500,True,R004,Depot C,Zone 3,266.4,1517.6,1.42,3,51.0,2.49,1.03,59.51
V004,Van,Diesel,10,75,1500,True,R030,Central Hub,Industrial Park,313.1,613.5,1.49,2,52.8,2.82,1.05,51.58
V005,Light Commercial,CNG,10,100,3500,True,R008,Depot B,Metro Area,128.9,2740.4,1.69,2,45.9,-2.58,1.01,30.33
V017,Light Commercial,Hybrid,8,100,3500,True,R030,Central Hub,Industrial Park,314.7,2074.6,1.67,2,40.4,3.55,1.17,70.33
V034,Van,Diesel,10,75,1500,True,R014,Depot A,Metro Area,52.4,924.8,1.96,2,25.9,-2.62,1.03,8.7
V021,Van,Diesel,10,75,1500,True,R028,Central Hub,Zone 4,27.6,675.2,1.38,1,37.2,-0.29,1.01,4.08
V030,Van,Diesel,11,75,1500,True,R027,Depot C,Zone 1,71.1,407.1,1.18,2,43.4,-1.26,1.15,8.45
V011,Van,Diesel,6,75,1500,True,R023,Depot B,Zone 2,263.6,732.6,1.0,3,71.1,-1.1,1.14,28.72
V044,Van,CNG,4,75,1500,True,R028,Central Hub,Zone 4,29.3,1386.3,1.54,1,33.2,-0.05,1.35,6.26
V019,Semi-Trailer,Diesel,11,450,26000,True,R019,Depot B,Port Terminal,258.2,9028.2,1.41,2,57.0,-1.16,1.14,119.54
V004,Van,Diesel,10,75,1500,True,R026,Central Hub,Zone 4,112.6,496.8,1.62,3,48.4,1.09,1.02,16.69
V045,Light Commercial,Diesel,9,100,3500,True,R006,Depot C,Zone 1,147.5,739.1,1.64,2,47.2,4.62,1.09,36.81
V055,Van,CNG,6,75,1500,True,R003,Depot B,Zone 1,293.9,763.5,1.16,2,71.2,-0.72,1.05,40.83
V001,Semi-Trailer,Diesel,6,450,26000,True,R017,Hub North,Zone 2,144.1,8976.5,1.36,3,55.6,3.98,1.22,89.71
V027,Truck,Diesel,10,220,8000,True,R025,Hub North,Zone 1,68.7,5472.4,1.37,2,33.2,-2.22,1.25,28.1
V050,Light Commercial,Diesel,2,100,3500,True,R023,Depot B,Zone 2,265.5,752.0,1.3,3,54.1,-0.71,1.03,43.28
V043,Truck,Diesel,9,220,8000,True,R016,Central Hub,Industrial Park,22.7,2481.7,1.54,1,33.3,1.48,1.03,10.27
V052,Van,Petrol,2,75,1500,True,R016,Central Hub,Industrial Park,23.2,228.9,1.7,1,23.6,0.81,1.11,4.4
V025,Truck,Diesel,11,220,8000,True,R019,Depot B,Port Terminal,260.6,1082.0,1.42,2,51.7,-1.3,1.0,82.06
V023,Semi-Trailer,Diesel,7,450,26000,True,R027,Depot C,Zone 1,71.6,20592.6,1.25,2,41.9,-1.04,1.04,37.27
V043,Truck,Diesel,9,220,8000,True,R026,Central Hub,Zone 4,113.8,6960.0,1.77,3,47.0,0.11,1.23,52.29
V010,Semi-Trailer,Diesel,12,450,26000,True,R004,Depot C,Zone 3,267.2,19481.9,1.51,3,43.6,2.9,1.04,195.81
V015,Van,Diesel,9,75,1500,True,R018,Hub North,Port Terminal,156.8,1253.1,1.26,1,60.1,1.92,1.03,24.66
V037,Van,Petrol,6,75,1500,True,R012,Depot A,Zone 2,54.8,260.4,1.32,2,37.5,1.85,1.03,9.36
V041,Bus,Petrol,6,280,6000,True,R024,Depot C,Zone 2,101.6,5180.5,1.05,1,71.9,-2.6,1.01,41.39
V008,Semi-Trailer,Diesel,1,450,26000,True,R016,Central Hub,Industrial Park,21.1,12899.5,1.41,1,36.0,0.85,1.16,11.51
V031,Light Commercial,Diesel,6,100,3500,True,R030,Central Hub,Industrial Park,315.7,2636.7,1.78,2,41.9,4.09,1.02,97.68
V022,Truck,Diesel,10,220,8000,True,R013,Central Hub,Metro Area,193.5,4987.1,1.9,2,45.1,-1.21,1.02,83.58
V031,Light Commercial,Diesel,6,100,3500,True,R021,Depot A,Metro Area,279.1,1390.9,1.42,1,57.6,-0.45,1.05,54.44
V058,Truck,Diesel,12,220,8000,True,R004,Depot C,Zone 3,269.1,2600.6,1.3,3,66.2,3.19,1.05,103.88
V005,Light Commercial,CNG,10,100,3500,True,R028,Central Hub,Zone 4,30.3,701.4,1.58,1,31.6,-0.19,1.07,7.4
V060,Light Commercial,Diesel,7,100,3500,True,R005,Hub North,Zone 3,173.2,1577.6,1.91,1,37.6,-1.59,1.25,41.25
V027,Truck,Diesel,10,220,8000,True,R012,Depot A,Zone 2,53.2,4159.9,1.17,2,38.8,1.99,1.07,23.29
V047,Semi-Trailer,Diesel,6,450,26000,True,R026,Central Hub,Zone 4,111.8,24326.8,1.78,3,40.1,0.65,1.01,76.81
V026,Semi-Trailer,Diesel,7,450,26000,True,R030,Central Hub,Industrial Park,313.7,3424.1,1.68,2,47.4,2.38,1.12,187.48
V019,Semi-Trailer,Diesel,11,450,26000,True,R015,Central Hub,Zone 3,164.9,15642.3,1.69,2,47.8,1.39,1.07,106.02
V047,Semi-Trailer,Diesel,6,450,26000,True,R015,Central Hub,Zone 3,163.1,14202.4,1.71,2,46.6,1.87,1.06,100.55
V042,Bus,Hybrid,4,280,6000,True,R002,Hub North,Metro Area,97.1,716.8,1.52,3,30.1,1.82,1.23,36.49
V009,Semi-Trailer,Diesel,1,450,26000,True,R030,Central Hub,Industrial Park,312.2,9887.3,1.43,2,49.8,2.64,1.25,177.92
V043,Truck,Diesel,9,220,8000,True,R001,Depot B,Port Terminal,288.2,3675.9,1.51,1,57.4,-2.7,1.19,97.91
V046,Truck,Diesel,4,220,8000,True,R001,Depot B,Port Terminal,288.4,4161.0,1.48,1,47.2,-2.42,1.0,97.74
V024,Van,Diesel,7,75,1500,True,R015,Central Hub,Zone 3,166.5,447.7,1.92,2,44.6,2.15,1.08,29.01
V056,Semi-Trailer,Diesel,6,450,26000,True,R001,Depot B,Port Terminal,289.2,3353.6,1.68,1,46.3,-2.41,1.04,125.27
V039,Truck,Diesel,12,220,8000,True,R005,Hub North,Zone 3,172.2,2798.1,2.0,1,34.6,-0.8,1.08,79.59
V021,Van,Diesel,10,75,1500,True,R019,Depot B,Port Terminal,258.0,1216.4,1.68,2,39.8,-1.92,1.02,40.98
V001,Semi-Trailer,Diesel,6,450,26000,True,R022,Central Hub,Metro Area,265.8,20453.7,1.0,2,72.2,-2.58,1.03,110.58
V041,Bus,Petrol,6,280,6000,True,R009,Depot A,Industrial Park,87.6,1521.8,1.5,1,35.1,-2.66,1.05,40.03
V013,Truck,Hybrid,5,220,8000,True,R024,Depot C,Zone 2,101.6,5194.8,1.28,1,55.0,-2.03,1.1,25.48
V046,Truck,Diesel,4,220,8000,True,R019,Depot B,Port Terminal,256.4,7080.8,1.68,2,50.9,-1.95,1.07,99.94
V032,Truck,Diesel,8,220,8000,True,R007,Central Hub,Industrial Park,289.6,1970.3,1.53,3,48.1,1.42,1.05,117.85
V029,Van,Diesel,12,75,1500,True,R022,Central Hub,Metro Area,264.7,314.1,1.17,2,66.8,-3.34,1.01,25.8
V010,Semi-Trailer,Diesel,12,450,26000,True,R018,Hub North,Port Terminal,156.5,3089.4,1.0,1,77.5,3.47,1.0,83.91
V043,Truck,Diesel,9,220,8000,True,R025,Hub North,Zone 1,68.1,1972.4,1.57,2,38.2,-3.03,1.05,23.47
V010,Semi-Trailer,Diesel,12,450,26000,True,R005,Hub North,Zone 3,172.9,20588.4,1.88,1,38.1,-1.23,1.02,117.68
V026,Semi-Trailer,Diesel,7,450,26000,True,R007,Central Hub,Industrial Park,287.1,20589.2,1.49,3,50.8,1.18,1.02,175.94
V051,Light Commercial,Diesel,8,100,3500,True,R010,Hub North,Zone 2,197.0,1957.8,1.42,2,47.0,3.84,1.01,52.49
V056,Semi-Trailer,Diesel,6,450,26000,True,R011,Central Hub,Port Terminal,310.4,9971.8,1.31,1,57.8,0.22,1.06,145.01
V060,Light Commercial,Diesel,7,100,3500,True,R027,Depot C,Zone 1,70.9,2750.2,1.16,2,47.6,-1.37,1.02,13.82
V058,Truck,Diesel,12,220,8000,True,R022,Central Hub,Metro Area,263.6,2126.1,1.0,2,75.9,-1.91,1.05,82.75
V034,Van,Diesel,10,75,1500,True,R017,Hub North,Zone 2,142.1,328.3,1.61,3,55.8,3.88,1.27,24.63
V013,Truck,Hybrid,5,220,8000,True,R017,Hub North,Zone 2,140.8,1406.6,1.41,3,55.2,5.08,1.1,48.77
V051,Light Commercial,Diesel,8,100,3500,True,R027,Depot C,Zone 1,70.5,2882.7,1.47,2,31.8,-1.46,1.23,17.16
V049,Truck,Diesel,8,220,8000,True,R014,Depot A,Metro Area,54.7,5660.9,1.53,2,34.4,-2.68,1.04,22.15
V060,Light Commercial,Diesel,7,100,3500,True,R007,Central Hub,Industrial Park,287.0,2208.1,1.39,3,48.3,0.29,1.06,58.98
V040,Van,CNG,2,75,1500,True,R005,Hub North,Zone 3,172.4,1077.5,1.85,1,37.4,-1.54,1.08,30.9
V009,Semi-Trailer,Diesel,1,450,26000,True,R010,Hub North,Zone 2,198.9,5770.9,1.18,2,58.7,2.72,1.0,91.0
V031,Light Commercial,Diesel,6,100,3500,True,R020,Central Hub,Port Terminal,200.0,1494.7,1.21,2,62.0,-0.37,1.05,34.08
V027,Truck,Diesel,10,220,8000,True,R015,Central Hub,Zone 3,164.8,6336.0,1.5,2,49.7,1.69,1.26,83.44
V051,Light Commercial,Diesel,8,100,3500,True,R013,Central Hub,Metro Area,191.8,3077.4,1.61,2,51.4,-2.33,1.16,41.5
V024,Van,Diesel,7,75,1500,True,R015,Central Hub,Zone 3,163.1,804.2,1.73,2,42.9,2.1,1.04,27.84
V020,Truck,Diesel,4,220,8000,True,R030,Central Hub,Industrial Park,312.2,1630.0,1.84,2,36.8,2.83,1.09,148.16
V005,Light Commercial,CNG,10,100,3500,True,R030,Central Hub,Industrial Park,312.9,3261.1,1.55,2,54.5,2.67,1.03,97.9
V051,Light Commercial,Diesel,8,100,3500,True,R005,Hub North,Zone 3,172.1,1525.2,1.87,1,28.4,-1.58,1.02,41.24
V046,Truck,Diesel,4,220,8000,True,R004,Depot C,Zone 3,266.9,2969.2,1.11,3,68.0,3.11,1.09,97.29
V003,Bus,Hybrid,9,280,6000,True,R008,Depot B,Metro Area,129.1,1212.0,1.72,2,44.4,-2.71,1.01,35.51
V027,Truck,Diesel,10,220,8000,True,R026,Central Hub,Zone 4,110.6,885.9,1.41,3,53.0,0.26,1.09,36.27
V029,Van,Diesel,12,75,1500,True,R014,Depot A,Metro Area,52.5,919.7,2.1,2,25.8,-2.46,1.02,9.31
V029,Van,Diesel,12,75,1500,True,R026,Central Hub,Zone 4,113.2,930.8,1.73,3,43.8,0.52,1.02,18.58
V056,Semi-Trailer,Diesel,6,450,26000,True,R020,Central Hub,Port Terminal,198.2,7776.7,1.0,2,77.0,-0.66,1.1,78.04
V010,Semi-Trailer,Diesel,12,450,26000,True,R017,Hub North,Zone 2,141.5,6179.9,1.42,3,50.3,4.11,1.01,92.34
V019,Semi-Trailer,Diesel,11,450,26000,True,R009,Depot A,Industrial Park,86.9,14269.0,1.58,1,25.8,-2.29,1.16,55.93
V011,Van,Diesel,6,75,1500,True,R011,Central Hub,Port Terminal,312.0,705.1,1.07,1,69.8,0.74,1.12,39.49
V015,Van,Diesel,9,75,1500,True,R005,Hub North,Zone 3,174.2,537.2,1.75,1,38.9,-1.54,1.22,24.8
V055,Van,CNG,6,75,1500,True,R016,Central Hub,Industrial Park,22.0,428.2,1.46,1,31.3,1.21,1.02,4.07
V057,Light Commercial,Diesel,6,100,3500,True,R009,Depot A,Industrial Park,88.2,2906.4,1.59,1,36.1,-2.91,1.07,19.23
V003,Bus,Hybrid,9,280,6000,True,R009,Depot A,Industrial Park,90.1,5617.5,1.54,1,38.8,-2.9,1.12,31.2
V038,Light Commercial,Diesel,6,100,3500,True,R002,Hub North,Metro Area,98.1,1407.9,1.75,3,33.1,1.68,1.07,26.75
V014,Light Commercial,Diesel,4,100,3500,True,R024,Depot C,Zone 2,104.8,2426.9,1.32,1,60.6,-1.67,1.07,20.11
V012,Van,Petrol,1,75,1500,True,R029,Depot A,Port Terminal,34.5,1253.6,1.09,3,46.0,3.97,1.01,6.36
V018,Light Commercial,Hybrid,9,100,3500,True,R015,Central Hub,Zone 3,159.9,430.1,1.81,2,45.6,1.69,1.05,28.35
V012,Van,Petrol,1,75,1500,True,R017,Hub North,Zone 2,142.7,1307.8,1.36,3,56.5,4.85,1.35,31.04
V030,Van,Diesel,11,75,1500,True,R028,Central Hub,Zone 4,28.9,786.4,1.48,1,41.6,-0.62,1.1,4.2
V060,Light Commercial,Diesel,7,100,3500,True,R016,Central Hub,Industrial Park,22.2,2006.3,1.59,1,27.7,1.83,1.04,6.35
V036,Van,Diesel,6,75,1500,True,R019,Depot B,Port Terminal,257.4,838.3,1.44,2,54.9,-1.84,1.19,33.71
V044,Van,CNG,4,75,1500,True,R013,Central Hub,Metro Area,193.4,459.7,1.75,2,37.8,-2.3,1.03,29.97
V030,Van,Diesel,11,75,1500,True,R016,Central Hub,Industrial Park,22.4,1147.4,1.61,1,33.8,0.87,1.12,4.26
V001,Semi-Trailer,Diesel,6,450,26000,True,R016,Central Hub,Industrial Park,21.2,18784.7,1.4,1,28.8,0.84,1.35,14.81
V006,Semi-Trailer,Diesel,8,450,26000,True,R022,Central Hub,Metro Area,263.8,4717.0,1.28,2,53.8,-2.98,1.05,104.95
V017,Light Commercial,Hybrid,8,100,3500,True,R019,Depot B,Port Terminal,258.8,2024.3,1.44,2,47.0,-0.6,1.1,40.41
V015,Van,Diesel,9,75,1500,True,R016,Central Hub,Industrial Park,20.8,1370.2,1.81,1,28.6,1.07,1.01,4.49
V051,Light Commercial,Diesel,8,100,3500,True,R003,Depot B,Zone 1,291.9,2941.7,1.14,2,67.0,-1.47,1.08,54.37
V051,Light Commercial,Diesel,8,100,3500,True,R028,Central Hub,Zone 4,33.0,2212.1,1.77,1,38.1,-0.69,1.05,7.45
V052,Van,Petrol,2,75,1500,True,R027,Depot C,Zone 1,69.4,403.3,1.43,2,34.7,-1.84,1.14,10.38
V039,Truck,Diesel,12,220,8000,True,R006,Depot C,Zone 1,147.5,3161.1,1.79,2,44.9,4.85,1.01,82.33
V034,Van,Diesel,10,75,1500,True,R009,Depot A,Industrial Park,87.9,341.7,1.6,1,31.9,-3.19,1.3,11.68
V039,Truck,Diesel,12,220,8000,True,R030,Central Hub,Industrial Park,314.6,6389.1,1.56,2,50.7,2.46,1.03,162.01
V025,Truck,Diesel,11,220,8000,True,R010,Hub North,Zone 2,200.5,6095.0,1.29,2,58.7,3.4,1.09,97.89
V041,Bus,Petrol,6,280,6000,True,R025,Hub North,Zone 1,69.2,5242.8,1.54,2,36.8,-2.53,1.02,35.78
V048,Light Commercial,Petrol,9,100,3500,True,R024,Depot C,Zone 2,99.5,538.6,1.05,1,43.3,-2.42,1.14,18.29
V046,Truck,Diesel,4,220,8000,True,R026,Central Hub,Zone 4,109.9,7360.1,1.87,3,30.2,0.71,1.05,60.24
V037,Van,Petrol,6,75,1500,True,R001,Depot B,Port Terminal,287.7,1382.2,1.5,1,51.8,-2.37,1.1,46.83
V004,Van,Diesel,10,75,1500,True,R015,Central Hub,Zone 3,163.6,1009.9,1.94,2,31.5,2.32,1.01,35.89
V044,Van,CNG,4,75,1500,True,R017,Hub North,Zone 2,140.2,1274.2,1.38,3,59.5,3.6,1.18,29.49
V022,Truck,Diesel,10,220,8000,True,R026,Central Hub,Zone 4,113.2,3781.4,1.9,3,37.3,0.83,1.14,55.23
V045,Light Commercial,Diesel,9,100,3500,True,R007,Central Hub,Industrial Park,285.9,1282.4,1.38,3,50.4,0.57,1.0,59.33
V033,Truck,Diesel,6,220,8000,True,R010,Hub North,Zone 2,200.0,1849.7,1.39,2,64.8,3.87,1.0,81.65
V053,Van,CNG,12,75,1500,True,R006,Depot C,Zone 1,150.4,190.3,1.91,2,39.3,4.11,1.06,34.73
V021,Van,Diesel,10,75,1500,True,R023,Depot B,Zone 2,266.1,203.5,1.16,3,64.0,-1.01,1.01,29.0
V056,Semi-Trailer,Diesel,6,450,26000,True,R030,Central Hub,Industrial Park,314.5,17883.6,1.65,2,48.6,2.88,1.01,212.71
V051,Light Commercial,Diesel,8,100,3500,True,R005,Hub North,Zone 3,170.3,1351.3,2.07,1,39.5,-1.85,1.02,37.28
V020,Truck,Diesel,4,220,8000,True,R007,Central Hub,Industrial Park,288.4,1167.6,1.26,3,64.3,0.14,1.07,85.64
V029,Van,Diesel,12,75,1500,True,R010,Hub North,Zone 2,197.1,293.1,1.32,2,51.4,3.27,1.01,31.29
V032,Truck,Diesel,8,220,8000,True,R027,Depot C,Zone 1,68.8,5323.9,1.19,2,44.1,-1.56,1.12,25.37
V047,Semi-Trailer,Diesel,6,450,26000,True,R014,Depot A,Metro Area,54.6,23344.8,1.51,2,31.9,-2.81,1.07,31.41
V042,Bus,Hybrid,4,280,6000,True,R009,Depot A,Industrial Park,87.8,2680.7,1.53,1,29.1,-2.65,1.16,27.04
V052,Van,Petrol,2,75,1500,True,R010,Hub North,Zone 2,197.3,1141.5,1.27,2,59.2,2.75,1.18,36.26
V023,Semi-Trailer,Diesel,7,450,26000,True,R018,Hub North,Port Terminal,159.0,24116.2,1.17,1,57.1,2.63,1.05,98.34
V031,Light Commercial,Diesel,6,100,3500,True,R012,Depot A,Zone 2,54.0,2457.2,1.21,2,45.0,2.33,1.16,12.79
V026,Semi-Trailer,Diesel,7,450,26000,True,R005,Hub North,Zone 3,174.7,18578.4,1.97,1,36.9,-1.17,1.04,107.91
V055,Van,CNG,6,75,1500,True,R025,Hub North,Zone 1,66.3,935.3,1.58,2,29.8,-3.1,1.18,11.85
V019,Semi-Trailer,Diesel,11,450,26000,True,R013,Central Hub,Metro Area,194.6,24206.7,1.57,2,47.1,-1.8,1.2,119.71
V036,Van,Diesel,6,75,1500,True,R008,Depot B,Metro Area,127.5,532.3,1.74,2,42.5,-3.07,1.06,15.38
V008,Semi-Trailer,Diesel,1,450,26000,True,R022,Central Hub,Metro Area,264.1,19904.0,1.13,2,71.2,-2.01,1.22,110.74
V052,Van,Petrol,2,75,1500,True,R023,Depot B,Zone 2,265.8,679.2,1.08,3,64.8,-0.19,1.05,34.58
V024,Van,Diesel,7,75,1500,True,R005,Hub North,Zone 3,171.6,348.2,1.87,1,38.6,-1.38,1.02,23.29
V021,Van,Diesel,10,75,1500,True,R003,Depot B,Zone 1,295.6,1092.7,1.09,2,67.8,-0.62,1.07,38.45
V035,Van,Petrol,9,75,1500,True,R002,Hub North,Metro Area,103.0,1207.5,1.54,3,44.5,1.51,1.25,21.44
V030,Van,Diesel,11,75,1500,True,R023,Depot B,Zone 2,268.3,1251.1,1.14,3,66.2,-1.52,1.11,35.66
V051,Light Commercial,Diesel,8,100,3500,True,R019,Depot B,Port Terminal,257.4,3092.6,1.68,2,41.7,-1.92,1.11,57.78
V032,Truck,Diesel,8,220,8000,True,R024,Depot C,Zone 2,102.1,5865.4,1.35,1,50.1,-2.36,1.02,36.8
V032,Truck,Diesel,8,220,8000,True,R019,Depot B,Port Terminal,256.8,4387.8,1.5,2,52.2,-0.72,1.0,89.18
V007,Van,Petrol,11,75,1500,True,R013,Central Hub,Metro Area,190.7,1346.8,1.7,2,50.3,-2.01,1.01,34.82
V002,Truck,Diesel,11,220,8000,True,R018,Hub North,Port Terminal,155.9,2225.0,1.0,1,75.2,2.44,1.29,60.62
V024,Van,Diesel,7,75,1500,True,R022,Central Hub,Metro Area,263.4,248.6,1.36,2,54.8,-3.02,1.11,27.52
V060,Light Commercial,Diesel,7,100,3500,True,R012,Depot A,Zone 2,55.6,1634.1,1.31,2,37.8,2.38,1.05,13.63
V056,Semi-Trailer,Diesel,6,450,26000,True,R028,Central Hub,Zone 4,27.1,15467.0,1.58,1,29.5,-0.11,1.2,16.08
V038,Light Commercial,Diesel,6,100,3500,True,R027,Depot C,Zone 1,70.3,2373.0,1.0,2,54.7,-1.8,1.06,12.47
V038,Light Commercial,Diesel,6,100,3500,True,R025,Hub North,Zone 1,70.6,2775.9,1.53,2,33.1,-3.82,1.01,14.78
V024,Van,Diesel,7,75,1500,True,R030,Central Hub,Industrial Park,315.5,184.1,1.65,2,36.7,2.47,1.01,51.59
V011,Van,Diesel,6,75,1500,True,R012,Depot A,Zone 2,54.3,1172.6,1.25,2,44.7,2.61,1.11,9.0
V001,Semi-Trailer,Diesel,6,450,26000,True,R004,Depot C,Zone 3,266.0,15862.8,1.23,3,64.7,3.25,1.03,157.67
V021,Van,Diesel,10,75,1500,True,R015,Central Hub,Zone 3,164.7,1365.0,1.78,2,44.7,1.83,1.09,31.32
V019,Semi-Trailer,Diesel,11,450,26000,True,R023,Depot B,Zone 2,263.0,10288.5,1.26,3,48.4,-0.27,1.02,128.44
V012,Van,Petrol,1,75,1500,True,R024,Depot C,Zone 2,103.5,936.6,1.02,1,73.2,-1.49,1.03,12.51
V016,Van,Petrol,6,75,1500,True,R012,Depot A,Zone 2,54.9,1127.3,1.06,2,50.6,1.91,1.01,10.77
V002,Truck,Diesel,11,220,8000,True,R009,Depot A,Industrial Park,91.2,4311.5,1.74,1,30.3,-2.53,1.12,40.74
V037,Van,Petrol,6,75,1500,True,R014,Depot A,Metro Area,52.4,348.8,1.99,2,25.9,-2.74,1.03,9.32
V056,Semi-Trailer,Diesel,6,450,26000,True,R025,Hub North,Zone 1,69.7,3700.6,1.64,2,34.0,-3.18,1.01,31.19
V042,Bus,Hybrid,4,280,6000,True,R002,Hub North,Metro Area,100.6,1168.1,1.79,3,42.4,1.19,1.0,34.3
V027,Truck,Diesel,10,220,8000,True,R010,Hub North,Zone 2,197.3,4165.4,1.22,2,66.3,2.9,1.06,87.51
V026,Semi-Trailer,Diesel,7,450,26000,True,R007,Central Hub,Industrial Park,285.4,16735.4,1.52,3,49.9,-0.04,1.13,150.62
V019,Semi-Trailer,Diesel,11,450,26000,True,R025,Hub North,Zone 1,69.2,15208.5,1.26,2,40.0,-2.64,1.13,33.62
V009,Semi-Trailer,Diesel,1,450,26000,True,R015,Central Hub,Zone 3,165.0,18355.4,2.11,2,39.1,1.18,1.07,115.67
V036,Van,Diesel,6,75,1500,True,R003,Depot B,Zone 1,297.1,199.7,1.4,2,51.9,-0.88,1.32,34.41
V034,Van,Diesel,10,75,1500,True,R008,Depot B,Metro Area,130.5,323.8,1.72,2,39.3,-3.03,1.07,16.22
V001,Semi-Trailer,Diesel,6,450,26000,True,R002,Hub North,Metro Area,99.9,19421.2,1.75,3,28.5,2.47,1.01,77.81
V025,Truck,Diesel,11,220,8000,True,R015,Central Hub,Zone 3,162.5,6112.0,1.8,2,43.9,1.65,1.17,84.55
V017,Light Commercial,Hybrid,8,100,3500,True,R030,Central Hub,Industrial Park,311.7,2439.3,1.64,2,49.5,2.29,1.04,57.64
V011,Van,Diesel,6,75,1500,True,R018,Hub North,Port Terminal,159.8,1100.4,1.0,1,78.7,3.29,1.09,23.91
V043,Truck,Diesel,9,220,8000,True,R027,Depot C,Zone 1,69.2,7351.4,1.24,2,40.0,-1.05,1.17,29.14
V032,Truck,Diesel,8,220,8000,True,R023,Depot B,Zone 2,268.7,7220.7,1.25,3,59.2,-1.38,1.06,101.47
V039,Truck,Diesel,12,220,8000,True,R027,Depot C,Zone 1,71.2,5182.5,1.31,2,35.7,-1.74,1.02,30.75
V043,Truck,Diesel,9,220,8000,True,R010,Hub North,Zone 2,198.3,2971.5,1.51,2,50.7,3.14,1.02,90.48
V059,Light Commercial,Diesel,7,100,3500,True,R029,Depot A,Port Terminal,30.3,392.0,1.15,3,37.1,3.85,1.03,6.67
V049,Truck,Diesel,8,220,8000,True,R008,Depot B,Metro Area,130.0,5094.9,1.43,2,52.7,-2.7,1.0,44.47
V038,Light Commercial,Diesel,6,100,3500,True,R014,Depot A,Metro Area,55.0,1633.1,2.04,2,35.9,-2.65,1.07,12.41
V053,Van,CNG,12,75,1500,True,R021,Depot A,Metro Area,279.0,337.5,1.07,1,64.3,-0.6,1.02,38.25
V029,Van,Diesel,12,75,1500,True,R009,Depot A,Industrial Park,89.5,424.5,1.63,1,31.4,-2.75,1.08,12.89
V060,Light Commercial,Diesel,7,100,3500,True,R008,Depot B,Metro Area,128.8,3136.2,1.69,2,45.9,-2.46,1.17,29.31
V046,Truck,Diesel,4,220,8000,True,R004,Depot C,Zone 3,266.9,1250.3,1.36,3,57.1,2.89,1.05,100.74
V040,Van,CNG,2,75,1500,True,R001,Depot B,Port Terminal,289.2,1154.0,1.27,1,55.0,-2.51,1.0,40.78
V055,Van,CNG,6,75,1500,True,R016,Central Hub,Industrial Park,22.5,1300.1,1.45,1,36.6,0.57,1.07,4.35
V031,Light Commercial,Diesel,6,100,3500,True,R030,Central Hub,Industrial Park,314.5,2397.8,1.45,2,49.7,2.68,1.02,74.38
V044,Van,CNG,4,75,1500,True,R007,Central Hub,Industrial Park,286.8,228.2,1.39,3,48.1,1.21,1.0,45.92
V018,Light Commercial,Hybrid,9,100,3500,True,R014,Depot A,Metro Area,53.2,2866.4,1.97,2,29.2,-2.97,1.04,10.17
V058,Truck,Diesel,12,220,8000,True,R029,Depot A,Port Terminal,33.4,5242.4,1.0,3,52.7,4.19,1.02,16.08
V038,Light Commercial,Diesel,6,100,3500,True,R024,Depot C,Zone 2,104.1,1174.2,1.29,1,54.3,-2.25,1.04,15.52
V047,Semi-Trailer,Diesel,6,450,26000,True,R001,Depot B,Port Terminal,289.6,16515.4,1.63,1,43.8,-2.28,1.13,157.08
V028,Van,Diesel,4,75,1500,True,R016,Central Hub,Industrial Park,22.0,324.1,1.46,1,31.9,0.65,1.05,3.21
V053,Van,CNG,12,75,1500,True,R005,Hub North,Zone 3,171.6,1052.3,1.5,1,43.3,-1.59,1.06,29.05
V005,Light Commercial,CNG,10,100,3500,True,R008,Depot B,Metro Area,131.1,3036.4,1.49,2,53.4,-2.74,1.03,29.48
V007,Van,Petrol,11,75,1500,True,R008,Depot B,Metro Area,128.5,815.1,1.56,2,51.3,-2.95,1.12,19.56
V031,Light Commercial,Diesel,6,100,3500,True,R019,Depot B,Port Terminal,257.1,3182.5,1.7,2,42.8,-1.51,1.1,57.86
V044,Van,CNG,4,75,1500,True,R006,Depot C,Zone 1,150.5,708.6,1.74,2,42.9,4.62,1.02,35.28
V049,Truck,Diesel,8,220,8000,True,R008,Depot B,Metro Area,128.9,6631.5,1.5,2,50.5,-1.87,1.28,53.28
V027,Truck,Diesel,10,220,8000,True,R007,Central Hub,Industrial Park,290.2,6060.8,1.32,3,57.7,0.76,1.04,121.27
V039,Truck,Diesel,12,220,8000,True,R011,Central Hub,Port Terminal,309.3,1401.3,1.0,1,69.6,-0.25,1.02,89.05
V034,Van,Diesel,10,75,1500,True,R020,Central Hub,Port Terminal,199.7,1313.6,1.43,2,54.5,0.27,1.04,29.76
V058,Truck,Diesel,12,220,8000,True,R012,Depot A,Zone 2,58.3,6990.9,1.0,2,45.1,1.84,1.02,26.24
V040,Van,CNG,2,75,1500,True,R010,Hub North,Zone 2,197.8,598.1,1.09,2,71.8,4.3,1.06,34.05
V026,Semi-Trailer,Diesel,7,450,26000,True,R016,Central Hub,Industrial Park,22.2,20135.0,1.62,1,26.7,1.53,1.03,16.55
V059,Light Commercial,Diesel,7,100,3500,True,R019,Depot B,Port Terminal,256.2,1018.3,1.73,2,38.1,-1.84,1.04,51.0
V007,Van,Petrol,11,75,1500,True,R001,Depot B,Port Terminal,289.9,188.8,1.82,1,41.1,-2.09,1.07,42.07
V060,Light Commercial,Diesel,7,100,3500,True,R027,Depot C,Zone 1,69.2,968.6,1.09,2,45.5,-1.85,1.18,11.75
V010,Semi-Trailer,Diesel,12,450,26000,True,R028,Central Hub,Zone 4,29.9,13296.1,1.38,1,36.6,-0.51,1.06,17.11
V018,Light Commercial,Hybrid,9,100,3500,True,R019,Depot B,Port Terminal,256.1,521.9,1.55,2,44.9,-1.37,1.15,35.87
V050,Light Commercial,Diesel,2,100,3500,True,R018,Hub North,Port Terminal,159.9,826.0,1.24,1,61.5,3.23,1.09,32.58
V045,Light Commercial,Diesel,9,100,3500,True,R021,Depot A,Metro Area,281.3,3177.6,1.0,1,76.2,0.49,1.03,58.29
V059,Light Commercial,Diesel,7,100,3500,True,R014,Depot A,Metro Area,55.0,1819.2,1.8,2,32.4,-2.48,1.08,12.08
V045,Light Commercial,Diesel,9,100,3500,True,R011,Central Hub,Port Terminal,309.7,2798.7,1.1,1,69.1,1.5,1.01,65.99
V039,Truck,Diesel,12,220,8000,True,R011,Central Hub,Port Terminal,313.7,2205.0,1.0,1,72.6,0.36,1.05,107.42
V021,Van,Diesel,10,75,1500,True,R005,Hub North,Zone 3,171.6,262.9,1.6,1,41.5,-2.09,1.01,21.28
V001,Semi-Trailer,Diesel,6,450,26000,True,R026,Central Hub,Zone 4,110.3,19850.1,1.66,3,38.9,-0.03,1.02,63.42
V008,Semi-Trailer,Diesel,1,450,26000,True,R010,Hub North,Zone 2,195.2,10309.2,1.22,2,62.8,4.09,1.03,106.58
V018,Light Commercial,Hybrid,9,100,3500,True,R009,Depot A,Industrial Park,87.5,1717.9,1.86,1,30.0,-2.55,1.35,14.79
V003,Bus,Hybrid,9,280,6000,True,R029,Depot A,Port Terminal,28.6,5659.9,1.18,3,38.7,3.96,1.07,13.57
V031,Light Commercial,Diesel,6,100,3500,True,R016,Central Hub,Industrial Park,21.7,1291.7,1.7,1,30.4,0.72,1.25,5.49
V047,Semi-Trailer,Diesel,6,450,26000,True,R019,Depot B,Port Terminal,259.1,13056.5,1.47,2,50.2,-1.82,1.11,120.46
V058,Truck,Diesel,12,220,8000,True,R008,Depot B,Metro Area,128.4,5116.7,1.54,2,51.4,-3.05,1.15,46.41
V030,Van,Diesel,11,75,1500,True,R009,Depot A,Industrial Park,89.0,263.6,1.68,1,33.2,-2.33,1.07,12.31
V053,Van,CNG,12,75,1500,True,R022,Central Hub,Metro Area,263.0,1063.5,1.2,2,53.2,-2.7,1.02,39.06
V060,Light Commercial,Diesel,7,100,3500,True,R014,Depot A,Metro Area,55.1,1693.9,1.94,2,29.8,-2.34,1.04,12.14
V052,Van,Petrol,2,75,1500,True,R005,Hub North,Zone 3,175.0,373.1,1.78,1,43.2,-1.31,1.14,26.76
V028,Van,Diesel,4,75,1500,True,R026,Central Hub,Zone 4,111.5,698.9,1.61,3,44.4,0.37,1.28,15.84
V020,Truck,Diesel,4,220,8000,True,R013,Central Hub,Metro Area,192.8,3932.5,1.74,2,41.1,-2.48,1.04,67.55
V059,Light Commercial,Diesel,7,100,3500,True,R021,Depot A,Metro Area,277.3,2256.2,1.32,1,56.9,-0.49,1.19,57.49
V015,Van,Diesel,9,75,1500,True,R011,Central Hub,Port Terminal,313.7,1344.8,1.35,1,53.3,1.72,1.0,53.72
V025,Truck,Diesel,11,220,8000,True,R017,Hub North,Zone 2,142.1,6002.4,1.43,3,48.8,4.82,1.12,80.92
V005,Light Commercial,CNG,10,100,3500,True,R024,Depot C,Zone 2,103.4,1487.8,1.04,1,69.3,-1.73,1.23,18.75
V048,Light Commercial,Petrol,9,100,3500,True,R027,Depot C,Zone 1,70.2,3234.7,1.36,2,32.5,-1.88,1.03,18.41
V039,Truck,Diesel,12,220,8000,True,R007,Central Hub,Industrial Park,288.4,6177.7,1.24,3,65.9,0.65,1.03,116.35
V006,Semi-Trailer,Diesel,8,450,26000,True,R021,Depot A,Metro Area,280.6,3217.7,1.18,1,63.6,-0.2,1.16,120.82
V014,Light Commercial,Diesel,4,100,3500,True,R028,Central Hub,Zone 4,29.3,696.8,1.66,1,39.2,-1.03,1.0,5.76
V034,Van,Diesel,10,75,1500,True,R020,Central Hub,Port Terminal,200.5,428.0,1.14,2,67.0,-0.44,1.06,23.07
V033,Truck,Diesel,6,220,8000,True,R005,Hub North,Zone 3,171.0,1367.8,2.11,1,37.9,-0.92,1.01,69.42
V049,Truck,Diesel,8,220,8000,True,R006,Depot C,Zone 1,148.9,4100.9,1.67,2,40.7,4.78,1.21,86.54
V016,Van,Petrol,6,75,1500,True,R007,Central Hub,Industrial Park,286.9,584.4,1.43,3,51.6,0.26,1.0,41.94
V056,Semi-Trailer,Diesel,6,450,26000,True,R004,Depot C,Zone 3,268.6,24101.7,1.28,3,58.7,2.84,1.05,164.32
V027,Truck,Diesel,10,220,8000,True,R023,Depot B,Zone 2,265.8,4014.6,1.21,3,59.4,-0.72,1.01,91.41
V050,Light Commercial,Diesel,2,100,3500,True,R029,Depot A,Port Terminal,30.9,981.2,1.09,3,44.0,3.67,1.13,6.84
V015,Van,Diesel,9,75,1500,True,R016,Central Hub,Industrial Park,21.0,1387.7,1.69,1,31.3,0.97,1.11,4.15
V003,Bus,Hybrid,9,280,6000,True,R018,Hub North,Port Terminal,158.0,3220.8,1.01,1,76.2,2.94,1.03,56.6
V004,Van,Diesel,10,75,1500,True,R024,Depot C,Zone 2,101.9,243.2,1.05,1,65.8,-2.11,1.06,10.05
V023,Semi-Trailer,Diesel,7,450,26000,True,R013,Central Hub,Metro Area,191.4,4387.3,1.96,2,39.4,-1.8,1.0,96.95
V058,Truck,Diesel,12,220,8000,True,R015,Central Hub,Zone 3,163.9,5392.0,1.81,2,43.5,1.54,1.05,84.9
V003,Bus,Hybrid,9,280,6000,True,R018,Hub North,Port Terminal,157.8,3123.5,1.0,1,72.6,2.56,1.02,54.31
V023,Semi-Trailer,Diesel,7,450,26000,True,R010,Hub North,Zone 2,196.9,16395.5,1.0,2,72.2,3.05,1.08,112.58
V007,Van,Petrol,11,75,1500,True,R002,Hub North,Metro Area,100.6,1233.3,1.91,3,41.0,1.16,1.02,22.84
V056,Semi-Trailer,Diesel,6,450,26000,True,R018,Hub North,Port Terminal,156.1,17658.6,1.0,1,64.7,2.73,1.0,85.09
V041,Bus,Petrol,6,280,6000,True,R025,Hub North,Zone 1,71.8,4995.1,1.83,2,27.3,-2.74,1.0,41.46
V046,Truck,Diesel,4,220,8000,True,R003,Depot B,Zone 1,296.0,5850.3,1.14,2,72.3,-2.21,1.09,87.9
V043,Truck,Diesel,9,220,8000,True,R007,Central Hub,Industrial Park,287.9,5385.9,1.32,3,46.4,0.76,1.1,119.25
V040,Van,CNG,2,75,1500,True,R008,Depot B,Metro Area,130.8,321.7,1.68,2,48.1,-2.43,1.04,17.43
V047,Semi-Trailer,Diesel,6,450,26000,True,R025,Hub North,Zone 1,65.3,13270.5,1.85,2,29.2,-3.8,1.05,35.99
V001,Semi-Trailer,Diesel,6,450,26000,True,R016,Central Hub,Industrial Park,18.8,12171.3,1.23,1,34.9,0.83,1.06,10.27
V052,Van,Petrol,2,75,1500,True,R017,Hub North,Zone 2,142.2,839.4,1.56,3,50.1,4.89,1.1,29.89
V045,Light Commercial,Diesel,9,100,3500,True,R020,Central Hub,Port Terminal,196.8,1513.7,1.31,2,61.2,0.02,1.11,34.25
V045,Light Commercial,Diesel,9,100,3500,True,R009,Depot A,Industrial Park,88.1,2195.8,1.68,1,25.1,-3.27,1.08,21.19
V024,Van,Diesel,7,75,1500,True,R022,Central Hub,Metro Area,264.4,650.4,1.12,2,64.0,-2.4,1.11,28.41
V049,Truck,Diesel,8,220,8000,True,R001,Depot B,Port Terminal,289.7,4591.8,1.45,1,51.8,-2.68,1.02,101.03
V023,Semi-Trailer,Diesel,7,450,26000,True,R004,Depot C,Zone 3,266.4,11326.7,1.33,3,60.4,3.25,1.03,154.92
V003,Bus,Hybrid,9,280,6000,True,R025,Hub North,Zone 1,68.9,5199.0,1.52,2,30.8,-3.35,1.04,25.35
V055,Van,CNG,6,75,1500,True,R020,Central Hub,Port Terminal,198.9,626.1,1.15,2,64.9,-0.22,1.01,26.88
V015,Van,Diesel,9,75,1500,True,R006,Depot C,Zone 1,148.2,1081.9,1.82,2,38.6,4.22,1.07,33.39
V007,Van,Petrol,11,75,1500,True,R014,Depot A,Metro Area,54.2,932.5,1.9,2,26.4,-2.51,1.27,11.32
V038,Light Commercial,Diesel,6,100,3500,True,R002,Hub North,Metro Area,102.9,1496.9,1.55,3,52.6,1.55,1.03,23.09
V015,Van,Diesel,9,75,1500,True,R021,Depot A,Metro Area,279.4,1179.7,1.53,1,49.4,0.04,1.09,43.51
V052,Van,Petrol,2,75,1500,True,R023,Depot B,Zone 2,269.2,1332.6,1.37,3,53.3,-1.49,1.0,40.77
V027,Truck,Diesel,10,220,8000,True,R009,Depot A,Industrial Park,87.3,5971.3,1.84,1,27.1,-2.32,1.04,42.53
V001,Semi-Trailer,Diesel,6,450,26000,True,R011,Central Hub,Port Terminal,312.5,23563.8,1.29,1,54.7,0.58,1.01,171.48
V058,Truck,Diesel,12,220,8000,True,R008,Depot B,Metro Area,128.9,3766.9,1.65,2,41.4,-3.39,1.0,48.94
V031,Light Commercial,Diesel,6,100,3500,True,R012,Depot A,Zone 2,54.7,3068.4,1.32,2,42.7,2.32,1.35,14.22
V016,Van,Petrol,6,75,1500,True,R009,Depot A,Industrial Park,89.4,1267.2,1.95,1,32.2,-2.59,1.02,16.89
V041,Bus,Petrol,6,280,6000,True,R008,Depot B,Metro Area,128.6,4488.2,1.77,2,35.2,-2.68,1.31,76.23
V032,Truck,Diesel,8,220,8000,True,R013,Central Hub,Metro Area,188.2,6479.4,1.6,2,49.1,-1.59,1.04,74.14
V002,Truck,Diesel,11,220,8000,True,R026,Central Hub,Zone 4,107.4,5764.9,1.74,3,46.4,0.67,1.06,51.16
V046,Truck,Diesel,4,220,8000,True,R023,Depot B,Zone 2,268.4,4283.7,1.26,3,54.9,-0.55,1.3,96.74
V025,Truck,Diesel,11,220,8000,True,R009,Depot A,Industrial Park,90.3,4556.5,1.84,1,25.4,-2.64,1.09,42.25
V042,Bus,Hybrid,4,280,6000,True,R029,Depot A,Port Terminal,33.6,2730.2,1.12,3,42.4,4.31,1.05,12.41
V054,Light Commercial,Petrol,7,100,3500,True,R007,Central Hub,Industrial Park,287.5,2326.3,1.21,3,69.3,0.7,1.03,69.3
V037,Van,Petrol,6,75,1500,True,R028,Central Hub,Zone 4,28.1,564.1,1.71,1,35.9,-0.31,1.03,4.75
V041,Bus,Petrol,6,280,6000,True,R010,Hub North,Zone 2,197.2,4372.3,1.05,2,67.8,3.66,1.04,111.42
V016,Van,Petrol,6,75,1500,True,R017,Hub North,Zone 2,142.8,794.0,1.39,3,48.2,4.73,1.01,28.1
V015,Van,Diesel,9,75,1500,True,R007,Central Hub,Industrial Park,286.0,600.3,1.1,3,71.2,0.94,1.07,36.25
V025,Truck,Diesel,11,220,8000,True,R023,Depot B,Zone 2,269.0,1801.1,1.03,3,75.1,-1.2,1.01,81.83
V052,Van,Petrol,2,75,1500,True,R010,Hub North,Zone 2,201.2,475.8,1.4,2,58.7,3.24,1.08,33.37
V032,Truck,Diesel,8,220,8000,True,R027,Depot C,Zone 1,71.1,5153.4,1.44,2,30.4,-1.63,1.04,28.6
V021,Van,Diesel,10,75,1500,True,R003,Depot B,Zone 1,294.4,621.6,1.07,2,73.1,-1.96,1.1,32.21
V047,Semi-Trailer,Diesel,6,450,26000,True,R016,Central Hub,Industrial Park,20.7,3333.0,1.63,1,27.7,0.52,1.1,11.59
V052,Van,Petrol,2,75,1500,True,R005,Hub North,Zone 3,174.4,570.4,1.8,1,44.2,-2.3,1.0,24.95
V055,Van,CNG,6,75,1500,True,R027,Depot C,Zone 1,70.5,617.1,1.07,2,46.5,-2.23,1.02,9.0
V018,Light Commercial,Hybrid,9,100,3500,True,R013,Central Hub,Metro Area,191.8,1047.0,2.02,2,44.7,-1.11,1.09,32.61
V043,Truck,Diesel,9,220,8000,True,R021,Depot A,Metro Area,280.3,2746.9,1.46,1,53.3,-0.13,1.16,102.84
V036,Van,Diesel,6,75,1500,True,R027,Depot C,Zone 1,69.5,1048.8,1.3,2,37.1,-0.85,1.01,9.27
V027,Truck,Diesel,10,220,8000,True,R017,Hub North,Zone 2,143.0,5874.6,1.4,3,54.1,4.39,1.19,78.11
V024,Van,Diesel,7,75,1500,True,R002,Hub North,Metro Area,98.6,1372.6,1.6,3,30.9,1.76,1.05,19.82
V007,Van,Petrol,11,75,1500,True,R007,Central Hub,Industrial Park,289.1,300.6,1.2,3,58.1,0.05,1.01,40.66
V017,Light Commercial,Hybrid,8,100,3500,True,R007,Central Hub,Industrial Park,287.3,1277.4,1.31,3,64.7,0.65,1.18,41.42
V033,Truck,Diesel,6,220,8000,True,R028,Central Hub,Zone 4,31.7,1323.9,1.52,1,39.4,0.25,1.29,11.95
V054,Light Commercial,Petrol,7,100,3500,True,R028,Central Hub,Zone 4,29.7,2174.6,1.42,1,34.5,0.11,1.01,8.25
V052,Van,Petrol,2,75,1500,True,R015,Central Hub,Zone 3,163.8,170.9,1.59,2,49.9,1.91,1.12,24.88
V012,Van,Petrol,1,75,1500,True,R027,Depot C,Zone 1,68.6,411.8,1.57,2,40.1,-2.07,1.02,9.54
V041,Bus,Petrol,6,280,6000,True,R008,Depot B,Metro Area,130.1,3593.6,1.69,2,49.4,-3.12,1.06,59.94
V006,Semi-Trailer,Diesel,8,450,26000,True,R021,Depot A,Metro Area,278.3,10528.1,1.32,1,55.7,-0.21,1.09,129.3
V041,Bus,Petrol,6,280,6000,True,R012,Depot A,Zone 2,54.5,3376.3,1.09,2,45.7,2.43,1.01,28.52
V021,Van,Diesel,10,75,1500,True,R008,Depot B,Metro Area,129.0,966.3,1.42,2,46.1,-2.09,1.12,18.2
V027,Truck,Diesel,10,220,8000,True,R008,Depot B,Metro Area,129.2,6504.8,1.64,2,48.9,-2.66,1.15,52.71
V044,Van,CNG,4,75,1500,True,R013,Central Hub,Metro Area,189.6,650.9,1.64,2,50.7,-2.02,1.04,28.3
V026,Semi-Trailer,Diesel,7,450,26000,True,R011,Central Hub,Port Terminal,311.1,8763.6,1.28,1,63.8,1.13,1.04,154.77
V049,Truck,Diesel,8,220,8000,True,R007,Central Hub,Industrial Park,288.7,4463.9,1.44,3,55.0,0.26,1.05,111.74
V033,Truck,Diesel,6,220,8000,True,R011,Central Hub,Port Terminal,310.8,1273.8,1.28,1,59.8,0.53,1.03,96.41
V060,Light Commercial,Diesel,7,100,3500,True,R004,Depot C,Zone 3,267.8,474.7,1.45,3,47.8,3.16,1.01,56.91
V039,Truck,Diesel,12,220,8000,True,R030,Central Hub,Industrial Park,314.0,3875.2,1.94,2,39.9,2.57,1.02,181.74
V018,Light Commercial,Hybrid,9,100,3500,True,R012,Depot A,Zone 2,55.0,998.8,1.21,2,38.8,1.67,1.02,8.88
V047,Semi-Trailer,Diesel,6,450,26000,True,R004,Depot C,Zone 3,266.6,2759.5,1.46,3,53.3,2.68,1.01,140.15
V025,Truck,Diesel,11,220,8000,True,R018,Hub North,Port Terminal,157.5,5419.7,1.13,1,63.1,3.35,1.09,76.47
V033,Truck,Diesel,6,220,8000,True,R027,Depot C,Zone 1,71.9,6349.9,1.0,2,52.1,-0.84,1.08,23.89
V009,Semi-Trailer,Diesel,1,450,26000,True,R011,Central Hub,Port Terminal,309.8,5868.1,1.15,1,70.7,0.56,1.01,116.02
V008,Semi-Trailer,Diesel,1,450,26000,True,R026,Central Hub,Zone 4,111.4,15062.2,1.62,3,47.8,0.43,1.0,55.21
V035,Van,Petrol,9,75,1500,True,R019,Depot B,Port Terminal,255.9,1404.6,1.5,2,51.2,-1.88,1.0,42.25
V012,Van,Petrol,1,75,1500,True,R023,Depot B,Zone 2,267.9,492.7,1.05,3,75.0,-1.02,1.01,31.48
V060,Light Commercial,Diesel,7,100,3500,True,R009,Depot A,Industrial Park,88.4,2524.2,1.8,1,34.8,-2.74,1.09,21.18
V052,Van,Petrol,2,75,1500,True,R002,Hub North,Metro Area,99.5,356.7,1.78,3,27.7,1.74,1.03,19.85
V043,Truck,Diesel,9,220,8000,True,R011,Central Hub,Port Terminal,311.5,7138.2,1.35,1,57.6,0.68,1.14,124.24
V045,Light Commercial,Diesel,9,100,3500,True,R028,Central Hub,Zone 4,28.2,351.3,1.71,1,35.2,-0.67,1.02,6.28
V036,Van,Diesel,6,75,1500,True,R024,Depot C,Zone 2,100.2,525.8,1.0,1,77.7,-2.35,1.03,10.0
V004,Van,Diesel,10,75,1500,True,R024,Depot C,Zone 2,99.6,1395.0,1.0,1,42.0,-2.34,1.08,13.66
V024,Van,Diesel,7,75,1500,True,R027,Depot C,Zone 1,68.8,1005.1,1.69,2,26.7,-1.74,1.21,11.76
V030,Van,Diesel,11,75,1500,True,R012,Depot A,Zone 2,57.2,420.1,1.3,2,41.4,1.74,1.04,8.56
V055,Van,CNG,6,75,1500,True,R010,Hub North,Zone 2,196.7,1159.0,1.24,2,58.7,3.8,1.08,40.17
V014,Light Commercial,Diesel,4,100,3500,True,R028,Central Hub,Zone 4,30.7,3021.8,1.47,1,39.7,-1.22,1.19,6.64
V030,Van,Diesel,11,75,1500,True,R018,Hub North,Port Terminal,156.3,771.3,1.05,1,78.8,3.41,1.1,24.02
V021,Van,Diesel,10,75,1500,True,R009,Depot A,Industrial Park,89.6,348.9,1.42,1,32.9,-2.47,1.03,11.37
V009,Semi-Trailer,Diesel,1,450,26000,True,R009,Depot A,Industrial Park,87.0,8314.9,1.59,1,27.2,-2.28,1.0,41.06
V007,Van,Petrol,11,75,1500,True,R027,Depot C,Zone 1,70.5,1352.5,1.23,2,39.1,-1.32,1.07,12.98
V022,Truck,Diesel,10,220,8000,True,R002,Hub North,Metro Area,100.9,1895.5,1.52,3,47.6,1.5,1.05,41.19
V005,Light Commercial,CNG,10,100,3500,True,R002,Hub North,Metro Area,104.3,1277.9,1.54,3,54.8,1.41,1.14,27.74
V005,Light Commercial,CNG,10,100,3500,True,R023,Depot B,Zone 2,267.4,783.0,1.55,3,44.1,-1.43,1.04,55.8
V022,Truck,Diesel,10,220,8000,True,R001,Depot B,Port Terminal,287.4,1518.1,1.45,1,54.6,-2.48,1.02,87.2
V013,Truck,Hybrid,5,220,8000,True,R006,Depot C,Zone 1,148.7,4349.8,1.8,2,47.2,4.72,1.24,67.02
V034,Van,Diesel,10,75,1500,True,R030,Central Hub,Industrial Park,317.0,655.8,1.71,2,47.2,2.69,1.09,55.81
V002,Truck,Diesel,11,220,8000,True,R013,Central Hub,Metro Area,189.8,1113.9,1.78,2,43.9,-1.66,1.09,71.22
V019,Semi-Trailer,Diesel,11,450,26000,True,R022,Central Hub,Metro Area,262.8,5808.8,1.03,2,72.3,-3.61,1.05,99.6
V028,Van,Diesel,4,75,1500,True,R015,Central Hub,Zone 3,163.6,198.0,2.0,2,45.0,1.65,1.09,25.74
V058,Truck,Diesel,12,220,8000,True,R003,Depot B,Zone 1,293.8,967.2,1.15,2,64.4,-1.19,1.11,91.86
V039,Truck,Diesel,12,220,8000,True,R006,Depot C,Zone 1,147.2,2013.6,1.57,2,51.7,4.37,1.05,74.69
V053,Van,CNG,12,75,1500,True,R023,Depot B,Zone 2,264.5,1098.2,1.15,3,64.4,-1.35,1.04,40.06
V021,Van,Diesel,10,75,1500,True,R003,Depot B,Zone 1,296.5,168.8,1.05,2,63.8,-1.92,1.05,30.33
V027,Truck,Diesel,10,220,8000,True,R018,Hub North,Port Terminal,155.5,2870.4,1.03,1,71.9,1.57,1.05,57.16
V026,Semi-Trailer,Diesel,7,450,26000,True,R011,Central Hub,Port Terminal,311.1,15081.8,1.25,1,59.5,0.11,1.01,146.81
V054,Light Commercial,Petrol,7,100,3500,True,R012,Depot A,Zone 2,56.8,2562.5,1.25,2,39.6,2.34,1.12,16.56
V058,Truck,Diesel,12,220,8000,True,R029,Depot A,Port Terminal,30.8,5409.7,1.21,3,38.8,3.67,1.0,16.15
V058,Truck,Diesel,12,220,8000,True,R019,Depot B,Port Terminal,256.5,7521.3,1.52,2,51.8,-1.83,1.13,112.03
V046,Truck,Diesel,4,220,8000,True,R019,Depot B,Port Terminal,256.0,2674.3,1.48,2,53.5,-2.57,1.12,79.51
V031,Light Commercial,Diesel,6,100,3500,True,R011,Central Hub,Port Terminal,311.1,350.4,1.0,1,73.8,-0.14,1.12,47.71
V033,Truck,Diesel,6,220,8000,True,R012,Depot A,Zone 2,54.1,1059.9,1.27,2,38.2,2.4,1.08,21.45
V059,Light Commercial,Diesel,7,100,3500,True,R021,Depot A,Metro Area,279.9,640.1,1.32,1,52.5,0.38,1.13,50.47
V018,Light Commercial,Hybrid,9,100,3500,True,R002,Hub North,Metro Area,98.7,3251.3,1.48,3,34.7,1.26,1.12,20.11
V021,Van,Diesel,10,75,1500,True,R008,Depot B,Metro Area,130.2,876.8,1.69,2,49.8,-2.99,1.01,17.63
V054,Light Commercial,Petrol,7,100,3500,True,R019,Depot B,Port Terminal,258.2,2728.1,1.57,2,53.4,-1.65,1.05,59.53
V024,Van,Diesel,7,75,1500,True,R019,Depot B,Port Terminal,258.3,1406.0,1.65,2,43.2,-2.12,1.15,39.71
V015,Van,Diesel,9,75,1500,True,R003,Depot B,Zone 1,296.6,1226.4,1.16,2,72.8,-2.46,1.09,36.18
V034,Van,Diesel,10,75,1500,True,R024,Depot C,Zone 2,101.1,669.7,1.19,1,61.7,-2.33,1.01,11.54
V020,Truck,Diesel,4,220,8000,True,R017,Hub North,Zone 2,141.7,6756.0,1.67,3,40.8,4.46,1.13,83.71
V054,Light Commercial,Petrol,7,100,3500,True,R008,Depot B,Metro Area,128.2,1640.4,1.6,2,41.3,-2.5,1.04,27.91
V055,Van,CNG,6,75,1500,True,R023,Depot B,Zone 2,266.2,295.3,1.23,3,56.6,-0.67,1.03,35.67
V019,Semi-Trailer,Diesel,11,450,26000,True,R030,Central Hub,Industrial Park,313.7,14713.7,1.58,2,48.9,2.3,1.22,206.27
V032,Truck,Diesel,8,220,8000,True,R013,Central Hub,Metro Area,191.0,7027.1,1.86,2,39.4,-1.88,1.05,87.19
V060,Light Commercial,Diesel,7,100,3500,True,R009,Depot A,Industrial Park,85.5,2684.0,1.47,1,31.5,-2.63,1.0,19.48
V045,Light Commercial,Diesel,9,100,3500,True,R009,Depot A,Industrial Park,87.7,1545.7,1.83,1,23.9,-2.55,1.1,20.85
V013,Truck,Hybrid,5,220,8000,True,R018,Hub North,Port Terminal,158.1,6613.1,1.06,1,66.2,2.7,1.03,51.64
V036,Van,Diesel,6,75,1500,True,R002,Hub North,Metro Area,101.0,741.8,1.77,3,38.7,1.52,1.09,17.11
V038,Light Commercial,Diesel,6,100,3500,True,R015,Central Hub,Zone 3,165.8,2386.6,1.69,2,48.4,0.59,1.04,39.0
V040,Van,CNG,2,75,1500,True,R001,Depot B,Port Terminal,291.2,574.7,1.5,1,57.1,-1.92,1.0,38.77
V002,Truck,Diesel,11,220,8000,True,R002,Hub North,Metro Area,101.9,2124.1,1.64,3,53.2,1.91,1.0,44.62
V018,Light Commercial,Hybrid,9,100,3500,True,R013,Central Hub,Metro Area,194.3,1282.6,1.76,2,45.5,-2.49,1.13,28.03
V052,Van,Petrol,2,75,1500,True,R023,Depot B,Zone 2,267.7,1265.8,1.01,3,72.1,-0.83,1.03,37.99
V015,Van,Diesel,9,75,1500,True,R027,Depot C,Zone 1,73.0,1412.0,1.35,2,34.5,-1.79,1.12,11.97
V018,Light Commercial,Hybrid,9,100,3500,True,R003,Depot B,Zone 1,297.2,1135.2,1.0,2,78.0,-1.83,1.01,35.14
V020,Truck,Diesel,4,220,8000,True,R008,Depot B,Metro Area,130.4,1924.5,1.55,2,47.4,-3.05,1.02,38.5
V011,Van,Diesel,6,75,1500,True,R013,Central Hub,Metro Area,193.3,240.6,1.46,2,53.2,-1.69,1.06,21.3
V010,Semi-Trailer,Diesel,12,450,26000,True,R018,Hub North,Port Terminal,157.3,19259.4,1.18,1,71.1,2.46,1.05,96.78
V021,Van,Diesel,10,75,1500,True,R030,Central Hub,Industrial Park,313.7,823.2,1.73,2,44.2,2.48,1.04,60.71
V053,Van,CNG,12,75,1500,True,R021,Depot A,Metro Area,279.1,859.0,1.32,1,66.0,0.58,1.03,47.15
V001,Semi-Trailer,Diesel,6,450,26000,True,R017,Hub North,Zone 2,143.7,3599.1,1.75,3,38.3,4.16,1.06,101.47
V017,Light Commercial,Hybrid,8,100,3500,True,R002,Hub North,Metro Area,99.7,591.1,1.58,3,33.4,1.72,1.0,17.55
V004,Van,Diesel,10,75,1500,True,R003,Depot B,Zone 1,294.1,1316.1,1.17,2,65.3,-1.38,1.0,38.44
V034,Van,Diesel,10,75,1500,True,R005,Hub North,Zone 3,168.6,885.3,1.81,1,37.5,-1.72,1.07,26.08
V016,Van,Petrol,6,75,1500,True,R020,Central Hub,Port Terminal,201.5,429.5,1.34,2,59.3,-0.39,1.07,27.1
V048,Light Commercial,Petrol,9,100,3500,True,R010,Hub North,Zone 2,197.5,967.2,1.41,2,59.5,3.62,1.14,55.51
V036,Van,Diesel,6,75,1500,True,R008,Depot B,Metro Area,129.7,457.2,1.96,2,47.0,-3.36,1.1,15.83
V048,Light Commercial,Petrol,9,100,3500,True,R021,Depot A,Metro Area,281.8,539.7,1.19,1,64.9,0.22,1.01,56.16
V039,Truck,Diesel,12,220,8000,True,R025,Hub North,Zone 1,68.8,1138.4,1.65,2,22.8,-3.37,1.0,27.88
V027,Truck,Diesel,10,220,8000,True,R014,Depot A,Metro Area,57.2,5695.9,1.84,2,29.1,-2.17,1.16,27.06
V052,Van,Petrol,2,75,1500,True,R027,Depot C,Zone 1,68.5,486.3,1.3,2,41.4,-1.39,1.03,9.47
V029,Van,Diesel,12,75,1500,True,R023,Depot B,Zone 2,270.1,640.2,1.21,3,61.2,-0.85,1.1,34.28
V057,Light Commercial,Diesel,6,100,3500,True,R022,Central Hub,Metro Area,265.7,1948.7,1.05,2,72.3,-3.3,1.0,41.85
V060,Light Commercial,Diesel,7,100,3500,True,R027,Depot C,Zone 1,70.7,1302.2,1.0,2,48.1,-1.65,1.09,11.32
V036,Van,Diesel,6,75,1500,True,R006,Depot C,Zone 1,149.8,760.5,1.99,2,37.1,3.97,1.01,31.44
V041,Bus,Petrol,6,280,6000,True,R023,Depot B,Zone 2,264.7,5011.6,1.07,3,74.4,-1.03,1.28,122.48
V016,Van,Petrol,6,75,1500,True,R029,Depot A,Port Terminal,30.4,461.2,1.09,3,51.3,2.97,1.07,5.25
V049,Truck,Diesel,8,220,8000,True,R030,Central Hub,Industrial Park,316.0,6180.6,1.64,2,40.7,2.3,1.1,167.75
V041,Bus,Petrol,6,280,6000,True,R018,Hub North,Port Terminal,154.8,1946.1,1.0,1,73.0,3.26,1.1,76.1
V055,Van,CNG,6,75,1500,True,R023,Depot B,Zone 2,267.3,388.4,1.21,3,55.8,-0.87,1.04,33.89
V017,Light Commercial,Hybrid,8,100,3500,True,R027,Depot C,Zone 1,71.2,566.2,1.24,2,47.6,-1.75,1.1,8.44
V048,Light Commercial,Petrol,9,100,3500,True,R026,Central Hub,Zone 4,115.0,2385.5,1.64,3,49.1,0.18,1.0,29.71
V029,Van,Diesel,12,75,1500,True,R027,Depot C,Zone 1,68.0,674.8,1.27,2,31.3,-2.04,1.01,9.5
V012,Van,Petrol,1,75,1500,True,R025,Hub North,Zone 1,70.7,1132.3,1.52,2,32.7,-2.99,1.08,10.71
V011,Van,Diesel,6,75,1500,True,R012,Depot A,Zone 2,54.4,319.2,1.29,2,37.7,1.78,1.04,7.58
V034,Van,Diesel,10,75,1500,True,R022,Central Hub,Metro Area,263.4,919.3,1.0,2,72.0,-2.04,1.26,29.26
V020,Truck,Diesel,4,220,8000,True,R013,Central Hub,Metro Area,190.4,888.3,1.57,2,51.9,-1.97,1.28,61.61
V007,Van,Petrol,11,75,1500,True,R025,Hub North,Zone 1,66.7,448.1,1.63,2,34.8,-3.05,1.01,10.32
V026,Semi-Trailer,Diesel,7,450,26000,True,R025,Hub North,Zone 1,68.9,16073.2,1.42,2,36.2,-3.63,1.09,33.99
V040,Van,CNG,2,75,1500,True,R029,Depot A,Port Terminal,29.1,221.4,1.0,3,47.4,3.76,1.03,4.42
V020,Truck,Diesel,4,220,8000,True,R018,Hub North,Port Terminal,158.7,3365.2,1.0,1,72.5,2.85,1.1,61.3
V058,Truck,Diesel,12,220,8000,True,R015,Central Hub,Zone 3,163.0,4619.3,1.79,2,42.0,1.65,1.23,89.82
V047,Semi-Trailer,Diesel,6,450,26000,True,R005,Hub North,Zone 3,170.3,18679.7,1.79,1,40.2,-1.64,1.09,98.14
V031,Light Commercial,Diesel,6,100,3500,True,R020,Central Hub,Port Terminal,198.1,2449.3,1.32,2,56.9,-0.07,1.01,38.62
V057,Light Commercial,Diesel,6,100,3500,True,R017,Hub North,Zone 2,143.3,790.8,1.38,3,56.7,4.84,1.02,34.7
V026,Semi-Trailer,Diesel,7,450,26000,True,R016,Central Hub,Industrial Park,22.2,4261.3,1.68,1,23.7,1.0,1.04,14.27
V009,Semi-Trailer,Diesel,1,450,26000,True,R021,Depot A,Metro Area,279.7,10917.5,1.45,1,48.7,0.59,1.01,138.59
V003,Bus,Hybrid,9,280,6000,True,R026,Central Hub,Zone 4,113.0,1828.1,1.46,3,51.1,0.79,1.0,36.57
V057,Light Commercial,Diesel,6,100,3500,True,R005,Hub North,Zone 3,173.7,1259.4,1.57,1,54.1,-1.02,1.02,33.04
V058,Truck,Diesel,12,220,8000,True,R013,Central Hub,Metro Area,191.7,3128.9,1.84,2,44.1,-2.14,1.14,75.02
V045,Light Commercial,Diesel,9,100,3500,True,R022,Central Hub,Metro Area,262.5,1531.6,1.34,2,56.1,-2.74,1.16,46.91
V007,Van,Petrol,11,75,1500,True,R025,Hub North,Zone 1,68.4,811.2,1.2,2,43.3,-3.15,1.09,9.56
V018,Light Commercial,Hybrid,9,100,3500,True,R024,Depot C,Zone 2,102.5,377.7,1.26,1,59.0,-2.05,1.01,10.81
V003,Bus,Hybrid,9,280,6000,True,R024,Depot C,Zone 2,99.6,2119.8,1.39,1,40.4,-1.95,1.15,29.26
V004,Van,Diesel,10,75,1500,True,R026,Central Hub,Zone 4,110.7,487.1,1.62,3,48.0,0.59,1.04,15.73
V015,Van,Diesel,9,75,1500,True,R029,Depot A,Port Terminal,29.7,451.2,1.37,3,41.7,4.25,1.06,5.24
V035,Van,Petrol,9,75,1500,True,R019,Depot B,Port Terminal,257.7,1155.5,1.44,2,46.5,-1.87,1.21,43.98
V004,Van,Diesel,10,75,1500,True,R008,Depot B,Metro Area,127.9,470.4,1.7,2,41.0,-2.39,1.03,16.99
V060,Light Commercial,Diesel,7,100,3500,True,R017,Hub North,Zone 2,143.9,799.1,1.42,3,53.8,4.64,1.02,37.13
V028,Van,Diesel,4,75,1500,True,R022,Central Hub,Metro Area,261.7,1236.1,1.25,2,62.0,-2.39,1.04,30.51
V016,Van,Petrol,6,75,1500,True,R004,Depot C,Zone 3,265.7,638.3,1.43,3,62.2,3.02,1.05,44.75
V031,Light Commercial,Diesel,6,100,3500,True,R023,Depot B,Zone 2,266.0,897.5,1.43,3,45.3,-0.73,1.08,49.25
V048,Light Commercial,Petrol,9,100,3500,True,R017,Hub North,Zone 2,142.5,2584.8,1.75,3,42.8,3.87,1.08,51.41
V019,Semi-Trailer,Diesel,11,450,26000,True,R029,Depot A,Port Terminal,28.6,17123.6,1.13,3,44.0,3.98,1.05,18.95
V003,Bus,Hybrid,9,280,6000,True,R007,Central Hub,Industrial Park,286.6,5421.0,1.77,3,43.4,0.77,1.04,120.34
V004,Van,Diesel,10,75,1500,True,R028,Central Hub,Zone 4,29.4,1269.2,1.67,1,36.8,-1.04,1.02,4.79
V052,Van,Petrol,2,75,1500,True,R014,Depot A,Metro Area,54.4,1035.3,1.87,2,30.2,-2.32,1.1,9.63
V007,Van,Petrol,11,75,1500,True,R018,Hub North,Port Terminal,157.8,355.3,1.0,1,68.6,2.28,1.04,25.09
V039,Truck,Diesel,12,220,8000,True,R020,Central Hub,Port Terminal,197.9,4085.6,1.12,2,73.1,-0.37,1.28,71.74
V024,Van,Diesel,7,75,1500,True,R018,Hub North,Port Terminal,159.8,301.5,1.0,1,81.0,2.8,1.05,20.95
V047,Semi-Trailer,Diesel,6,450,26000,True,R028,Central Hub,Zone 4,30.7,14741.7,1.33,1,38.6,-0.8,1.03,16.49
V004,Van,Diesel,10,75,1500,True,R006,Depot C,Zone 1,146.5,1318.9,1.97,2,31.7,4.47,1.02,38.03
V054,Light Commercial,Petrol,7,100,3500,True,R022,Central Hub,Metro Area,264.2,361.4,1.17,2,63.3,-2.63,1.05,41.9
V042,Bus,Hybrid,4,280,6000,True,R030,Central Hub,Industrial Park,314.0,5067.7,1.58,2,49.4,2.59,1.1,125.54
V027,Truck,Diesel,10,220,8000,True,R007,Central Hub,Industrial Park,289.3,4467.4,1.28,3,62.6,0.88,1.28,115.87
V013,Truck,Hybrid,5,220,8000,True,R008,Depot B,Metro Area,128.1,1828.5,1.61,2,39.5,-3.05,1.09,31.11
V059,Light Commercial,Diesel,7,100,3500,True,R015,Central Hub,Zone 3,165.2,2896.2,1.93,2,35.8,2.72,1.14,52.54
V019,Semi-Trailer,Diesel,11,450,26000,True,R022,Central Hub,Metro Area,264.2,14465.4,1.0,2,79.4,-2.7,1.04,111.11
V030,Van,Diesel,11,75,1500,True,R029,Depot A,Port Terminal,33.0,721.4,1.18,3,48.3,3.43,1.15,5.72
V024,Van,Diesel,7,75,1500,True,R024,Depot C,Zone 2,103.7,787.1,1.19,1,65.0,-2.66,1.29,12.2
V014,Light Commercial,Diesel,4,100,3500,True,R024,Depot C,Zone 2,102.1,788.4,1.01,1,78.7,-1.81,1.14,15.52
V025,Truck,Diesel,11,220,8000,True,R014,Depot A,Metro Area,54.6,1566.6,2.03,2,26.5,-2.67,1.03,23.32
V010,Semi-Trailer,Diesel,12,450,26000,True,R020,Central Hub,Port Terminal,199.7,17220.4,1.31,2,61.3,-0.75,1.06,100.07
V001,Semi-Trailer,Diesel,6,450,26000,True,R007,Central Hub,Industrial Park,287.2,22057.1,1.15,3,65.7,0.99,1.13,156.77
V018,Light Commercial,Hybrid,9,100,3500,True,R014,Depot A,Metro Area,57.5,2416.0,1.92,2,28.0,-2.68,1.17,11.57
V007,Van,Petrol,11,75,1500,True,R006,Depot C,Zone 1,147.8,1222.0,1.77,2,37.5,4.7,1.05,41.82
V025,Truck,Diesel,11,220,8000,True,R001,Depot B,Port Terminal,287.7,6544.4,1.55,1,51.2,-2.01,1.02,113.08
V052,Van,Petrol,2,75,1500,True,R026,Central Hub,Zone 4,111.3,190.9,1.57,3,42.7,0.65,1.0,16.28
V010,Semi-Trailer,Diesel,12,450,26000,True,R025,Hub North,Zone 1,66.5,19638.1,1.64,2,33.3,-2.11,1.08,40.78
V001,Semi-Trailer,Diesel,6,450,26000,True,R016,Central Hub,Industrial Park,23.4,19663.2,1.89,1,24.8,0.25,1.05,17.49
V007,Van,Petrol,11,75,1500,True,R001,Depot B,Port Terminal,287.1,596.2,1.3,1,59.1,-2.71,1.0,36.91
V031,Light Commercial,Diesel,6,100,3500,True,R003,Depot B,Zone 1,296.0,1569.3,1.13,2,62.4,-1.76,1.01,48.53
V017,Light Commercial,Hybrid,8,100,3500,True,R004,Depot C,Zone 3,266.2,2567.8,1.18,3,61.4,3.87,1.1,51.42
V030,Van,Diesel,11,75,1500,True,R022,Central Hub,Metro Area,264.3,1407.9,1.5,2,51.4,-1.94,1.05,39.42
V002,Truck,Diesel,11,220,8000,True,R007,Central Hub,Industrial Park,289.2,7517.2,1.49,3,53.5,1.17,1.12,134.89
V020,Truck,Diesel,4,220,8000,True,R008,Depot B,Metro Area,125.8,4022.1,1.69,2,48.7,-3.06,1.0,42.05
V025,Truck,Diesel,11,220,8000,True,R026,Central Hub,Zone 4,115.0,6168.9,1.57,3,43.3,0.27,1.09,52.2
V026,Semi-Trailer,Diesel,7,450,26000,True,R027,Depot C,Zone 1,69.8,12900.0,1.1,2,39.4,-1.94,1.1,31.85
V034,Van,Diesel,10,75,1500,True,R023,Depot B,Zone 2,266.7,1254.1,1.28,3,54.6,-1.33,1.07,35.7
V047,Semi-Trailer,Diesel,6,450,26000,True,R010,Hub North,Zone 2,198.7,16959.0,1.01,2,70.3,4.1,1.2,124.95
V029,Van,Diesel,12,75,1500,True,R018,Hub North,Port Terminal,158.7,1344.2,1.0,1,81.3,2.68,1.03,27.08
V051,Light Commercial,Diesel,8,100,3500,True,R007,Central Hub,Industrial Park,287.9,3316.8,1.3,3,63.0,0.61,1.26,63.61
V032,Truck,Diesel,8,220,8000,True,R026,Central Hub,Zone 4,113.5,3045.3,1.77,3,38.4,0.85,1.09,49.08
V016,Van,Petrol,6,75,1500,True,R003,Depot B,Zone 1,295.2,1398.6,1.14,2,72.8,-2.33,1.02,43.54
V014,Light Commercial,Diesel,4,100,3500,True,R023,Depot B,Zone 2,269.1,2410.2,1.1,3,73.1,-1.0,1.07,47.41
V020,Truck,Diesel,4,220,8000,True,R016,Central Hub,Industrial Park,23.4,2419.0,1.7,1,22.9,0.5,1.02,10.55
V036,Van,Diesel,6,75,1500,True,R023,Depot B,Zone 2,269.4,154.0,1.04,3,67.9,-1.14,1.03,27.03
V015,Van,Diesel,9,75,1500,True,R014,Depot A,Metro Area,56.4,1021.9,1.88,2,19.9,-2.74,1.02,10.07
V055,Van,CNG,6,75,1500,True,R005,Hub North,Zone 3,169.4,433.5,1.83,1,40.6,-1.71,1.06,26.3
V029,Van,Diesel,12,75,1500,True,R023,Depot B,Zone 2,270.4,445.0,1.26,3,59.6,-0.93,1.01,30.84
V052,Van,Petrol,2,75,1500,True,R019,Depot B,Port Terminal,257.1,854.0,1.65,2,45.6,-1.55,1.05,39.82
V041,Bus,Petrol,6,280,6000,True,R014,Depot A,Metro Area,57.2,757.7,1.72,2,20.9,-2.6,1.12,31.28
V021,Van,Diesel,10,75,1500,True,R012,Depot A,Zone 2,55.2,680.9,1.05,2,41.9,2.07,1.22,8.65
V014,Light Commercial,Diesel,4,100,3500,True,R011,Central Hub,Port Terminal,313.0,2728.1,1.0,1,76.0,0.16,1.13,58.54
V045,Light Commercial,Diesel,9,100,3500,True,R015,Central Hub,Zone 3,163.0,431.1,1.51,2,52.3,2.07,1.03,34.28
V020,Truck,Diesel,4,220,8000,True,R008,Depot B,Metro Area,129.9,5042.8,1.62,2,38.1,-2.82,1.01,48.12
V015,Van,Diesel,9,75,1500,True,R009,Depot A,Industrial Park,88.1,351.9,1.69,1,24.4,-2.71,1.15,12.13
V056,Semi-Trailer,Diesel,6,450,26000,True,R009,Depot A,Industrial Park,90.9,21668.8,1.55,1,36.4,-2.84,1.04,49.42
V029,Van,Diesel,12,75,1500,True,R001,Depot B,Port Terminal,289.0,648.1,1.36,1,50.3,-2.48,1.01,35.75
V003,Bus,Hybrid,9,280,6000,True,R028,Central Hub,Zone 4,31.4,4741.8,1.7,1,29.4,0.24,1.01,14.25
V030,Van,Diesel,11,75,1500,True,R008,Depot B,Metro Area,125.8,1072.9,1.78,2,36.8,-2.77,1.01,20.11
V028,Van,Diesel,4,75,1500,True,R005,Hub North,Zone 3,172.0,1269.2,1.61,1,49.9,-1.91,1.23,25.75
V052,Van,Petrol,2,75,1500,True,R005,Hub North,Zone 3,172.7,809.0,1.73,1,35.2,-1.08,1.13,30.9
V043,Truck,Diesel,9,220,8000,True,R030,Central Hub,Industrial Park,314.1,4105.6,1.73,2,42.1,2.73,1.04,168.53
V012,Van,Petrol,1,75,1500,True,R015,Central Hub,Zone 3,165.4,197.7,1.72,2,47.5,1.91,1.16,27.07
V010,Semi-Trailer,Diesel,12,450,26000,True,R010,Hub North,Zone 2,197.3,14397.3,1.09,2,71.3,3.26,1.02,119.03
V037,Van,Petrol,6,75,1500,True,R013,Central Hub,Metro Area,192.3,815.5,1.64,2,43.9,-1.39,1.2,29.93
V003,Bus,Hybrid,9,280,6000,True,R003,Depot B,Zone 1,296.2,3692.6,1.24,2,57.5,-1.9,1.02,84.02
V020,Truck,Diesel,4,220,8000,True,R010,Hub North,Zone 2,194.4,1690.9,1.39,2,53.1,4.06,1.04,82.62
V009,Semi-Trailer,Diesel,1,450,26000,True,R008,Depot B,Metro Area,129.9,14533.3,1.54,2,43.6,-3.16,1.1,57.77
V002,Truck,Diesel,11,220,8000,True,R025,Hub North,Zone 1,67.8,3887.4,1.59,2,31.1,-3.19,1.01,25.58
V056,Semi-Trailer,Diesel,6,450,26000,True,R002,Hub North,Metro Area,99.4,15771.1,1.63,3,30.4,2.34,1.01,75.18
V006,Semi-Trailer,Diesel,8,450,26000,True,R013,Central Hub,Metro Area,192.7,17198.2,1.54,2,47.1,-1.83,1.04,100.62
V001,Semi-Trailer,Diesel,6,450,26000,True,R024,Depot C,Zone 2,103.6,10587.5,1.1,1,72.5,-1.36,1.01,44.49
V056,Semi-Trailer,Diesel,6,450,26000,True,R026,Central Hub,Zone 4,113.6,13739.6,1.56,3,43.8,0.43,1.07,64.6
V012,Van,Petrol,1,75,1500,True,R016,Central Hub,Industrial Park,22.4,653.7,1.73,1,22.0,1.04,1.01,4.75
V049,Truck,Diesel,8,220,8000,True,R007,Central Hub,Industrial Park,288.8,6005.3,1.53,3,46.8,1.41,1.04,138.79
V002,Truck,Diesel,11,220,8000,True,R011,Central Hub,Port Terminal,312.7,6215.7,1.11,1,68.2,-0.1,1.02,113.7
V010,Semi-Trailer,Diesel,12,450,26000,True,R007,Central Hub,Industrial Park,287.4,9074.0,1.2,3,61.9,-0.01,1.2,134.62
V007,Van,Petrol,11,75,1500,True,R020,Central Hub,Port Terminal,197.9,480.9,1.51,2,49.1,-0.52,1.12,30.51
V043,Truck,Diesel,9,220,8000,True,R009,Depot A,Industrial Park,87.5,5412.6,1.89,1,21.9,-2.19,1.22,43.88
V038,Light Commercial,Diesel,6,100,3500,True,R019,Depot B,Port Terminal,259.3,2652.7,1.3,2,53.6,-2.28,1.01,50.31
V029,Van,Diesel,12,75,1500,True,R020,Central Hub,Port Terminal,198.8,163.9,1.33,2,54.5,0.04,1.03,23.8
V015,Van,Diesel,9,75,1500,True,R029,Depot A,Port Terminal,29.2,695.0,1.12,3,42.3,4.11,1.11,5.09
V006,Semi-Trailer,Diesel,8,450,26000,True,R012,Depot A,Zone 2,52.7,9400.9,1.03,2,52.7,2.73,1.04,26.54
V035,Van,Petrol,9,75,1500,True,R029,Depot A,Port Terminal,32.0,1127.3,1.19,3,43.1,4.32,1.2,7.42
V014,Light Commercial,Diesel,4,100,3500,True,R013,Central Hub,Metro Area,191.4,777.0,1.59,2,45.2,-1.75,1.11,33.59
V036,Van,Diesel,6,75,1500,True,R021,Depot A,Metro Area,280.1,1142.3,1.17,1,68.5,0.67,1.16,40.08
V042,Bus,Hybrid,4,280,6000,True,R020,Central Hub,Port Terminal,200.8,3973.2,1.33,2,58.0,0.02,1.33,61.68
V051,Light Commercial,Diesel,8,100,3500,True,R025,Hub North,Zone 1,66.3,2857.7,1.3,2,33.1,-3.25,1.08,14.42
V030,Van,Diesel,11,75,1500,True,R015,Central Hub,Zone 3,163.9,1412.6,1.5,2,37.0,1.34,1.02,32.13
V001,Semi-Trailer,Diesel,6,450,26000,True,R024,Depot C,Zone 2,101.5,13131.9,1.28,1,53.4,-2.5,1.08,43.01
V017,Light Commercial,Hybrid,8,100,3500,True,R011,Central Hub,Port Terminal,312.0,2430.7,1.06,1,73.2,0.49,1.03,47.4
V052,Van,Petrol,2,75,1500,True,R015,Central Hub,Zone 3,165.9,1055.2,2.13,2,38.8,1.87,1.21,39.27
V032,Truck,Diesel,8,220,8000,True,R015,Central Hub,Zone 3,162.0,6543.1,2.11,2,29.0,0.95,1.02,97.43
V038,Light Commercial,Diesel,6,100,3500,True,R022,Central Hub,Metro Area,265.0,1891.4,1.02,2,75.9,-2.75,1.03,40.51
V028,Van,Diesel,4,75,1500,True,R019,Depot B,Port Terminal,259.5,287.3,1.82,2,43.7,-1.63,1.18,33.72
V010,Semi-Trailer,Diesel,12,450,26000,True,R003,Depot B,Zone 1,294.1,24243.9,1.22,2,67.0,-1.44,1.05,153.27
V054,Light Commercial,Petrol,7,100,3500,True,R025,Hub North,Zone 1,68.1,519.1,1.42,2,38.9,-2.42,1.0,13.42
V047,Semi-Trailer,Diesel,6,450,26000,True,R023,Depot B,Zone 2,267.1,23868.5,1.0,3,80.4,-0.95,1.0,128.55
V060,Light Commercial,Diesel,7,100,3500,True,R004,Depot C,Zone 3,268.6,1109.7,1.4,3,55.4,2.61,1.04,59.23
V052,Van,Petrol,2,75,1500,True,R029,Depot A,Port Terminal,31.7,777.9,1.13,3,45.9,3.17,1.03,5.33
V018,Light Commercial,Hybrid,9,100,3500,True,R020,Central Hub,Port Terminal,199.7,3178.2,1.41,2,51.7,0.07,1.07,32.42
V016,Van,Petrol,6,75,1500,True,R003,Depot B,Zone 1,292.9,1012.7,1.05,2,75.0,-2.01,1.19,37.61
V015,Van,Diesel,9,75,1500,True,R015,Central Hub,Zone 3,165.5,896.6,1.64,2,40.4,2.15,1.08,30.42
V056,Semi-Trailer,Diesel,6,450,26000,True,R026,Central Hub,Zone 4,113.8,9802.2,1.69,3,43.9,1.1,1.04,60.26
V034,Van,Diesel,10,75,1500,True,R009,Depot A,Industrial Park,88.8,522.8,1.82,1,29.7,-3.14,1.01,13.1
V028,Van,Diesel,4,75,1500,True,R028,Central Hub,Zone 4,27.8,191.8,1.42,1,40.9,-0.29,1.12,3.39
V059,Light Commercial,Diesel,7,100,3500,True,R013,Central Hub,Metro Area,192.0,2094.3,1.64,2,43.9,-1.38,1.01,40.04
V037,Van,Petrol,6,75,1500,True,R007,Central Hub,Industrial Park,287.8,698.4,1.07,3,73.8,1.06,1.01,43.35
V055,Van,CNG,6,75,1500,True,R011,Central Hub,Port Terminal,309.7,436.0,1.18,1,62.6,-0.33,1.03,40.9
V060,Light Commercial,Diesel,7,100,3500,True,R016,Central Hub,Industrial Park,22.1,1493.0,1.39,1,39.8,0.6,1.26,4.96
V005,Light Commercial,CNG,10,100,3500,True,R021,Depot A,Metro Area,277.5,3149.3,1.39,1,50.8,-0.38,1.04,65.23
V022,Truck,Diesel,10,220,8000,True,R028,Central Hub,Zone 4,30.9,6569.1,1.36,1,39.7,-0.3,1.07,12.52
V045,Light Commercial,Diesel,9,100,3500,True,R006,Depot C,Zone 1,147.9,1630.5,1.72,2,43.3,4.61,1.02,44.29
V049,Truck,Diesel,8,220,8000,True,R029,Depot A,Port Terminal,28.3,7463.7,1.45,3,29.6,2.82,1.06,17.07
V009,Semi-Trailer,Diesel,1,450,26000,True,R016,Central Hub,Industrial Park,23.1,12812.8,1.51,1,32.4,0.82,1.08,13.66
V020,Truck,Diesel,4,220,8000,True,R004,Depot C,Zone 3,268.0,3174.2,1.23,3,66.1,3.29,1.07,106.8
V033,Truck,Diesel,6,220,8000,True,R028,Central Hub,Zone 4,30.8,3437.9,1.56,1,28.0,-0.45,1.22,13.51
V048,Light Commercial,Petrol,9,100,3500,True,R011,Central Hub,Port Terminal,310.8,2952.0,1.0,1,69.1,0.57,1.05,74.51
V007,Van,Petrol,11,75,1500,True,R019,Depot B,Port Terminal,256.8,491.4,1.66,2,46.8,-1.79,1.04,39.32
V037,Van,Petrol,6,75,1500,True,R021,Depot A,Metro Area,278.4,433.2,1.4,1,46.9,-0.29,1.15,41.4
V018,Light Commercial,Hybrid,9,100,3500,True,R001,Depot B,Port Terminal,287.5,3207.6,1.57,1,54.1,-2.39,1.02,43.49
V013,Truck,Hybrid,5,220,8000,True,R007,Central Hub,Industrial Park,287.5,5793.0,1.0,3,81.2,0.67,1.2,79.61
V031,Light Commercial,Diesel,6,100,3500,True,R021,Depot A,Metro Area,279.8,2622.2,1.21,1,66.1,0.38,1.04,55.11
V025,Truck,Diesel,11,220,8000,True,R010,Hub North,Zone 2,197.5,5834.0,1.02,2,73.6,3.78,1.03,94.11
V039,Truck,Diesel,12,220,8000,True,R001,Depot B,Port Terminal,287.7,5443.8,1.66,1,51.9,-2.35,1.1,111.44
V020,Truck,Diesel,4,220,8000,True,R001,Depot B,Port Terminal,287.8,1420.5,1.65,1,50.9,-1.94,1.05,92.26
V050,Light Commercial,Diesel,2,100,3500,True,R025,Hub North,Zone 1,72.1,2592.2,1.58,2,29.6,-3.22,1.0,14.63
V005,Light Commercial,CNG,10,100,3500,True,R005,Hub North,Zone 3,170.9,1090.5,1.62,1,52.1,-2.03,1.12,35.23
V052,Van,Petrol,2,75,1500,True,R004,Depot C,Zone 3,267.3,318.8,1.52,3,45.6,3.16,1.04,46.86
V002,Truck,Diesel,11,220,8000,True,R017,Hub North,Zone 2,147.7,7484.4,1.49,3,49.5,4.28,1.05,85.33
V045,Light Commercial,Diesel,9,100,3500,True,R004,Depot C,Zone 3,268.7,432.9,1.57,3,40.6,3.17,1.06,65.21
V021,Van,Diesel,10,75,1500,True,R020,Central Hub,Port Terminal,196.8,190.3,1.39,2,54.5,-0.71,1.01,20.96
V024,Van,Diesel,7,75,1500,True,R017,Hub North,Zone 2,144.1,545.1,1.61,3,45.5,4.95,1.02,27.63
V002,Truck,Diesel,11,220,8000,True,R020,Central Hub,Port Terminal,197.5,6540.6,1.28,2,56.7,0.08,1.23,81.22
V043,Truck,Diesel,9,220,8000,True,R015,Central Hub,Zone 3,165.4,7450.0,2.02,2,36.4,1.68,1.08,97.06
V010,Semi-Trailer,Diesel,12,450,26000,True,R024,Depot C,Zone 2,101.5,5219.5,1.23,1,58.6,-2.64,1.06,43.11
V040,Van,CNG,2,75,1500,True,R020,Central Hub,Port Terminal,198.2,654.2,1.57,2,48.0,0.23,1.04,30.5
V044,Van,CNG,4,75,1500,True,R013,Central Hub,Metro Area,194.6,1086.2,1.72,2,48.8,-2.34,1.07,31.08
V051,Light Commercial,Diesel,8,100,3500,True,R001,Depot B,Port Terminal,289.1,2270.4,1.48,1,46.3,-1.48,1.02,57.47
V043,Truck,Diesel,9,220,8000,True,R009,Depot A,Industrial Park,90.0,2387.0,1.8,1,31.2,-2.77,1.03,36.4
V019,Semi-Trailer,Diesel,11,450,26000,True,R004,Depot C,Zone 3,268.8,9875.5,1.52,3,50.3,3.66,1.22,190.07
V045,Light Commercial,Diesel,9,100,3500,True,R001,Depot B,Port Terminal,287.6,2118.3,1.64,1,47.2,-2.45,1.01,60.57
V050,Light Commercial,Diesel,2,100,3500,True,R009,Depot A,Industrial Park,89.4,455.3,1.73,1,28.8,-1.89,1.02,17.96
V020,Truck,Diesel,4,220,8000,True,R007,Central Hub,Industrial Park,289.3,5956.0,1.02,3,70.6,0.36,1.01,97.52
V008,Semi-Trailer,Diesel,1,450,26000,True,R003,Depot B,Zone 1,294.6,8686.4,1.2,2,64.2,-1.65,1.01,117.47
V054,Light Commercial,Petrol,7,100,3500,True,R010,Hub North,Zone 2,200.5,2814.3,1.0,2,77.1,3.82,1.01,56.48
V009,Semi-Trailer,Diesel,1,450,26000,True,R016,Central Hub,Industrial Park,23.9,17709.1,1.57,1,28.7,1.2,1.05,14.77
V036,Van,Diesel,6,75,1500,True,R006,Depot C,Zone 1,148.0,972.9,1.74,2,37.7,4.88,1.03,31.88
V015,Van,Diesel,9,75,1500,True,R009,Depot A,Industrial Park,88.9,1128.4,1.5,1,33.7,-2.71,1.04,13.24
V008,Semi-Trailer,Diesel,1,450,26000,True,R001,Depot B,Port Terminal,288.5,4260.5,1.55,1,51.5,-2.35,1.01,110.67
V047,Semi-Trailer,Diesel,6,450,26000,True,R002,Hub North,Metro Area,98.9,8345.4,1.95,3,29.6,2.28,1.35,74.7
V009,Semi-Trailer,Diesel,1,450,26000,True,R005,Hub North,Zone 3,172.0,14130.4,1.75,1,47.6,-1.73,1.04,84.85
V041,Bus,Petrol,6,280,6000,True,R014,Depot A,Metro Area,55.3,4563.5,1.9,2,27.7,-2.28,1.0,34.03
V042,Bus,Hybrid,4,280,6000,True,R020,Central Hub,Port Terminal,198.3,4930.2,1.7,2,43.0,-0.29,1.06,73.38
V004,Van,Diesel,10,75,1500,True,R024,Depot C,Zone 2,102.3,637.2,1.27,1,59.1,-2.19,1.0,11.63
V011,Van,Diesel,6,75,1500,True,R019,Depot B,Port Terminal,258.0,1161.9,1.37,2,49.6,-1.61,1.28,34.52
V048,Light Commercial,Petrol,9,100,3500,True,R019,Depot B,Port Terminal,259.2,1005.3,1.51,2,47.1,-1.96,1.1,52.43
V031,Light Commercial,Diesel,6,100,3500,True,R029,Depot A,Port Terminal,31.8,595.2,1.2,3,41.4,3.8,1.01,7.16
V008,Semi-Trailer,Diesel,1,450,26000,True,R008,Depot B,Metro Area,129.3,8049.5,1.87,2,39.1,-2.68,1.03,59.44
V060,Light Commercial,Diesel,7,100,3500,True,R024,Depot C,Zone 2,99.7,3036.9,1.32,1,38.2,-2.31,1.01,20.82
V016,Van,Petrol,6,75,1500,True,R029,Depot A,Port Terminal,33.5,843.6,1.0,3,44.5,4.53,1.02,6.04
V001,Semi-Trailer,Diesel,6,450,26000,True,R018,Hub North,Port Terminal,157.4,13237.8,1.0,1,70.4,3.18,1.11,81.53
V056,Semi-Trailer,Diesel,6,450,26000,True,R026,Central Hub,Zone 4,111.9,19027.7,1.74,3,46.2,0.66,1.04,69.81
V001,Semi-Trailer,Diesel,6,450,26000,True,R005,Hub North,Zone 3,171.6,2823.1,1.65,1,42.2,-1.76,1.14,74.68
V034,Van,Diesel,10,75,1500,True,R027,Depot C,Zone 1,69.7,300.8,1.0,2,47.3,-1.94,1.03,7.25
V060,Light Commercial,Diesel,7,100,3500,True,R017,Hub North,Zone 2,145.1,646.3,1.42,3,53.2,5.02,1.1,35.14
V035,Van,Petrol,9,75,1500,True,R007,Central Hub,Industrial Park,289.6,305.1,1.3,3,54.0,0.25,1.03,39.62
V036,Van,Diesel,6,75,1500,True,R002,Hub North,Metro Area,101.5,728.1,1.55,3,52.8,1.83,1.05,15.52
V024,Van,Diesel,7,75,1500,True,R022,Central Hub,Metro Area,263.9,507.9,1.0,2,70.0,-2.52,1.01,26.05
V008,Semi-Trailer,Diesel,1,450,26000,True,R013,Central Hub,Metro Area,193.1,19964.5,1.7,2,44.2,-2.02,1.0,100.27
V035,Van,Petrol,9,75,1500,True,R010,Hub North,Zone 2,197.9,1219.8,1.26,2,56.5,3.1,1.02,38.34
V054,Light Commercial,Petrol,7,100,3500,True,R012,Depot A,Zone 2,54.9,3101.7,1.08,2,46.9,1.61,1.14,14.43
V006,Semi-Trailer,Diesel,8,450,26000,True,R030,Central Hub,Industrial Park,314.3,6933.0,1.88,2,38.0,2.7,1.09,223.01
V053,Van,CNG,12,75,1500,True,R013,Central Hub,Metro Area,191.5,791.1,1.7,2,44.1,-2.18,1.35,34.08
V025,Truck,Diesel,11,220,8000,True,R003,Depot B,Zone 1,294.8,1131.1,1.0,2,79.9,-1.13,1.27,90.8
V033,Truck,Diesel,6,220,8000,True,R009,Depot A,Industrial Park,88.8,2431.4,1.54,1,29.7,-2.52,1.0,31.89
V010,Semi-Trailer,Diesel,12,450,26000,True,R005,Hub North,Zone 3,173.0,16193.2,1.77,1,39.6,-1.66,1.26,107.39
V038,Light Commercial,Diesel,6,100,3500,True,R021,Depot A,Metro Area,278.7,1606.6,1.42,1,51.7,0.17,1.02,50.44
V011,Van,Diesel,6,75,1500,True,R025,Hub North,Zone 1,69.4,1030.6,1.4,2,41.7,-2.8,1.02,9.18
V017,Light Commercial,Hybrid,8,100,3500,True,R026,Central Hub,Zone 4,110.6,2846.7,1.84,3,40.4,0.4,1.07,21.55
V044,Van,CNG,4,75,1500,True,R019,Depot B,Port Terminal,257.1,225.9,1.48,2,55.5,-1.28,1.07,32.53
V004,Van,Diesel,10,75,1500,True,R024,Depot C,Zone 2,101.0,1346.7,1.44,1,51.4,-2.78,1.12,13.52
V027,Truck,Diesel,10,220,8000,True,R013,Central Hub,Metro Area,190.6,1088.3,1.75,2,47.7,-1.43,1.01,66.24
V036,Van,Diesel,6,75,1500,True,R019,Depot B,Port Terminal,259.5,1401.6,1.37,2,56.6,-1.64,1.08,34.87
V008,Semi-Trailer,Diesel,1,450,26000,True,R004,Depot C,Zone 3,266.6,16691.7,1.41,3,55.4,2.95,1.06,157.2
V018,Light Commercial,Hybrid,9,100,3500,True,R017,Hub North,Zone 2,141.8,478.8,1.65,3,39.8,3.95,1.04,26.77
V021,Van,Diesel,10,75,1500,True,R017,Hub North,Zone 2,144.7,651.9,1.47,3,44.7,3.74,1.01,26.58
V040,Van,CNG,2,75,1500,True,R001,Depot B,Port Terminal,287.4,479.2,1.32,1,61.3,-3.05,1.15,34.08
V059,Light Commercial,Diesel,7,100,3500,True,R017,Hub North,Zone 2,142.5,2725.8,1.61,3,50.8,3.92,1.18,41.84
V051,Light Commercial,Diesel,8,100,3500,True,R022,Central Hub,Metro Area,262.6,1020.7,1.11,2,77.3,-2.42,1.08,40.95
V012,Van,Petrol,1,75,1500,True,R012,Depot A,Zone 2,56.4,1203.4,1.0,2,44.1,1.54,1.05,9.38
V002,Truck,Diesel,11,220,8000,True,R017,Hub North,Zone 2,144.1,2923.9,1.57,3,49.8,3.61,1.01,70.09
V004,Van,Diesel,10,75,1500,True,R009,Depot A,Industrial Park,89.6,1411.2,1.61,1,26.9,-2.88,1.09,15.12
V036,Van,Diesel,6,75,1500,True,R009,Depot A,Industrial Park,89.3,494.8,1.48,1,30.8,-2.67,1.22,11.72
V010,Semi-Trailer,Diesel,12,450,26000,True,R004,Depot C,Zone 3,268.2,17737.6,1.25,3,58.1,2.83,1.05,176.28
V014,Light Commercial,Diesel,4,100,3500,True,R010,Hub North,Zone 2,197.0,2730.6,1.4,2,55.0,3.45,1.04,52.35
V051,Light Commercial,Diesel,8,100,3500,True,R025,Hub North,Zone 1,67.1,994.0,1.7,2,26.7,-2.66,1.01,14.4
V053,Van,CNG,12,75,1500,True,R029,Depot A,Port Terminal,32.7,246.6,1.27,3,39.4,4.4,1.05,6.8
V051,Light Commercial,Diesel,8,100,3500,True,R020,Central Hub,Port Terminal,200.0,1990.0,1.39,2,57.3,0.6,1.03,44.57
V016,Van,Petrol,6,75,1500,True,R019,Depot B,Port Terminal,257.0,1013.3,1.56,2,52.6,-2.29,1.0,39.0
V038,Light Commercial,Diesel,6,100,3500,True,R019,Depot B,Port Terminal,258.1,2781.4,1.48,2,53.3,-1.98,1.02,51.34
V037,Van,Petrol,6,75,1500,True,R015,Central Hub,Zone 3,163.5,497.8,1.64,2,47.4,2.08,1.02,29.26
V012,Van,Petrol,1,75,1500,True,R013,Central Hub,Metro Area,190.5,1262.2,1.55,2,47.7,-2.08,1.07,29.62
V034,Van,Diesel,10,75,1500,True,R019,Depot B,Port Terminal,258.3,1317.6,1.38,2,52.1,-1.3,1.02,33.36
V032,Truck,Diesel,8,220,8000,True,R024,Depot C,Zone 2,101.2,6098.5,1.35,1,57.7,-2.19,1.02,36.69
V024,Van,Diesel,7,75,1500,True,R013,Central Hub,Metro Area,190.8,159.7,1.85,2,36.3,-1.27,1.08,24.83
V046,Truck,Diesel,4,220,8000,True,R017,Hub North,Zone 2,140.6,1393.1,1.37,3,55.3,4.65,1.1,58.54
V041,Bus,Petrol,6,280,6000,True,R015,Central Hub,Zone 3,161.7,5688.5,1.82,2,37.0,2.22,1.08,116.64
V032,Truck,Diesel,8,220,8000,True,R009,Depot A,Industrial Park,87.9,5790.9,1.65,1,30.1,-2.68,1.18,37.85
V044,Van,CNG,4,75,1500,True,R009,Depot A,Industrial Park,88.4,949.2,1.69,1,25.4,-2.56,1.21,16.5
V046,Truck,Diesel,4,220,8000,True,R003,Depot B,Zone 1,293.1,6929.3,1.0,2,73.4,-1.78,1.07,97.38
V035,Van,Petrol,9,75,1500,True,R014,Depot A,Metro Area,56.0,200.5,2.0,2,22.3,-3.11,1.11,10.28
V017,Light Commercial,Hybrid,8,100,3500,True,R022,Central Hub,Metro Area,264.0,2603.2,1.1,2,65.2,-2.07,1.14,37.12
V046,Truck,Diesel,4,220,8000,True,R021,Depot A,Metro Area,280.5,5251.8,1.28,1,58.1,0.43,1.26,105.59
V044,Van,CNG,4,75,1500,True,R030,Central Hub,Industrial Park,313.5,1231.5,1.7,2,34.3,2.78,1.03,75.3
V060,Light Commercial,Diesel,7,100,3500,True,R002,Hub North,Metro Area,99.6,2664.3,1.48,3,26.7,2.3,1.0,30.66
V009,Semi-Trailer,Diesel,1,450,26000,True,R023,Depot B,Zone 2,266.7,13317.0,1.19,3,66.4,-1.27,1.03,105.79
V026,Semi-Trailer,Diesel,7,450,26000,True,R024,Depot C,Zone 2,99.9,4168.4,1.3,1,39.1,-3.01,1.03,39.84
V056,Semi-Trailer,Diesel,6,450,26000,True,R014,Depot A,Metro Area,55.8,22697.8,2.01,2,22.0,-2.11,1.03,39.6
V031,Light Commercial,Diesel,6,100,3500,True,R009,Depot A,Industrial Park,87.1,2621.4,1.54,1,36.4,-3.03,1.03,18.11
V057,Light Commercial,Diesel,6,100,3500,True,R011,Central Hub,Port Terminal,312.8,1410.3,1.0,1,72.4,0.43,1.01,50.49
V001,Semi-Trailer,Diesel,6,450,26000,True,R021,Depot A,Metro Area,279.1,24344.8,1.26,1,57.2,0.21,1.1,155.61
V003,Bus,Hybrid,9,280,6000,True,R026,Central Hub,Zone 4,113.6,2186.7,1.92,3,36.0,0.69,1.0,44.69
V048,Light Commercial,Petrol,9,100,3500,True,R020,Central Hub,Port Terminal,197.2,1452.4,1.4,2,61.0,0.14,1.03,44.99
V022,Truck,Diesel,10,220,8000,True,R016,Central Hub,Industrial Park,21.6,7427.8,1.66,1,31.0,1.17,1.0,11.54
V032,Truck,Diesel,8,220,8000,True,R020,Central Hub,Port Terminal,199.5,5343.2,1.15,2,66.2,0.02,1.14,70.38
V026,Semi-Trailer,Diesel,7,450,26000,True,R003,Depot B,Zone 1,296.2,22030.2,1.0,2,76.9,-1.98,1.08,131.89
V025,Truck,Diesel,11,220,8000,True,R019,Depot B,Port Terminal,260.5,6836.7,1.14,2,58.3,-1.52,1.04,94.04
V057,Light Commercial,Diesel,6,100,3500,True,R002,Hub North,Metro Area,100.9,1945.9,1.61,3,44.2,1.18,1.01,23.67
V006,Semi-Trailer,Diesel,8,450,26000,True,R029,Depot A,Port Terminal,33.6,8500.0,1.0,3,51.8,4.52,1.17,20.15
V047,Semi-Trailer,Diesel,6,450,26000,True,R027,Depot C,Zone 1,70.0,21328.6,1.45,2,34.5,-2.17,1.04,38.79
V054,Light Commercial,Petrol,7,100,3500,True,R016,Central Hub,Industrial Park,24.2,1843.1,1.79,1,36.7,0.8,1.06,6.91
V040,Van,CNG,2,75,1500,True,R012,Depot A,Zone 2,53.8,869.5,1.17,2,40.6,1.39,1.18,9.87
V024,Van,Diesel,7,75,1500,True,R022,Central Hub,Metro Area,264.7,840.2,1.0,2,78.8,-2.95,1.01,27.84
V010,Semi-Trailer,Diesel,12,450,26000,True,R020,Central Hub,Port Terminal,195.4,2811.9,1.41,2,56.6,-0.19,1.09,86.88
V041,Bus,Petrol,6,280,6000,True,R022,Central Hub,Metro Area,262.4,833.9,1.38,2,55.0,-2.87,1.04,90.38
V029,Van,Diesel,12,75,1500,True,R016,Central Hub,Industrial Park,23.3,935.9,1.63,1,31.9,1.4,1.28,4.62
V009,Semi-Trailer,Diesel,1,450,26000,True,R008,Depot B,Metro Area,127.0,20157.1,1.83,2,39.9,-2.65,1.05,68.93
V022,Truck,Diesel,10,220,8000,True,R003,Depot B,Zone 1,295.0,3907.9,1.01,2,66.6,-1.85,1.02,87.06
V058,Truck,Diesel,12,220,8000,True,R009,Depot A,Industrial Park,89.9,2094.8,1.58,1,33.1,-2.57,1.21,35.43
V016,Van,Petrol,6,75,1500,True,R016,Central Hub,Industrial Park,21.8,668.5,1.55,1,34.0,1.43,1.08,4.22
V011,Van,Diesel,6,75,1500,True,R013,Central Hub,Metro Area,190.7,1129.6,1.4,2,55.9,-1.54,1.13,23.71
V041,Bus,Petrol,6,280,6000,True,R016,Central Hub,Industrial Park,21.9,1154.0,1.9,1,26.6,0.48,1.31,13.76
V012,Van,Petrol,1,75,1500,True,R009,Depot A,Industrial Park,87.1,864.3,1.73,1,32.8,-2.79,1.1,13.84
V056,Semi-Trailer,Diesel,6,450,26000,True,R029,Depot A,Port Terminal,30.6,18118.9,1.26,3,36.2,4.09,1.17,21.69
V052,Van,Petrol,2,75,1500,True,R012,Depot A,Zone 2,55.4,680.2,1.08,2,52.1,2.06,1.1,8.71
V060,Light Commercial,Diesel,7,100,3500,True,R026,Central Hub,Zone 4,111.5,2138.8,1.52,3,45.4,0.12,1.12,25.35
V055,Van,CNG,6,75,1500,True,R012,Depot A,Zone 2,57.7,1276.4,1.36,2,36.2,2.22,1.01,12.11
V015,Van,Diesel,9,75,1500,True,R014,Depot A,Metro Area,53.9,421.3,1.62,2,33.6,-2.87,1.07,7.18
V013,Truck,Hybrid,5,220,8000,True,R019,Depot B,Port Terminal,260.1,1718.6,1.52,2,47.2,-1.12,1.0,66.73
V021,Van,Diesel,10,75,1500,True,R008,Depot B,Metro Area,127.4,227.6,1.72,2,46.7,-2.53,1.05,15.41
V029,Van,Diesel,12,75,1500,True,R007,Central Hub,Industrial Park,287.6,1075.9,1.31,3,55.8,0.2,1.04,41.01
V053,Van,CNG,12,75,1500,True,R012,Depot A,Zone 2,57.0,1298.2,1.03,2,48.9,1.71,1.27,11.24
V045,Light Commercial,Diesel,9,100,3500,True,R025,Hub North,Zone 1,70.0,2403.9,1.5,2,32.7,-3.29,1.08,15.46
V039,Truck,Diesel,12,220,8000,True,R005,Hub North,Zone 3,171.5,7439.9,1.66,1,42.9,-1.39,1.15,80.7
V053,Van,CNG,12,75,1500,True,R014,Depot A,Metro Area,55.8,1052.8,1.91,2,35.2,-2.59,1.06,10.42
V039,Truck,Diesel,12,220,8000,True,R021,Depot A,Metro Area,280.2,2761.8,1.34,1,52.8,-0.33,1.35,97.65
V023,Semi-Trailer,Diesel,7,450,26000,True,R022,Central Hub,Metro Area,263.3,8248.5,1.1,2,59.2,-3.22,1.12,93.24
V025,Truck,Diesel,11,220,8000,True,R014,Depot A,Metro Area,55.9,5333.4,1.7,2,26.1,-2.29,1.01,25.03
V032,Truck,Diesel,8,220,8000,True,R003,Depot B,Zone 1,297.2,5395.5,1.4,2,54.2,-1.55,1.09,105.73
V006,Semi-Trailer,Diesel,8,450,26000,True,R001,Depot B,Port Terminal,289.0,14176.3,1.29,1,56.4,-2.34,1.33,131.73
V045,Light Commercial,Diesel,9,100,3500,True,R015,Central Hub,Zone 3,164.8,1917.5,1.58,2,51.6,1.91,1.02,40.14
V040,Van,CNG,2,75,1500,True,R025,Hub North,Zone 1,69.3,681.2,1.51,2,37.1,-3.32,1.1,9.96
V044,Van,CNG,4,75,1500,True,R001,Depot B,Port Terminal,286.1,596.1,1.45,1,50.4,-2.31,1.05,39.16
V033,Truck,Diesel,6,220,8000,True,R027,Depot C,Zone 1,71.1,5111.6,1.41,2,28.6,-0.59,1.02,31.58
V047,Semi-Trailer,Diesel,6,450,26000,True,R021,Depot A,Metro Area,278.1,19120.1,1.35,1,50.6,0.6,1.12,145.63
V057,Light Commercial,Diesel,6,100,3500,True,R001,Depot B,Port Terminal,287.4,2769.9,1.49,1,50.1,-2.5,1.05,57.22
V035,Van,Petrol,9,75,1500,True,R011,Central Hub,Port Terminal,314.6,542.5,1.25,1,54.0,0.3,1.12,47.16
V027,Truck,Diesel,10,220,8000,True,R007,Central Hub,Industrial Park,287.1,6632.6,1.37,3,53.2,-0.49,1.03,110.7
V007,Van,Petrol,11,75,1500,True,R029,Depot A,Port Terminal,29.7,536.0,1.45,3,40.3,4.33,1.06,6.62
V047,Semi-Trailer,Diesel,6,450,26000,True,R017,Hub North,Zone 2,144.5,9337.8,1.57,3,49.2,4.54,1.14,98.68
V055,Van,CNG,6,75,1500,True,R010,Hub North,Zone 2,196.4,1177.7,1.11,2,67.9,3.28,1.08,37.63
V042,Bus,Hybrid,4,280,6000,True,R009,Depot A,Industrial Park,87.8,5543.8,1.74,1,24.6,-3.09,1.05,31.49
V052,Van,Petrol,2,75,1500,True,R017,Hub North,Zone 2,144.7,1338.6,1.14,3,66.7,3.77,1.04,28.16
V052,Van,Petrol,2,75,1500,True,R001,Depot B,Port Terminal,288.4,291.6,1.49,1,49.5,-2.2,1.03,35.96
V048,Light Commercial,Petrol,9,100,3500,True,R008,Depot B,Metro Area,126.7,1208.2,1.81,2,42.3,-2.78,1.04,29.21
V031,Light Commercial,Diesel,6,100,3500,True,R005,Hub North,Zone 3,172.9,2610.7,1.89,1,42.6,-1.17,1.0,36.3
V006,Semi-Trailer,Diesel,8,450,26000,True,R019,Depot B,Port Terminal,257.4,20418.0,1.51,2,53.1,-1.61,1.35,138.48
V001,Semi-Trailer,Diesel,6,450,26000,True,R021,Depot A,Metro Area,281.9,13744.3,1.35,1,56.2,0.52,1.07,135.84
V013,Truck,Hybrid,5,220,8000,True,R015,Central Hub,Zone 3,163.1,909.5,1.98,2,40.0,1.95,1.06,58.61
V026,Semi-Trailer,Diesel,7,450,26000,True,R005,Hub North,Zone 3,173.7,13690.8,2.01,1,35.2,-1.12,1.19,104.74
V045,Light Commercial,Diesel,9,100,3500,True,R012,Depot A,Zone 2,57.9,442.7,1.22,2,45.6,1.08,1.1,11.61
V028,Van,Diesel,4,75,1500,True,R026,Central Hub,Zone 4,110.7,508.8,1.7,3,40.5,0.05,1.13,16.03
V002,Truck,Diesel,11,220,8000,True,R007,Central Hub,Industrial Park,287.2,5266.6,1.0,3,74.2,0.5,1.33,111.07
V013,Truck,Hybrid,5,220,8000,True,R005,Hub North,Zone 3,172.7,1715.3,1.95,1,43.5,-1.02,1.05,51.88
V059,Light Commercial,Diesel,7,100,3500,True,R004,Depot C,Zone 3,266.8,2469.7,1.38,3,52.5,3.72,1.04,68.86
V060,Light Commercial,Diesel,7,100,3500,True,R025,Hub North,Zone 1,68.7,2198.6,1.54,2,27.0,-3.14,1.04,14.76
V023,Semi-Trailer,Diesel,7,450,26000,True,R004,Depot C,Zone 3,267.8,12096.2,1.2,3,61.0,2.73,1.19,154.52
V049,Truck,Diesel,8,220,8000,True,R018,Hub North,Port Terminal,157.2,3330.7,1.2,1,67.8,2.0,1.06,58.95
V044,Van,CNG,4,75,1500,True,R030,Central Hub,Industrial Park,313.9,1316.2,1.63,2,36.9,3.27,1.04,73.47
V056,Semi-Trailer,Diesel,6,450,26000,True,R020,Central Hub,Port Terminal,199.0,14825.1,1.34,2,56.2,-0.42,1.01,94.1
V054,Light Commercial,Petrol,7,100,3500,True,R013,Central Hub,Metro Area,192.4,2994.5,1.68,2,42.1,-0.72,1.25,52.97
V038,Light Commercial,Diesel,6,100,3500,True,R007,Central Hub,Industrial Park,286.6,1577.0,1.37,3,54.2,0.35,1.03,58.72
V024,Van,Diesel,7,75,1500,True,R001,Depot B,Port Terminal,287.5,908.2,1.32,1,55.5,-1.54,1.0,36.04
V038,Light Commercial,Diesel,6,100,3500,True,R005,Hub North,Zone 3,171.9,3190.0,1.88,1,43.6,-1.15,1.01,41.1
V020,Truck,Diesel,4,220,8000,True,R029,Depot A,Port Terminal,30.7,1643.8,1.02,3,49.1,3.49,1.09,11.17
V021,Van,Diesel,10,75,1500,True,R005,Hub North,Zone 3,171.4,485.0,1.7,1,48.2,-1.36,1.1,23.22
V037,Van,Petrol,6,75,1500,True,R001,Depot B,Port Terminal,288.8,1318.8,1.62,1,51.4,-2.07,1.01,48.82
V035,Van,Petrol,9,75,1500,True,R025,Hub North,Zone 1,65.6,688.1,1.37,2,36.6,-3.16,1.1,9.8
V035,Van,Petrol,9,75,1500,True,R013,Central Hub,Metro Area,191.1,496.8,1.82,2,39.7,-1.56,1.02,30.58
V024,Van,Diesel,7,75,1500,True,R011,Central Hub,Port Terminal,311.0,1421.6,1.19,1,64.8,0.84,1.03,43.41
V025,Truck,Diesel,11,220,8000,True,R022,Central Hub,Metro Area,262.8,1495.0,1.0,2,77.3,-2.42,1.25,75.11
V001,Semi-Trailer,Diesel,6,450,26000,True,R016,Central Hub,Industrial Park,25.0,16115.1,1.76,1,23.7,0.93,1.09,18.53
V037,Van,Petrol,6,75,1500,True,R028,Central Hub,Zone 4,30.0,1154.8,1.52,1,33.9,-0.98,1.35,5.61
V035,Van,Petrol,9,75,1500,True,R015,Central Hub,Zone 3,164.3,1153.1,1.87,2,39.1,1.77,1.06,39.08
V057,Light Commercial,Diesel,6,100,3500,True,R022,Central Hub,Metro Area,263.4,1664.5,1.25,2,58.3,-2.59,1.21,44.97
V031,Light Commercial,Diesel,6,100,3500,True,R027,Depot C,Zone 1,70.4,480.8,1.47,2,31.1,-2.36,1.04,13.0
V029,Van,Diesel,12,75,1500,True,R014,Depot A,Metro Area,53.2,1222.3,1.82,2,25.0,-2.44,1.04,9.9
V005,Light Commercial,CNG,10,100,3500,True,R009,Depot A,Industrial Park,88.2,2738.1,1.8,1,32.8,-2.56,1.02,23.06
V012,Van,Petrol,1,75,1500,True,R030,Central Hub,Industrial Park,312.4,452.7,1.73,2,42.0,2.4,1.14,56.53
V021,Van,Diesel,10,75,1500,True,R007,Central Hub,Industrial Park,287.1,584.2,1.25,3,64.6,0.52,1.06,35.73
V023,Semi-Trailer,Diesel,7,450,26000,True,R002,Hub North,Metro Area,97.0,13928.3,1.39,3,36.4,1.66,1.27,62.51
V022,Truck,Diesel,10,220,8000,True,R018,Hub North,Port Terminal,155.9,1576.2,1.09,1,64.1,3.55,1.04,59.11
V024,Van,Diesel,7,75,1500,True,R030,Central Hub,Industrial Park,316.0,1196.2,1.88,2,40.7,3.01,1.03,65.93
V047,Semi-Trailer,Diesel,6,450,26000,True,R003,Depot B,Zone 1,295.6,22978.4,1.17,2,59.5,-1.25,1.04,141.19
V008,Semi-Trailer,Diesel,1,450,26000,True,R026,Central Hub,Zone 4,114.0,9411.1,1.59,3,49.6,0.49,1.12,57.31
V020,Truck,Diesel,4,220,8000,True,R025,Hub North,Zone 1,70.4,7083.4,1.68,2,28.8,-3.82,1.16,28.81
V010,Semi-Trailer,Diesel,12,450,26000,True,R028,Central Hub,Zone 4,31.0,20299.2,1.42,1,38.5,-0.24,1.05,19.2
V019,Semi-Trailer,Diesel,11,450,26000,True,R013,Central Hub,Metro Area,191.5,18684.9,1.38,2,60.2,-2.16,1.07,91.46
V042,Bus,Hybrid,4,280,6000,True,R008,Depot B,Metro Area,127.4,5542.7,1.8,2,34.7,-2.87,1.01,44.5
V003,Bus,Hybrid,9,280,6000,True,R016,Central Hub,Industrial Park,24.3,2255.7,1.42,1,33.4,0.52,1.04,8.55
V021,Van,Diesel,10,75,1500,True,R005,Hub North,Zone 3,172.2,1317.4,2.07,1,31.4,-1.42,1.02,33.76
V002,Truck,Diesel,11,220,8000,True,R026,Central Hub,Zone 4,115.7,1469.1,1.92,3,47.7,0.97,1.28,49.9
V058,Truck,Diesel,12,220,8000,True,R020,Central Hub,Port Terminal,198.4,4050.5,1.32,2,55.2,0.17,1.03,70.99
V044,Van,CNG,4,75,1500,True,R015,Central Hub,Zone 3,167.0,853.8,1.88,2,34.7,2.43,1.35,38.87
V015,Van,Diesel,9,75,1500,True,R016,Central Hub,Industrial Park,22.4,306.6,1.92,1,35.0,1.63,1.12,3.86
V012,Van,Petrol,1,75,1500,True,R022,Central Hub,Metro Area,266.1,1090.1,1.25,2,57.1,-3.48,1.04,35.02
V006,Semi-Trailer,Diesel,8,450,26000,True,R016,Central Hub,Industrial Park,25.1,13101.5,1.6,1,24.8,0.46,1.07,16.89
V029,Van,Diesel,12,75,1500,True,R026,Central Hub,Zone 4,110.5,730.8,2.18,3,29.7,-0.18,1.01,20.44
V046,Truck,Diesel,4,220,8000,True,R028,Central Hub,Zone 4,29.3,4753.8,1.49,1,34.2,-0.26,1.13,12.09
V036,Van,Diesel,6,75,1500,True,R029,Depot A,Port Terminal,29.3,321.8,1.22,3,41.3,3.62,1.05,4.68
V053,Van,CNG,12,75,1500,True,R019,Depot B,Port Terminal,256.2,405.0,1.33,2,53.1,-1.84,1.06,35.85
V021,Van,Diesel,10,75,1500,True,R023,Depot B,Zone 2,267.5,380.4,1.0,3,73.1,-1.11,1.05,28.36
V017,Light Commercial,Hybrid,8,100,3500,True,R010,Hub North,Zone 2,197.5,3182.0,1.17,2,64.5,3.65,1.32,39.41
V029,Van,Diesel,12,75,1500,True,R002,Hub North,Metro Area,100.9,1135.8,1.64,3,51.1,1.19,1.13,18.05
V013,Truck,Hybrid,5,220,8000,True,R013,Central Hub,Metro Area,193.0,4398.5,1.74,2,44.5,-2.4,1.08,54.98
V059,Light Commercial,Diesel,7,100,3500,True,R027,Depot C,Zone 1,67.6,2311.9,1.04,2,46.0,-1.61,1.04,12.53
V012,Van,Petrol,1,75,1500,True,R005,Hub North,Zone 3,174.0,978.7,1.9,1,38.6,-0.97,1.12,31.71
V029,Van,Diesel,12,75,1500,True,R017,Hub North,Zone 2,142.3,484.5,1.41,3,56.4,4.22,1.04,24.76
V032,Truck,Diesel,8,220,8000,True,R006,Depot C,Zone 1,148.5,1388.9,1.85,2,47.2,4.12,1.24,75.46
V004,Van,Diesel,10,75,1500,True,R013,Central Hub,Metro Area,193.1,857.5,1.83,2,36.6,-2.76,1.03,27.64
V029,Van,Diesel,12,75,1500,True,R005,Hub North,Zone 3,174.2,485.4,1.74,1,47.5,-1.07,1.01,24.0
V028,Van,Diesel,4,75,1500,True,R023,Depot B,Zone 2,266.3,1263.7,1.03,3,71.9,-1.31,1.11,31.15
V016,Van,Petrol,6,75,1500,True,R025,Hub North,Zone 1,65.1,451.0,1.75,2,22.0,-3.53,1.07,10.62
V008,Semi-Trailer,Diesel,1,450,26000,True,R023,Depot B,Zone 2,266.6,15260.2,1.3,3,50.4,-1.71,1.02,114.82
V003,Bus,Hybrid,9,280,6000,True,R022,Central Hub,Metro Area,264.4,2742.5,1.12,2,72.1,-3.24,1.35,69.13
V001,Semi-Trailer,Diesel,6,450,26000,True,R008,Depot B,Metro Area,127.4,19018.2,1.87,2,45.9,-3.12,1.03,66.04
V029,Van,Diesel,12,75,1500,True,R016,Central Hub,Industrial Park,22.8,1362.2,1.57,1,29.5,0.84,1.01,4.36
V006,Semi-Trailer,Diesel,8,450,26000,True,R004,Depot C,Zone 3,267.6,11695.7,1.21,3,61.3,2.49,1.1,143.18
V058,Truck,Diesel,12,220,8000,True,R012,Depot A,Zone 2,53.2,1101.6,1.0,2,42.9,1.99,1.12,21.04
V015,Van,Diesel,9,75,1500,True,R016,Central Hub,Industrial Park,23.6,993.3,1.54,1,35.4,0.84,1.09,4.14
V040,Van,CNG,2,75,1500,True,R021,Depot A,Metro Area,278.8,314.7,1.37,1,54.8,1.02,1.12,39.44
V041,Bus,Petrol,6,280,6000,True,R003,Depot B,Zone 1,293.8,1133.0,1.29,2,52.0,-2.34,1.15,116.36
V030,Van,Diesel,11,75,1500,True,R025,Hub North,Zone 1,67.6,993.5,1.52,2,33.6,-3.01,1.01,9.77
V054,Light Commercial,Petrol,7,100,3500,True,R014,Depot A,Metro Area,56.9,655.9,1.97,2,19.8,-2.44,1.08,16.51
V007,Van,Petrol,11,75,1500,True,R027,Depot C,Zone 1,70.3,314.2,1.22,2,43.3,-2.02,1.16,9.67
V015,Van,Diesel,9,75,1500,True,R016,Central Hub,Industrial Park,22.7,709.8,1.44,1,30.3,0.98,1.07,3.86
V016,Van,Petrol,6,75,1500,True,R017,Hub North,Zone 2,142.1,726.7,1.33,3,57.6,4.54,1.02,28.42
V009,Semi-Trailer,Diesel,1,450,26000,True,R021,Depot A,Metro Area,280.3,22793.1,1.17,1,61.3,0.17,1.03,140.68
V018,Light Commercial,Hybrid,9,100,3500,True,R025,Hub North,Zone 1,70.3,1171.5,1.33,2,28.1,-2.52,1.08,10.27
V019,Semi-Trailer,Diesel,11,450,26000,True,R005,Hub North,Zone 3,173.1,11460.7,2.1,1,39.7,-2.32,1.11,105.9
V046,Truck,Diesel,4,220,8000,True,R016,Central Hub,Industrial Park,23.6,5611.1,1.63,1,35.0,0.6,1.02,10.59
V019,Semi-Trailer,Diesel,11,450,26000,True,R001,Depot B,Port Terminal,289.2,20877.1,1.48,1,48.7,-1.79,1.0,154.34
V053,Van,CNG,12,75,1500,True,R015,Central Hub,Zone 3,161.9,595.1,2.07,2,37.4,2.16,1.12,39.06
V047,Semi-Trailer,Diesel,6,450,26000,True,R025,Hub North,Zone 1,67.0,16546.8,1.32,2,39.5,-2.85,1.07,32.86
V055,Van,CNG,6,75,1500,True,R026,Central Hub,Zone 4,111.7,945.8,1.73,3,45.2,1.03,1.06,21.66
V007,Van,Petrol,11,75,1500,True,R009,Depot A,Industrial Park,87.4,536.6,2.01,1,31.8,-3.29,1.31,16.68
V060,Light Commercial,Diesel,7,100,3500,True,R012,Depot A,Zone 2,53.6,702.9,1.13,2,46.0,2.24,1.24,11.53
V037,Van,Petrol,6,75,1500,True,R017,Hub North,Zone 2,140.0,1020.2,1.9,3,38.1,4.66,1.02,36.66
V059,Light Commercial,Diesel,7,100,3500,True,R012,Depot A,Zone 2,53.2,1147.5,1.27,2,41.1,1.66,1.2,11.38
V022,Truck,Diesel,10,220,8000,True,R006,Depot C,Zone 1,147.3,2964.3,1.96,2,36.6,5.49,1.1,97.79
V058,Truck,Diesel,12,220,8000,True,R010,Hub North,Zone 2,197.7,4692.0,1.41,2,48.9,3.58,1.02,94.13
V036,Van,Diesel,6,75,1500,True,R013,Central Hub,Metro Area,191.0,355.0,1.69,2,49.3,-2.78,1.04,22.59
V005,Light Commercial,CNG,10,100,3500,True,R016,Central Hub,Industrial Park,22.7,1068.5,1.49,1,35.8,1.09,1.18,5.87
V025,Truck,Diesel,11,220,8000,True,R028,Central Hub,Zone 4,29.3,3833.3,1.45,1,27.0,-0.8,1.12,13.59
V009,Semi-Trailer,Diesel,1,450,26000,True,R017,Hub North,Zone 2,144.4,22014.5,1.38,3,51.5,4.7,1.01,95.11
V057,Light Commercial,Diesel,6,100,3500,True,R012,Depot A,Zone 2,55.0,2647.5,1.14,2,46.9,2.14,1.32,13.08
V019,Semi-Trailer,Diesel,11,450,26000,True,R020,Central Hub,Port Terminal,199.9,9618.9,1.35,2,49.3,-0.44,1.04,99.03
V014,Light Commercial,Diesel,4,100,3500,True,R024,Depot C,Zone 2,102.1,1248.7,1.39,1,50.8,-1.67,1.04,17.77
V034,Van,Diesel,10,75,1500,True,R013,Central Hub,Metro Area,190.1,1408.9,1.78,2,52.8,-1.52,1.1,29.65
V026,Semi-Trailer,Diesel,7,450,26000,True,R015,Central Hub,Zone 3,163.9,17039.8,2.16,2,33.3,1.47,1.14,127.07
V006,Semi-Trailer,Diesel,8,450,26000,True,R007,Central Hub,Industrial Park,285.6,17750.3,1.0,3,79.3,0.59,1.01,146.16
V049,Truck,Diesel,8,220,8000,True,R026,Central Hub,Zone 4,111.8,1174.8,1.57,3,53.9,0.75,1.03,41.58
V051,Light Commercial,Diesel,8,100,3500,True,R027,Depot C,Zone 1,69.3,662.3,1.2,2,38.1,-1.76,1.28,12.25
V045,Light Commercial,Diesel,9,100,3500,True,R006,Depot C,Zone 1,148.3,1226.0,1.98,2,38.9,4.31,1.33,47.73
V038,Light Commercial,Diesel,6,100,3500,True,R011,Central Hub,Port Terminal,309.4,2855.0,1.15,1,73.3,0.52,1.05,60.94
V025,Truck,Diesel,11,220,8000,True,R009,Depot A,Industrial Park,88.5,6992.6,1.49,1,35.4,-2.95,1.03,37.6
V033,Truck,Diesel,6,220,8000,True,R028,Central Hub,Zone 4,30.9,2099.0,1.43,1,44.3,-1.4,1.02,10.44
V032,Truck,Diesel,8,220,8000,True,R002,Hub North,Metro Area,102.2,5656.5,1.45,3,49.2,1.88,1.12,47.59
V010,Semi-Trailer,Diesel,12,450,26000,True,R007,Central Hub,Industrial Park,286.4,21918.4,1.09,3,75.9,-0.15,1.04,146.32
V005,Light Commercial,CNG,10,100,3500,True,R010,Hub North,Zone 2,197.8,2964.7,1.51,2,49.7,3.1,1.15,67.65
V016,Van,Petrol,6,75,1500,True,R017,Hub North,Zone 2,143.1,735.0,1.48,3,49.5,3.52,1.0,26.25
V028,Van,Diesel,4,75,1500,True,R008,Depot B,Metro Area,131.3,479.9,1.68,2,47.3,-3.4,1.13,15.5
V010,Semi-Trailer,Diesel,12,450,26000,True,R017,Hub North,Zone 2,140.6,23733.9,1.52,3,49.0,4.4,1.06,115.8
V007,Van,Petrol,11,75,1500,True,R023,Depot B,Zone 2,265.1,502.6,1.13,3,65.9,-1.11,1.11,35.98
V052,Van,Petrol,2,75,1500,True,R025,Hub North,Zone 1,72.5,472.2,1.39,2,37.8,-3.17,1.04,9.16
V023,Semi-Trailer,Diesel,7,450,26000,True,R003,Depot B,Zone 1,294.0,7145.6,1.03,2,65.3,-2.19,1.13,111.04
V036,Van,Diesel,6,75,1500,True,R005,Hub North,Zone 3,169.3,829.0,1.85,1,37.3,-1.71,1.04,25.42
V032,Truck,Diesel,8,220,8000,True,R003,Depot B,Zone 1,293.5,1528.9,1.29,2,60.9,-1.51,1.07,88.17
V045,Light Commercial,Diesel,9,100,3500,True,R028,Central Hub,Zone 4,25.8,2047.8,1.61,1,35.0,-0.53,1.01,5.75
V045,Light Commercial,Diesel,9,100,3500,True,R020,Central Hub,Port Terminal,199.3,3157.5,1.17,2,65.7,0.13,1.16,44.64
V018,Light Commercial,Hybrid,9,100,3500,True,R016,Central Hub,Industrial Park,23.8,1852.3,1.71,1,30.4,1.33,1.19,5.1
V051,Light Commercial,Diesel,8,100,3500,True,R024,Depot C,Zone 2,100.4,3221.9,1.21,1,63.5,-2.37,1.02,18.91
V023,Semi-Trailer,Diesel,7,450,26000,True,R018,Hub North,Port Terminal,156.9,22616.0,1.0,1,78.8,2.04,1.12,91.29
V051,Light Commercial,Diesel,8,100,3500,True,R008,Depot B,Metro Area,130.4,2707.1,1.68,2,39.0,-3.04,1.02,29.71
V025,Truck,Diesel,11,220,8000,True,R016,Central Hub,Industrial Park,20.0,4934.8,1.65,1,28.3,0.9,1.03,10.22
V007,Van,Petrol,11,75,1500,True,R022,Central Hub,Metro Area,262.1,1272.9,1.11,2,67.4,-2.97,1.03,35.82
V046,Truck,Diesel,4,220,8000,True,R002,Hub North,Metro Area,100.5,4573.9,1.7,3,44.8,1.36,1.06,45.75
V002,Truck,Diesel,11,220,8000,True,R019,Depot B,Port Terminal,256.9,2209.0,1.34,2,47.5,-1.61,1.06,87.45
V047,Semi-Trailer,Diesel,6,450,26000,True,R015,Central Hub,Zone 3,163.6,23046.5,2.11,2,30.5,2.77,1.1,143.33
V003,Bus,Hybrid,9,280,6000,True,R003,Depot B,Zone 1,292.5,3161.2,1.0,2,74.9,-1.86,1.05,78.78
V013,Truck,Hybrid,5,220,8000,True,R008,Depot B,Metro Area,129.3,6972.7,1.74,2,47.2,-2.74,1.32,41.46
V037,Van,Petrol,6,75,1500,True,R014,Depot A,Metro Area,54.8,651.3,1.85,2,25.4,-3.03,1.26,9.63
V057,Light Commercial,Diesel,6,100,3500,True,R011,Central Hub,Port Terminal,312.2,1348.8,1.27,1,56.6,1.01,1.07,61.43
V025,Truck,Diesel,11,220,8000,True,R009,Depot A,Industrial Park,88.8,6008.7,1.6,1,33.3,-2.17,1.03,39.58
V008,Semi-Trailer,Diesel,1,450,26000,True,R020,Central Hub,Port Terminal,199.2,16621.2,1.53,2,47.9,0.12,1.01,101.21
V014,Light Commercial,Diesel,4,100,3500,True,R013,Central Hub,Metro Area,190.0,1658.2,1.67,2,48.3,-1.36,1.01,37.18
V054,Light Commercial,Petrol,7,100,3500,True,R015,Central Hub,Zone 3,164.7,2963.8,1.63,2,45.1,1.63,1.08,51.77
V044,Van,CNG,4,75,1500,True,R024,Depot C,Zone 2,101.3,808.6,1.0,1,70.5,-2.39,1.02,12.77
V007,Van,Petrol,11,75,1500,True,R003,Depot B,Zone 1,294.2,166.3,1.1,2,73.9,-0.98,1.26,37.82
V024,Van,Diesel,7,75,1500,True,R011,Central Hub,Port Terminal,313.0,1033.8,1.0,1,79.9,0.76,1.05,41.4
V016,Van,Petrol,6,75,1500,True,R003,Depot B,Zone 1,293.3,230.5,1.35,2,51.7,-2.55,1.11,36.04
V011,Van,Diesel,6,75,1500,True,R028,Central Hub,Zone 4,32.0,763.4,1.63,1,32.3,-0.33,1.01,5.08
V051,Light Commercial,Diesel,8,100,3500,True,R006,Depot C,Zone 1,149.9,921.4,2.03,2,35.6,4.21,1.09,47.91
V038,Light Commercial,Diesel,6,100,3500,True,R025,Hub North,Zone 1,69.4,1069.9,1.78,2,30.6,-2.71,1.01,14.11
V011,Van,Diesel,6,75,1500,True,R006,Depot C,Zone 1,146.2,1399.3,1.71,2,40.4,4.6,1.05,33.18
V040,Van,CNG,2,75,1500,True,R010,Hub North,Zone 2,194.5,294.7,1.08,2,73.0,2.8,1.01,30.2
V025,Truck,Diesel,11,220,8000,True,R019,Depot B,Port Terminal,259.6,5952.4,1.07,2,75.0,-1.53,1.02,92.16
V004,Van,Diesel,10,75,1500,True,R025,Hub North,Zone 1,68.5,962.7,1.46,2,30.5,-2.99,1.14,10.15
V027,Truck,Diesel,10,220,8000,True,R006,Depot C,Zone 1,146.6,2126.3,2.02,2,37.3,4.59,1.08,90.56
V012,Van,Petrol,1,75,1500,True,R007,Central Hub,Industrial Park,289.3,1342.6,1.18,3,68.6,0.88,1.01,44.59
V015,Van,Diesel,9,75,1500,True,R027,Depot C,Zone 1,69.1,406.8,1.22,2,37.0,-1.01,1.01,8.69
V053,Van,CNG,12,75,1500,True,R010,Hub North,Zone 2,197.2,807.4,1.13,2,63.9,3.67,1.04,40.61
V043,Truck,Diesel,9,220,8000,True,R007,Central Hub,Industrial Park,288.3,6175.5,1.36,3,57.9,0.66,1.16,123.21
V009,Semi-Trailer,Diesel,1,450,26000,True,R023,Depot B,Zone 2,264.8,19474.9,1.36,3,54.4,-0.56,1.03,132.58
V052,Van,Petrol,2,75,1500,True,R003,Depot B,Zone 1,294.2,557.6,1.0,2,68.7,-0.76,1.0,34.66
V035,Van,Petrol,9,75,1500,True,R027,Depot C,Zone 1,72.0,1220.1,1.05,2,46.4,-1.24,1.04,10.81
V053,Van,CNG,12,75,1500,True,R027,Depot C,Zone 1,70.7,1376.7,1.47,2,40.9,-1.53,1.03,13.86
V045,Light Commercial,Diesel,9,100,3500,True,R026,Central Hub,Zone 4,113.9,1760.2,1.86,3,48.6,0.71,1.01,25.78
V021,Van,Diesel,10,75,1500,True,R009,Depot A,Industrial Park,90.2,981.7,1.67,1,27.4,-2.42,1.01,14.63
V033,Truck,Diesel,6,220,8000,True,R004,Depot C,Zone 3,268.1,3278.7,1.56,3,44.5,2.98,1.25,132.01
V032,Truck,Diesel,8,220,8000,True,R013,Central Hub,Metro Area,188.7,3207.8,1.49,2,48.7,-1.03,1.03,68.19
V044,Van,CNG,4,75,1500,True,R011,Central Hub,Port Terminal,309.7,748.9,1.31,1,64.5,0.21,1.08,43.1
V015,Van,Diesel,9,75,1500,True,R029,Depot A,Port Terminal,31.9,401.3,1.12,3,48.0,4.36,1.17,4.9
V020,Truck,Diesel,4,220,8000,True,R019,Depot B,Port Terminal,255.7,5487.9,1.56,2,53.9,-1.69,1.03,91.35
V015,Van,Diesel,9,75,1500,True,R029,Depot A,Port Terminal,30.3,361.1,1.0,3,54.0,3.31,1.02,4.24
V018,Light Commercial,Hybrid,9,100,3500,True,R023,Depot B,Zone 2,267.0,365.4,1.13,3,61.0,-1.1,1.12,31.48
V010,Semi-Trailer,Diesel,12,450,26000,True,R022,Central Hub,Metro Area,266.3,12312.4,1.21,2,58.2,-2.88,1.05,114.7
V003,Bus,Hybrid,9,280,6000,True,R004,Depot C,Zone 3,267.2,989.7,1.29,3,55.3,3.2,1.35,96.19
V057,Light Commercial,Diesel,6,100,3500,True,R003,Depot B,Zone 1,293.4,2023.3,1.27,2,57.0,-1.62,1.0,52.52
V005,Light Commercial,CNG,10,100,3500,True,R002,Hub North,Metro Area,100.7,1898.1,1.81,3,38.6,1.37,1.03,30.11
V054,Light Commercial,Petrol,7,100,3500,True,R018,Hub North,Port Terminal,158.1,758.4,1.0,1,72.8,3.37,1.06,37.03
V001,Semi-Trailer,Diesel,6,450,26000,True,R007,Central Hub,Industrial Park,287.3,8036.5,1.42,3,55.2,1.09,1.01,139.72
V047,Semi-Trailer,Diesel,6,450,26000,True,R030,Central Hub,Industrial Park,315.4,3140.4,1.52,2,49.8,3.55,1.01,183.47
V020,Truck,Diesel,4,220,8000,True,R004,Depot C,Zone 3,266.9,4838.9,1.31,3,62.2,3.06,1.02,110.72
V032,Truck,Diesel,8,220,8000,True,R029,Depot A,Port Terminal,31.0,2791.5,1.23,3,41.7,3.89,1.02,14.41
V017,Light Commercial,Hybrid,8,100,3500,True,R021,Depot A,Metro Area,280.3,2471.1,1.12,1,64.0,0.41,1.13,42.23
V030,Van,Diesel,11,75,1500,True,R004,Depot C,Zone 3,267.5,953.0,1.42,3,53.6,2.74,1.0,45.33
V028,Van,Diesel,4,75,1500,True,R002,Hub North,Metro Area,102.1,626.3,1.55,3,42.2,1.83,1.03,15.99
V032,Truck,Diesel,8,220,8000,True,R012,Depot A,Zone 2,55.4,947.7,1.06,2,37.8,1.85,1.01,21.33
V024,Van,Diesel,7,75,1500,True,R011,Central Hub,Port Terminal,312.6,558.2,1.28,1,61.4,-0.07,1.12,36.61
V033,Truck,Diesel,6,220,8000,True,R010,Hub North,Zone 2,198.1,3009.1,1.08,2,73.2,3.55,1.06,81.68
V050,Light Commercial,Diesel,2,100,3500,True,R016,Central Hub,Industrial Park,23.2,1339.8,1.43,1,35.3,0.76,1.01,5.03
V027,Truck,Diesel,10,220,8000,True,R004,Depot C,Zone 3,267.2,7283.4,1.46,3,49.9,2.87,1.12,141.35
V022,Truck,Diesel,10,220,8000,True,R004,Depot C,Zone 3,267.2,1919.0,1.32,3,51.6,3.12,1.01,114.59
V008,Semi-Trailer,Diesel,1,450,26000,True,R021,Depot A,Metro Area,281.4,8568.3,1.03,1,77.4,0.64,1.06,116.9
V022,Truck,Diesel,10,220,8000,True,R030,Central Hub,Industrial Park,314.8,6460.3,1.8,2,43.7,2.58,1.12,186.14
V008,Semi-Trailer,Diesel,1,450,26000,True,R009,Depot A,Industrial Park,87.0,23046.0,1.65,1,31.5,-2.65,1.07,44.86
V011,Van,Diesel,6,75,1500,True,R028,Central Hub,Zone 4,30.3,747.1,1.26,1,39.7,-0.82,1.14,4.16
V058,Truck,Diesel,12,220,8000,True,R011,Central Hub,Port Terminal,307.8,4472.3,1.0,1,73.1,0.18,1.03,104.56
V006,Semi-Trailer,Diesel,8,450,26000,True,R011,Central Hub,Port Terminal,310.5,3768.2,1.31,1,53.0,0.27,1.05,138.96
V029,Van,Diesel,12,75,1500,True,R003,Depot B,Zone 1,295.8,1180.2,1.0,2,76.0,-1.74,1.01,35.98
V051,Light Commercial,Diesel,8,100,3500,True,R013,Central Hub,Metro Area,192.0,2118.8,1.5,2,47.7,-1.67,1.1,40.63
V058,Truck,Diesel,12,220,8000,True,R015,Central Hub,Zone 3,164.2,4057.3,1.91,2,37.7,1.93,1.11,89.03
V009,Semi-Trailer,Diesel,1,450,26000,True,R020,Central Hub,Port Terminal,194.4,9286.9,1.47,2,57.9,-0.62,1.02,82.59
V010,Semi-Trailer,Diesel,12,450,26000,True,R005,Hub North,Zone 3,171.5,12407.3,1.68,1,44.4,-0.93,1.12,99.96
V023,Semi-Trailer,Diesel,7,450,26000,True,R006,Depot C,Zone 1,148.2,18850.4,1.9,2,29.7,4.82,1.03,142.04
V034,Van,Diesel,10,75,1500,True,R013,Central Hub,Metro Area,192.9,253.0,2.0,2,35.4,-2.26,1.0,26.86
V058,Truck,Diesel,12,220,8000,True,R003,Depot B,Zone 1,295.8,4246.3,1.28,2,54.5,-1.17,1.28,106.08
V013,Truck,Hybrid,5,220,8000,True,R005,Hub North,Zone 3,171.8,1035.5,1.98,1,37.3,-1.32,1.11,49.04
V010,Semi-Trailer,Diesel,12,450,26000,True,R019,Depot B,Port Terminal,257.8,19666.8,1.52,2,43.7,-1.7,1.35,157.84
V016,Van,Petrol,6,75,1500,True,R029,Depot A,Port Terminal,28.8,419.0,1.06,3,48.8,4.04,1.08,5.03
V053,Van,CNG,12,75,1500,True,R018,Hub North,Port Terminal,157.3,1301.8,1.05,1,70.1,2.77,1.12,31.91
V002,Truck,Diesel,11,220,8000,True,R005,Hub North,Zone 3,170.2,4037.4,1.87,1,38.3,-1.23,1.11,76.41
V023,Semi-Trailer,Diesel,7,450,26000,True,R030,Central Hub,Industrial Park,311.0,12705.5,1.48,2,51.2,2.99,1.12,184.01
V008,Semi-Trailer,Diesel,1,450,26000,True,R016,Central Hub,Industrial Park,21.0,10563.8,1.44,1,34.3,0.81,1.02,11.14
V010,Semi-Trailer,Diesel,12,450,26000,True,R022,Central Hub,Metro Area,266.4,14011.6,1.0,2,74.5,-3.47,1.07,107.68
V056,Semi-Trailer,Diesel,6,450,26000,True,R006,Depot C,Zone 1,147.3,10070.4,1.8,2,40.9,4.65,1.03,113.1
V001,Semi-Trailer,Diesel,6,450,26000,True,R018,Hub North,Port Terminal,157.9,10554.3,1.07,1,69.9,2.63,1.15,78.74
V020,Truck,Diesel,4,220,8000,True,R003,Depot B,Zone 1,293.6,2130.2,1.0,2,76.4,-1.35,1.02,83.87
V055,Van,CNG,6,75,1500,True,R019,Depot B,Port Terminal,255.3,590.1,1.59,2,48.0,-1.45,1.01,40.69
V037,Van,Petrol,6,75,1500,True,R007,Central Hub,Industrial Park,288.9,1184.9,1.14,3,70.1,0.51,1.01,42.75
V005,Light Commercial,CNG,10,100,3500,True,R028,Central Hub,Zone 4,26.7,1080.9,1.37,1,34.4,-0.1,1.03,6.27
V028,Van,Diesel,4,75,1500,True,R002,Hub North,Metro Area,100.0,1197.1,1.75,3,29.6,1.86,1.26,20.84
V059,Light Commercial,Diesel,7,100,3500,True,R020,Central Hub,Port Terminal,198.8,2912.4,1.49,2,60.1,-0.13,1.03,43.97
V025,Truck,Diesel,11,220,8000,True,R005,Hub North,Zone 3,172.4,5331.1,1.68,1,44.5,-1.51,1.01,67.0
V032,Truck,Diesel,8,220,8000,True,R021,Depot A,Metro Area,278.5,1008.7,1.28,1,58.4,0.8,1.12,94.46
V032,Truck,Diesel,8,220,8000,True,R015,Central Hub,Zone 3,161.2,4615.0,1.69,2,39.2,1.51,1.05,77.65
V040,Van,CNG,2,75,1500,True,R030,Central Hub,Industrial Park,312.6,1212.3,1.64,2,42.9,2.79,1.11,68.47
V012,Van,Petrol,1,75,1500,True,R020,Central Hub,Port Terminal,197.8,616.4,1.37,2,54.3,-0.69,1.0,27.89
V051,Light Commercial,Diesel,8,100,3500,True,R012,Depot A,Zone 2,54.0,1191.4,1.23,2,42.7,2.21,1.02,11.91
V060,Light Commercial,Diesel,7,100,3500,True,R003,Depot B,Zone 1,295.9,1306.1,1.13,2,69.1,-1.89,1.09,48.24
V009,Semi-Trailer,Diesel,1,450,26000,True,R018,Hub North,Port Terminal,155.8,11950.0,1.1,1,69.4,2.59,1.01,76.45
V050,Light Commercial,Diesel,2,100,3500,True,R014,Depot A,Metro Area,55.5,558.8,1.63,2,33.9,-2.72,1.11,9.95
V050,Light Commercial,Diesel,2,100,3500,True,R002,Hub North,Metro Area,101.0,1057.1,1.69,3,40.4,1.81,1.04,23.33
V045,Light Commercial,Diesel,9,100,3500,True,R018,Hub North,Port Terminal,159.0,2274.6,1.14,1,67.6,2.28,1.07,36.93
V023,Semi-Trailer,Diesel,7,450,26000,True,R007,Central Hub,Industrial Park,287.3,13041.9,1.4,3,53.5,-0.25,1.07,138.13
V029,Van,Diesel,12,75,1500,True,R008,Depot B,Metro Area,130.2,465.4,1.54,2,49.1,-2.56,1.08,16.21
V051,Light Commercial,Diesel,8,100,3500,True,R001,Depot B,Port Terminal,288.0,3119.4,1.63,1,44.6,-3.23,1.17,62.74
V010,Semi-Trailer,Diesel,12,450,26000,True,R012,Depot A,Zone 2,55.9,9131.5,1.0,2,46.2,2.26,1.01,28.59
V050,Light Commercial,Diesel,2,100,3500,True,R007,Central Hub,Industrial Park,285.2,734.7,1.24,3,55.8,1.27,1.18,49.92
V056,Semi-Trailer,Diesel,6,450,26000,True,R003,Depot B,Zone 1,290.4,7005.6,1.04,2,73.5,-1.73,1.0,113.17
V041,Bus,Petrol,6,280,6000,True,R014,Depot A,Metro Area,55.6,2112.6,1.6,2,33.2,-1.99,1.06,26.78
V021,Van,Diesel,10,75,1500,True,R007,Central Hub,Industrial Park,288.1,816.3,1.26,3,59.2,0.64,1.02,42.25
V034,Van,Diesel,10,75,1500,True,R005,Hub North,Zone 3,172.8,234.6,1.83,1,40.9,-0.81,1.02,24.62
V004,Van,Diesel,10,75,1500,True,R015,Central Hub,Zone 3,163.2,1240.1,1.54,2,45.9,1.62,1.04,29.41
V056,Semi-Trailer,Diesel,6,450,26000,True,R002,Hub North,Metro Area,103.0,21992.2,1.57,3,49.8,0.83,1.05,65.33
V021,Van,Diesel,10,75,1500,True,R030,Central Hub,Industrial Park,313.1,555.9,1.41,2,53.5,2.89,1.17,51.69
V004,Van,Diesel,10,75,1500,True,R015,Central Hub,Zone 3,164.6,1138.5,2.12,2,34.0,2.48,1.2,38.76
V048,Light Commercial,Petrol,9,100,3500,True,R030,Central Hub,Industrial Park,314.7,2134.1,1.7,2,47.5,3.13,1.25,100.7
V040,Van,CNG,2,75,1500,True,R027,Depot C,Zone 1,73.0,1227.9,1.27,2,42.0,-1.82,1.29,11.89
V038,Light Commercial,Diesel,6,100,3500,True,R030,Central Hub,Industrial Park,313.3,1174.0,1.7,2,37.8,3.05,1.15,88.22
V004,Van,Diesel,10,75,1500,True,R017,Hub North,Zone 2,141.8,928.1,1.62,3,46.5,4.62,1.03,28.52
V046,Truck,Diesel,4,220,8000,True,R013,Central Hub,Metro Area,190.0,1294.3,1.84,2,37.0,-1.93,1.01,63.35
V039,Truck,Diesel,12,220,8000,True,R022,Central Hub,Metro Area,266.4,864.3,1.0,2,75.6,-1.61,1.24,75.44
V048,Light Commercial,Petrol,9,100,3500,True,R003,Depot B,Zone 1,295.0,2952.2,1.28,2,46.1,-1.87,1.05,73.1
V050,Light Commercial,Diesel,2,100,3500,True,R026,Central Hub,Zone 4,112.7,1226.3,1.94,3,39.5,0.94,1.23,26.91
V013,Truck,Hybrid,5,220,8000,True,R010,Hub North,Zone 2,202.5,3828.8,1.2,2,65.3,3.8,1.0,69.23
V013,Truck,Hybrid,5,220,8000,True,R001,Depot B,Port Terminal,288.8,2376.1,1.47,1,50.5,-2.66,1.1,69.8
V056,Semi-Trailer,Diesel,6,450,26000,True,R008,Depot B,Metro Area,127.0,21977.4,1.18,2,58.7,-2.91,1.01,55.33
V032,Truck,Diesel,8,220,8000,True,R008,Depot B,Metro Area,128.7,3414.8,1.46,2,59.1,-2.33,1.01,44.51
V027,Truck,Diesel,10,220,8000,True,R001,Depot B,Port Terminal,286.8,2018.0,1.57,1,52.5,-2.32,1.04,93.59
V018,Light Commercial,Hybrid,9,100,3500,True,R021,Depot A,Metro Area,279.0,2158.8,1.43,1,50.3,0.27,1.01,44.06
V039,Truck,Diesel,12,220,8000,True,R003,Depot B,Zone 1,293.8,2197.2,1.19,2,62.0,-2.31,1.05,89.95
V046,Truck,Diesel,4,220,8000,True,R026,Central Hub,Zone 4,111.1,2572.7,1.74,3,35.2,0.8,1.06,46.97
V001,Semi-Trailer,Diesel,6,450,26000,True,R014,Depot A,Metro Area,52.9,17468.8,2.08,2,25.9,-2.4,1.14,36.02
V034,Van,Diesel,10,75,1500,True,R022,Central Hub,Metro Area,266.5,1373.0,1.25,2,54.5,-2.69,1.03,35.08
V060,Light Commercial,Diesel,7,100,3500,True,R011,Central Hub,Port Terminal,311.8,2595.6,1.11,1,70.2,0.65,1.12,64.5
V017,Light Commercial,Hybrid,8,100,3500,True,R004,Depot C,Zone 3,267.8,719.3,1.63,3,50.2,2.81,1.11,46.1
V017,Light Commercial,Hybrid,8,100,3500,True,R006,Depot C,Zone 1,148.8,1279.9,1.6,2,46.7,4.2,1.24,29.19
V053,Van,CNG,12,75,1500,True,R020,Central Hub,Port Terminal,199.6,1165.4,1.13,2,62.2,-0.3,1.0,31.37
V004,Van,Diesel,10,75,1500,True,R022,Central Hub,Metro Area,264.5,500.8,1.04,2,77.3,-2.85,1.17,27.34
V024,Van,Diesel,7,75,1500,True,R009,Depot A,Industrial Park,89.5,1093.6,1.6,1,31.3,-1.65,1.21,14.56
V028,Van,Diesel,4,75,1500,True,R011,Central Hub,Port Terminal,311.6,751.5,1.12,1,67.6,0.87,1.17,38.07
V048,Light Commercial,Petrol,9,100,3500,True,R029,Depot A,Port Terminal,31.8,2981.1,1.25,3,36.3,3.51,1.08,10.41
V008,Semi-Trailer,Diesel,1,450,26000,True,R026,Central Hub,Zone 4,113.1,10537.2,1.74,3,43.8,1.35,1.06,61.51
V027,Truck,Diesel,10,220,8000,True,R013,Central Hub,Metro Area,192.4,7155.1,1.69,2,43.6,-2.07,1.03,84.01
V010,Semi-Trailer,Diesel,12,450,26000,True,R008,Depot B,Metro Area,128.7,11604.3,1.66,2,39.9,-2.73,1.12,69.46
V048,Light Commercial,Petrol,9,100,3500,True,R010,Hub North,Zone 2,200.1,2510.6,1.0,2,80.4,3.86,1.03,56.77
V038,Light Commercial,Diesel,6,100,3500,True,R017,Hub North,Zone 2,142.1,930.7,1.3,3,64.6,3.44,1.0,30.33
V030,Van,Diesel,11,75,1500,True,R018,Hub North,Port Terminal,158.2,826.8,1.0,1,78.9,2.69,1.11,24.61
V024,Van,Diesel,7,75,1500,True,R006,Depot C,Zone 1,148.3,545.4,1.63,2,49.4,4.21,1.16,26.94
V010,Semi-Trailer,Diesel,12,450,26000,True,R002,Hub North,Metro Area,99.9,2881.3,1.6,3,38.4,1.86,1.11,62.44
V056,Semi-Trailer,Diesel,6,450,26000,True,R015,Central Hub,Zone 3,162.8,12263.7,2.02,2,32.9,1.95,1.24,121.27
V039,Truck,Diesel,12,220,8000,True,R024,Depot C,Zone 2,101.3,1973.0,1.13,1,62.2,-2.3,1.0,28.91
V020,Truck,Diesel,4,220,8000,True,R005,Hub North,Zone 3,171.4,7318.4,1.6,1,45.2,-1.5,1.06,71.8
V025,Truck,Diesel,11,220,8000,True,R013,Central Hub,Metro Area,190.0,6298.4,1.57,2,48.9,-1.47,1.02,77.22
V044,Van,CNG,4,75,1500,True,R005,Hub North,Zone 3,171.1,1092.9,2.06,1,35.3,-1.33,1.1,33.45
V044,Van,CNG,4,75,1500,True,R008,Depot B,Metro Area,129.4,728.0,1.88,2,35.8,-2.72,1.12,22.43
V028,Van,Diesel,4,75,1500,True,R019,Depot B,Port Terminal,259.9,480.4,1.56,2,48.1,-1.58,1.01,32.21
V019,Semi-Trailer,Diesel,11,450,26000,True,R009,Depot A,Industrial Park,89.3,9768.4,1.48,1,33.5,-1.79,1.08,47.84
V040,Van,CNG,2,75,1500,True,R008,Depot B,Metro Area,125.1,410.6,1.7,2,47.6,-2.67,1.04,16.52
V040,Van,CNG,2,75,1500,True,R030,Central Hub,Industrial Park,314.8,853.7,1.73,2,43.6,2.71,1.02,67.79
V036,Van,Diesel,6,75,1500,True,R006,Depot C,Zone 1,146.9,1184.4,1.76,2,34.9,3.68,1.03,32.34
V005,Light Commercial,CNG,10,100,3500,True,R006,Depot C,Zone 1,148.4,907.5,1.67,2,46.3,3.87,1.02,44.31
V029,Van,Diesel,12,75,1500,True,R028,Central Hub,Zone 4,30.0,155.8,1.42,1,41.6,-0.7,1.06,3.74
V037,Van,Petrol,6,75,1500,True,R017,Hub North,Zone 2,142.5,310.1,1.43,3,52.4,4.19,1.06,27.05
V058,Truck,Diesel,12,220,8000,True,R002,Hub North,Metro Area,100.6,3934.3,1.46,3,55.4,1.56,1.13,42.49
V032,Truck,Diesel,8,220,8000,True,R013,Central Hub,Metro Area,192.2,926.5,1.89,2,37.6,-1.76,1.0,68.34
V021,Van,Diesel,10,75,1500,True,R017,Hub North,Zone 2,144.8,664.2,1.66,3,47.4,4.0,1.09,29.15
V034,Van,Diesel,10,75,1500,True,R008,Depot B,Metro Area,129.0,291.7,1.61,2,43.7,-3.11,1.1,15.03
V011,Van,Diesel,6,75,1500,True,R017,Hub North,Zone 2,144.4,287.4,1.58,3,46.4,4.48,1.07,25.25
V006,Semi-Trailer,Diesel,8,450,26000,True,R020,Central Hub,Port Terminal,200.3,18348.7,1.41,2,52.3,0.35,1.12,115.55
V041,Bus,Petrol,6,280,6000,True,R008,Depot B,Metro Area,130.0,5697.4,2.0,2,39.4,-3.18,1.0,74.56
V060,Light Commercial,Diesel,7,100,3500,True,R025,Hub North,Zone 1,65.6,928.6,1.65,2,27.0,-2.97,1.0,12.96
V051,Light Commercial,Diesel,8,100,3500,True,R014,Depot A,Metro Area,56.7,1033.0,1.92,2,20.2,-3.27,1.1,13.59
V036,Van,Diesel,6,75,1500,True,R029,Depot A,Port Terminal,30.1,527.9,1.14,3,45.9,3.31,1.09,4.7
V003,Bus,Hybrid,9,280,6000,True,R003,Depot B,Zone 1,295.5,4604.1,1.01,2,75.6,-1.9,1.17,85.26
V060,Light Commercial,Diesel,7,100,3500,True,R010,Hub North,Zone 2,196.3,1855.0,1.42,2,53.4,3.95,1.05,49.55
V027,Truck,Diesel,10,220,8000,True,R022,Central Hub,Metro Area,262.3,4680.6,1.2,2,66.3,-2.97,1.06,83.83
V018,Light Commercial,Hybrid,9,100,3500,True,R027,Depot C,Zone 1,73.4,1975.9,1.13,2,43.6,-1.94,1.15,9.74
V054,Light Commercial,Petrol,7,100,3500,True,R007,Central Hub,Industrial Park,286.1,3138.7,1.37,3,55.9,0.66,1.09,72.81
V045,Light Commercial,Diesel,9,100,3500,True,R030,Central Hub,Industrial Park,315.5,453.7,1.8,2,40.4,2.93,1.09,80.72
V045,Light Commercial,Diesel,9,100,3500,True,R006,Depot C,Zone 1,147.9,819.8,1.45,2,50.8,4.13,1.07,36.78
V017,Light Commercial,Hybrid,8,100,3500,True,R013,Central Hub,Metro Area,191.6,1486.8,1.55,2,49.7,-1.11,1.27,27.63
V060,Light Commercial,Diesel,7,100,3500,True,R010,Hub North,Zone 2,197.7,1801.9,1.26,2,68.4,3.39,1.09,47.05
V028,Van,Diesel,4,75,1500,True,R013,Central Hub,Metro Area,190.2,295.3,1.4,2,56.5,-1.85,1.01,20.32
V032,Truck,Diesel,8,220,8000,True,R028,Central Hub,Zone 4,30.0,6873.6,1.21,1,43.7,-0.67,1.02,11.71
V046,Truck,Diesel,4,220,8000,True,R022,Central Hub,Metro Area,262.5,5409.4,1.06,2,73.9,-2.48,1.01,73.81
V040,Van,CNG,2,75,1500,True,R024,Depot C,Zone 2,101.2,1338.6,1.21,1,52.4,-1.78,1.07,15.01
V011,Van,Diesel,6,75,1500,True,R008,Depot B,Metro Area,130.4,1349.5,1.73,2,44.6,-2.07,1.0,20.48
V019,Semi-Trailer,Diesel,11,450,26000,True,R029,Depot A,Port Terminal,31.2,13927.0,1.37,3,40.2,3.6,1.06,22.3
V022,Truck,Diesel,10,220,8000,True,R014,Depot A,Metro Area,52.8,6600.5,1.8,2,28.1,-2.07,1.13,26.26
V057,Light Commercial,Diesel,6,100,3500,True,R020,Central Hub,Port Terminal,200.2,2541.8,1.29,2,57.8,0.02,1.04,39.46
V043,Truck,Diesel,9,220,8000,True,R021,Depot A,Metro Area,279.6,3251.5,1.05,1,67.4,0.52,1.03,95.44
V022,Truck,Diesel,10,220,8000,True,R020,Central Hub,Port Terminal,198.1,5270.0,1.29,2,56.3,-0.24,1.0,74.44
V045,Light Commercial,Diesel,9,100,3500,True,R019,Depot B,Port Terminal,259.1,3184.4,1.58,2,44.3,-1.71,1.04,60.42
V045,Light Commercial,Diesel,9,100,3500,True,R015,Central Hub,Zone 3,163.7,2622.9,1.92,2,43.0,2.17,1.02,47.07
V024,Van,Diesel,7,75,1500,True,R020,Central Hub,Port Terminal,197.2,1054.5,1.39,2,60.0,0.18,1.27,28.26
V025,Truck,Diesel,11,220,8000,True,R028,Central Hub,Zone 4,32.8,2308.7,1.55,1,40.0,0.12,1.18,13.18
V054,Light Commercial,Petrol,7,100,3500,True,R012,Depot A,Zone 2,55.2,2822.6,1.34,2,33.9,2.0,1.0,17.35
V034,Van,Diesel,10,75,1500,True,R016,Central Hub,Industrial Park,22.5,646.8,1.57,1,29.1,0.9,1.17,3.72
V009,Semi-Trailer,Diesel,1,450,26000,True,R006,Depot C,Zone 1,147.1,16392.1,1.97,2,35.2,3.46,1.01,110.83
V044,Van,CNG,4,75,1500,True,R011,Central Hub,Port Terminal,313.2,1014.1,1.06,1,66.6,-0.13,1.03,45.32
V036,Van,Diesel,6,75,1500,True,R024,Depot C,Zone 2,101.0,806.9,1.13,1,62.4,-2.43,1.08,11.21
V031,Light Commercial,Diesel,6,100,3500,True,R020,Central Hub,Port Terminal,196.6,842.6,1.28,2,56.6,-0.64,1.06,32.98
V044,Van,CNG,4,75,1500,True,R007,Central Hub,Industrial Park,286.5,1039.3,1.42,3,56.4,0.98,1.05,46.05
V055,Van,CNG,6,75,1500,True,R017,Hub North,Zone 2,144.8,465.2,1.38,3,51.6,3.71,1.13,28.03
V020,Truck,Diesel,4,220,8000,True,R025,Hub North,Zone 1,69.5,2604.5,1.47,2,38.2,-3.27,1.0,23.18
V026,Semi-Trailer,Diesel,7,450,26000,True,R004,Depot C,Zone 3,267.7,5402.1,1.02,3,78.9,2.79,1.18,132.67
V012,Van,Petrol,1,75,1500,True,R002,Hub North,Metro Area,102.9,940.4,1.72,3,44.8,2.26,1.11,19.94
V039,Truck,Diesel,12,220,8000,True,R012,Depot A,Zone 2,56.3,1598.4,1.34,2,42.3,1.68,1.29,24.43
V025,Truck,Diesel,11,220,8000,True,R020,Central Hub,Port Terminal,198.5,3147.5,1.49,2,45.0,-0.02,1.02,79.07
V021,Van,Diesel,10,75,1500,True,R010,Hub North,Zone 2,197.6,1284.1,1.33,2,54.1,3.58,1.05,38.02
V042,Bus,Hybrid,4,280,6000,True,R025,Hub North,Zone 1,68.8,2910.6,1.65,2,31.1,-2.71,1.03,22.63
V025,Truck,Diesel,11,220,8000,True,R026,Central Hub,Zone 4,110.8,6882.6,1.85,3,41.3,0.88,1.06,56.2
V028,Van,Diesel,4,75,1500,True,R016,Central Hub,Industrial Park,22.6,778.2,1.65,1,36.0,0.93,1.06,3.57
V027,Truck,Diesel,10,220,8000,True,R012,Depot A,Zone 2,55.7,2016.1,1.25,2,35.9,1.24,1.06,23.0
V016,Van,Petrol,6,75,1500,True,R002,Hub North,Metro Area,98.3,1117.6,1.53,3,30.5,1.69,1.01,21.26
V008,Semi-Trailer,Diesel,1,450,26000,True,R025,Hub North,Zone 1,68.0,10411.2,1.49,2,33.2,-3.08,1.19,31.87
V050,Light Commercial,Diesel,2,100,3500,True,R027,Depot C,Zone 1,69.9,3225.1,1.26,2,37.6,-1.5,1.11,14.53
V006,Semi-Trailer,Diesel,8,450,26000,True,R014,Depot A,Metro Area,56.5,8393.1,1.74,2,24.6,-2.81,1.17,31.65
V020,Truck,Diesel,4,220,8000,True,R016,Central Hub,Industrial Park,19.8,6390.6,1.33,1,35.8,1.4,1.0,8.98
V041,Bus,Petrol,6,280,6000,True,R023,Depot B,Zone 2,265.9,3118.7,1.0,3,74.0,-1.01,1.05,103.46
V008,Semi-Trailer,Diesel,1,450,26000,True,R021,Depot A,Metro Area,278.9,21211.1,1.28,1,64.2,-0.24,1.03,129.66
V040,Van,CNG,2,75,1500,True,R005,Hub North,Zone 3,173.5,383.4,1.94,1,34.7,-1.63,1.14,28.61
V044,Van,CNG,4,75,1500,True,R021,Depot A,Metro Area,279.5,957.9,1.25,1,63.2,0.9,1.02,44.35
V040,Van,CNG,2,75,1500,True,R028,Central Hub,Zone 4,32.7,294.3,1.88,1,31.6,-0.24,1.08,5.74
V019,Semi-Trailer,Diesel,11,450,26000,True,R023,Depot B,Zone 2,267.5,20401.9,1.03,3,70.6,-0.6,1.07,130.01
V002,Truck,Diesel,11,220,8000,True,R015,Central Hub,Zone 3,163.4,2402.4,1.88,2,41.0,1.38,1.06,80.84
V054,Light Commercial,Petrol,7,100,3500,True,R016,Central Hub,Industrial Park,23.0,1622.0,1.75,1,30.8,0.66,1.07,7.02
V020,Truck,Diesel,4,220,8000,True,R008,Depot B,Metro Area,128.5,5260.6,1.81,2,43.1,-3.01,1.08,47.71
V049,Truck,Diesel,8,220,8000,True,R020,Central Hub,Port Terminal,200.2,4051.9,1.45,2,52.1,-0.13,1.11,75.77
V012,Van,Petrol,1,75,1500,True,R008,Depot B,Metro Area,127.0,1143.1,1.81,2,38.7,-2.81,1.02,21.35
V010,Semi-Trailer,Diesel,12,450,26000,True,R011,Central Hub,Port Terminal,310.2,17808.6,1.18,1,66.3,0.31,1.14,161.02
V047,Semi-Trailer,Diesel,6,450,26000,True,R008,Depot B,Metro Area,129.7,5482.0,1.9,2,38.0,-2.89,1.02,61.12
V057,Light Commercial,Diesel,6,100,3500,True,R011,Central Hub,Port Terminal,313.2,2651.1,1.36,1,55.2,0.19,1.01,67.68
V052,Van,Petrol,2,75,1500,True,R012,Depot A,Zone 2,51.9,689.9,1.02,2,49.6,1.85,1.03,7.88
V046,Truck,Diesel,4,220,8000,True,R003,Depot B,Zone 1,296.5,4864.8,1.13,2,69.9,-1.21,1.07,97.14
V015,Van,Diesel,9,75,1500,True,R022,Central Hub,Metro Area,263.9,426.1,1.0,2,82.7,-3.27,1.08,26.89
V055,Van,CNG,6,75,1500,True,R014,Depot A,Metro Area,52.2,689.4,2.02,2,21.8,-2.37,1.13,10.57
V041,Bus,Petrol,6,280,6000,True,R029,Depot A,Port Terminal,26.3,4767.5,1.16,3,43.2,4.45,1.13,17.14
V011,Van,Diesel,6,75,1500,True,R006,Depot C,Zone 1,145.4,1331.0,1.96,2,32.3,4.37,1.08,36.55
V008,Semi-Trailer,Diesel,1,450,26000,True,R021,Depot A,Metro Area,279.6,23345.2,1.23,1,66.7,-0.08,1.08,140.9
V053,Van,CNG,12,75,1500,True,R006,Depot C,Zone 1,147.6,1042.6,1.48,2,50.8,4.81,1.02,37.53
V017,Light Commercial,Hybrid,8,100,3500,True,R017,Hub North,Zone 2,143.7,584.8,1.93,3,37.8,3.84,1.0,31.03
V046,Truck,Diesel,4,220,8000,True,R015,Central Hub,Zone 3,163.2,3809.9,1.83,2,41.2,1.79,1.05,78.0
V009,Semi-Trailer,Diesel,1,450,26000,True,R014,Depot A,Metro Area,53.3,6866.9,1.64,2,30.9,-2.93,1.03,26.26
V017,Light Commercial,Hybrid,8,100,3500,True,R020,Central Hub,Port Terminal,198.3,2425.4,1.52,2,46.4,-0.95,1.01,29.93
V018,Light Commercial,Hybrid,9,100,3500,True,R025,Hub North,Zone 1,68.4,830.1,1.83,2,32.1,-3.13,1.15,10.57
V017,Light Commercial,Hybrid,8,100,3500,True,R010,Hub North,Zone 2,198.1,3258.3,1.18,2,66.2,2.99,1.05,36.27
V041,Bus,Petrol,6,280,6000,True,R026,Central Hub,Zone 4,110.8,1592.1,1.74,3,46.4,0.54,1.17,59.75
V055,Van,CNG,6,75,1500,True,R006,Depot C,Zone 1,149.1,217.2,1.8,2,39.0,4.89,1.15,33.54
V055,Van,CNG,6,75,1500,True,R009,Depot A,Industrial Park,87.6,1225.5,1.54,1,29.5,-1.78,1.17,17.53
V045,Light Commercial,Diesel,9,100,3500,True,R010,Hub North,Zone 2,196.5,951.8,1.11,2,67.3,3.54,1.19,42.57
V013,Truck,Hybrid,5,220,8000,True,R029,Depot A,Port Terminal,30.0,963.3,1.4,3,39.0,4.31,1.1,10.75
V058,Truck,Diesel,12,220,8000,True,R004,Depot C,Zone 3,269.7,4526.9,1.28,3,60.6,3.13,1.02,123.44
V033,Truck,Diesel,6,220,8000,True,R012,Depot A,Zone 2,55.0,7390.8,1.02,2,45.7,1.77,1.07,23.73
V033,Truck,Diesel,6,220,8000,True,R013,Central Hub,Metro Area,191.2,2619.0,1.62,2,48.9,-2.67,1.02,63.04
V043,Truck,Diesel,9,220,8000,True,R025,Hub North,Zone 1,69.7,3579.3,1.68,2,25.9,-2.42,1.03,30.5
V047,Semi-Trailer,Diesel,6,450,26000,True,R015,Central Hub,Zone 3,167.2,7841.4,1.51,2,46.9,1.38,1.03,89.32
V058,Truck,Diesel,12,220,8000,True,R030,Central Hub,Industrial Park,314.1,4594.3,1.71,2,44.5,3.47,1.01,178.09
V035,Van,Petrol,9,75,1500,True,R023,Depot B,Zone 2,268.4,561.6,1.54,3,44.0,-0.81,1.22,44.69
V037,Van,Petrol,6,75,1500,True,R022,Central Hub,Metro Area,265.7,904.0,1.4,2,49.5,-3.05,1.0,36.21
V045,Light Commercial,Diesel,9,100,3500,True,R023,Depot B,Zone 2,265.6,1772.1,1.26,3,65.9,-0.9,1.04,51.39
V016,Van,Petrol,6,75,1500,True,R005,Hub North,Zone 3,172.1,1334.4,2.0,1,43.0,-0.6,1.01,34.85
V019,Semi-Trailer,Diesel,11,450,26000,True,R014,Depot A,Metro Area,53.1,17407.4,1.99,2,34.3,-1.9,1.1,33.99
V038,Light Commercial,Diesel,6,100,3500,True,R018,Hub North,Port Terminal,157.3,2380.7,1.04,1,73.8,2.57,1.11,35.61
V004,Van,Diesel,10,75,1500,True,R007,Central Hub,Industrial Park,286.6,770.2,1.44,3,54.7,0.37,1.04,41.42
V020,Truck,Diesel,4,220,8000,True,R004,Depot C,Zone 3,267.5,2861.4,1.57,3,47.2,3.01,1.0,119.51
V044,Van,CNG,4,75,1500,True,R005,Hub North,Zone 3,171.0,550.3,1.61,1,45.2,-1.52,1.14,26.14
V059,Light Commercial,Diesel,7,100,3500,True,R024,Depot C,Zone 2,101.4,1849.4,1.23,1,64.6,-1.79,1.01,15.59
V032,Truck,Diesel,8,220,8000,True,R020,Central Hub,Port Terminal,199.7,2105.0,1.4,2,58.9,0.1,1.1,66.42
V024,Van,Diesel,7,75,1500,True,R009,Depot A,Industrial Park,88.3,318.8,1.73,1,32.1,-3.2,1.01,11.53
V027,Truck,Diesel,10,220,8000,True,R023,Depot B,Zone 2,263.7,3332.1,1.17,3,60.6,-0.84,1.0,83.47
V042,Bus,Hybrid,4,280,6000,True,R021,Depot A,Metro Area,278.5,1265.4,1.28,1,59.9,0.06,1.08,73.62
V033,Truck,Diesel,6,220,8000,True,R025,Hub North,Zone 1,66.0,2369.2,1.57,2,28.8,-3.06,1.06,24.61
V002,Truck,Diesel,11,220,8000,True,R028,Central Hub,Zone 4,30.4,4438.2,1.64,1,29.2,-0.41,1.06,14.25
V033,Truck,Diesel,6,220,8000,True,R027,Depot C,Zone 1,71.2,6172.6,1.32,2,44.4,-1.13,1.06,25.61
V025,Truck,Diesel,11,220,8000,True,R006,Depot C,Zone 1,148.1,2328.4,1.73,2,38.5,4.83,1.17,84.03
V043,Truck,Diesel,9,220,8000,True,R024,Depot C,Zone 2,100.6,6183.3,1.01,1,82.6,-2.57,1.01,34.1
V053,Van,CNG,12,75,1500,True,R012,Depot A,Zone 2,55.6,169.8,1.08,2,48.5,1.9,1.12,9.16
V058,Truck,Diesel,12,220,8000,True,R013,Central Hub,Metro Area,191.5,7579.8,1.73,2,41.5,-2.08,1.02,81.98
V037,Van,Petrol,6,75,1500,True,R020,Central Hub,Port Terminal,197.2,809.1,1.24,2,60.6,-0.87,1.02,27.44
V022,Truck,Diesel,10,220,8000,True,R019,Depot B,Port Terminal,259.1,4036.0,1.61,2,43.8,-1.68,1.01,95.28
V027,Truck,Diesel,10,220,8000,True,R013,Central Hub,Metro Area,193.4,5223.8,1.75,2,40.6,-1.16,1.2,86.5
V011,Van,Diesel,6,75,1500,True,R030,Central Hub,Industrial Park,315.2,755.8,1.84,2,41.0,2.24,1.16,57.14
V057,Light Commercial,Diesel,6,100,3500,True,R006,Depot C,Zone 1,146.8,1563.9,1.66,2,43.8,4.43,1.03,44.61
V051,Light Commercial,Diesel,8,100,3500,True,R003,Depot B,Zone 1,296.2,1453.7,1.0,2,71.3,-1.68,1.08,46.87
V052,Van,Petrol,2,75,1500,True,R001,Depot B,Port Terminal,287.6,1396.7,1.66,1,44.3,-2.26,1.08,49.08
V020,Truck,Diesel,4,220,8000,True,R025,Hub North,Zone 1,69.3,6658.2,1.54,2,27.2,-3.46,1.07,29.39
V020,Truck,Diesel,4,220,8000,True,R013,Central Hub,Metro Area,191.4,4216.4,1.66,2,40.1,-2.47,1.04,69.38
V052,Van,Petrol,2,75,1500,True,R014,Depot A,Metro Area,54.7,1216.5,1.89,2,21.3,-3.06,1.04,10.75
V033,Truck,Diesel,6,220,8000,True,R020,Central Hub,Port Terminal,195.3,1813.8,1.45,2,58.4,0.33,1.08,66.42
V043,Truck,Diesel,9,220,8000,True,R014,Depot A,Metro Area,54.5,4400.2,1.6,2,32.8,-2.9,1.1,21.33
V030,Van,Diesel,11,75,1500,True,R018,Hub North,Port Terminal,157.7,724.0,1.27,1,61.5,2.58,1.05,23.72
V027,Truck,Diesel,10,220,8000,True,R002,Hub North,Metro Area,100.2,3009.2,1.57,3,47.9,2.62,1.03,45.59
V038,Light Commercial,Diesel,6,100,3500,True,R005,Hub North,Zone 3,174.7,3082.4,2.06,1,38.5,-1.74,1.24,44.07
V049,Truck,Diesel,8,220,8000,True,R028,Central Hub,Zone 4,28.3,6461.0,1.27,1,44.1,-0.37,1.01,11.06
V021,Van,Diesel,10,75,1500,True,R014,Depot A,Metro Area,54.2,1306.5,1.84,2,28.8,-2.08,1.04,9.64
V049,Truck,Diesel,8,220,8000,True,R006,Depot C,Zone 1,146.3,5119.5,1.73,2,49.9,4.85,1.03,84.14
V015,Van,Diesel,9,75,1500,True,R012,Depot A,Zone 2,54.4,629.7,1.0,2,49.9,1.39,1.06,7.26
V025,Truck,Diesel,11,220,8000,True,R011,Central Hub,Port Terminal,312.9,5946.3,1.27,1,61.5,0.22,1.05,122.35
V055,Van,CNG,6,75,1500,True,R009,Depot A,Industrial Park,90.7,288.4,1.42,1,38.0,-2.4,1.0,12.28
V058,Truck,Diesel,12,220,8000,True,R009,Depot A,Industrial Park,87.4,6600.9,1.67,1,26.3,-1.75,1.05,44.46
V056,Semi-Trailer,Diesel,6,450,26000,True,R022,Central Hub,Metro Area,263.0,3236.0,1.27,2,59.4,-2.96,1.12,99.2
V019,Semi-Trailer,Diesel,11,450,26000,True,R004,Depot C,Zone 3,266.4,20682.5,1.22,3,54.1,2.77,1.24,174.73
V051,Light Commercial,Diesel,8,100,3500,True,R010,Hub North,Zone 2,199.8,2444.2,1.07,2,69.3,3.67,1.08,47.12
V057,Light Commercial,Diesel,6,100,3500,True,R015,Central Hub,Zone 3,165.7,613.2,1.93,2,37.7,2.05,1.02,40.67
V059,Light Commercial,Diesel,7,100,3500,True,R017,Hub North,Zone 2,142.6,787.3,1.49,3,48.9,4.5,1.02,35.52
V002,Truck,Diesel,11,220,8000,True,R027,Depot C,Zone 1,68.3,3876.3,1.19,2,40.4,-1.95,1.14,25.3
V045,Light Commercial,Diesel,9,100,3500,True,R028,Central Hub,Zone 4,28.0,1242.1,1.66,1,32.1,-0.72,1.29,6.72
V060,Light Commercial,Diesel,7,100,3500,True,R009,Depot A,Industrial Park,88.8,2930.2,1.53,1,29.0,-2.43,1.06,21.0
V046,Truck,Diesel,4,220,8000,True,R017,Hub North,Zone 2,143.6,2111.3,1.46,3,58.8,4.73,1.01,67.0
V014,Light Commercial,Diesel,4,100,3500,True,R001,Depot B,Port Terminal,285.2,1590.8,1.62,1,48.6,-2.48,1.07,51.92
V046,Truck,Diesel,4,220,8000,True,R019,Depot B,Port Terminal,257.5,2571.2,1.29,2,55.1,-1.65,1.13,81.58
V007,Van,Petrol,11,75,1500,True,R005,Hub North,Zone 3,174.5,312.2,2.07,1,38.9,-1.86,1.03,30.69
V029,Van,Diesel,12,75,1500,True,R003,Depot B,Zone 1,294.1,481.2,1.05,2,75.6,-0.91,1.06,34.9
V038,Light Commercial,Diesel,6,100,3500,True,R021,Depot A,Metro Area,281.8,2908.5,1.38,1,55.8,0.19,1.01,60.51
V028,Van,Diesel,4,75,1500,True,R006,Depot C,Zone 1,148.7,1062.3,1.89,2,35.6,4.87,1.02,33.91
V042,Bus,Hybrid,4,280,6000,True,R015,Central Hub,Zone 3,162.4,5262.6,1.79,2,50.9,1.81,1.01,66.77
V015,Van,Diesel,9,75,1500,True,R004,Depot C,Zone 3,267.7,666.7,1.23,3,63.6,3.0,1.19,42.45
V037,Van,Petrol,6,75,1500,True,R023,Depot B,Zone 2,266.3,456.5,1.16,3,59.5,-1.62,1.11,32.35
V039,Truck,Diesel,12,220,8000,True,R023,Depot B,Zone 2,265.1,979.0,1.28,3,59.6,-1.88,1.06,79.27
V039,Truck,Diesel,12,220,8000,True,R018,Hub North,Port Terminal,156.1,4167.1,1.0,1,74.1,3.28,1.08,70.78
V018,Light Commercial,Hybrid,9,100,3500,True,R026,Central Hub,Zone 4,114.3,468.2,1.57,3,47.8,0.57,1.01,17.07
V019,Semi-Trailer,Diesel,11,450,26000,True,R014,Depot A,Metro Area,53.5,2694.5,2.01,2,20.1,-2.43,1.01,33.19
V016,Van,Petrol,6,75,1500,True,R006,Depot C,Zone 1,149.3,921.0,1.65,2,45.7,3.94,1.01,31.88
V028,Van,Diesel,4,75,1500,True,R005,Hub North,Zone 3,171.4,360.2,1.85,1,37.1,-1.81,1.01,22.23
V036,Van,Diesel,6,75,1500,True,R007,Central Hub,Industrial Park,287.5,863.7,1.27,3,57.7,1.07,1.12,40.17
V022,Truck,Diesel,10,220,8000,True,R007,Central Hub,Industrial Park,288.3,4700.0,1.28,3,60.3,1.35,1.01,115.8
V025,Truck,Diesel,11,220,8000,True,R010,Hub North,Zone 2,196.9,5722.1,1.42,2,50.7,3.25,1.22,99.4
V018,Light Commercial,Hybrid,9,100,3500,True,R007,Central Hub,Industrial Park,288.4,1489.8,1.29,3,57.1,0.92,1.26,45.5
V014,Light Commercial,Diesel,4,100,3500,True,R018,Hub North,Port Terminal,154.5,2447.8,1.01,1,77.8,2.86,1.04,35.23
V040,Van,CNG,2,75,1500,True,R005,Hub North,Zone 3,172.8,616.6,1.76,1,39.1,-1.5,1.3,28.41
V049,Truck,Diesel,8,220,8000,True,R019,Depot B,Port Terminal,254.3,1465.0,1.39,2,51.2,-0.9,1.1,84.78
V018,Light Commercial,Hybrid,9,100,3500,True,R011,Central Hub,Port Terminal,311.1,1272.2,1.07,1,65.1,0.33,1.06,43.44
V052,Van,Petrol,2,75,1500,True,R021,Depot A,Metro Area,280.9,159.6,1.18,1,60.5,0.63,1.02,36.17
V035,Van,Petrol,9,75,1500,True,R016,Central Hub,Industrial Park,23.5,739.6,1.81,1,28.1,1.09,1.05,5.13
V011,Van,Diesel,6,75,1500,True,R028,Central Hub,Zone 4,28.1,1093.9,1.58,1,34.3,-0.52,1.01,4.27
V022,Truck,Diesel,10,220,8000,True,R014,Depot A,Metro Area,53.2,6136.3,1.74,2,25.5,-1.96,1.12,26.58
V001,Semi-Trailer,Diesel,6,450,26000,True,R009,Depot A,Industrial Park,87.5,7729.3,1.86,1,29.4,-2.4,1.06,50.7
V003,Bus,Hybrid,9,280,6000,True,R018,Hub North,Port Terminal,157.9,1138.8,1.0,1,75.4,2.74,1.15,51.08
V021,Van,Diesel,10,75,1500,True,R020,Central Hub,Port Terminal,195.9,386.4,1.56,2,42.7,0.35,1.01,27.47
V028,Van,Diesel,4,75,1500,True,R014,Depot A,Metro Area,55.0,1404.2,1.98,2,25.9,-2.01,1.17,10.66
V048,Light Commercial,Petrol,9,100,3500,True,R017,Hub North,Zone 2,143.3,1278.5,1.87,3,45.0,4.71,1.13,52.16
V009,Semi-Trailer,Diesel,1,450,26000,True,R015,Central Hub,Zone 3,163.6,12087.2,1.96,2,30.7,0.24,1.01,94.04
V051,Light Commercial,Diesel,8,100,3500,True,R010,Hub North,Zone 2,198.6,575.0,1.28,2,66.8,3.68,1.08,44.58
V015,Van,Diesel,9,75,1500,True,R010,Hub North,Zone 2,198.1,1156.4,1.4,2,51.0,3.58,1.35,38.53
V009,Semi-Trailer,Diesel,1,450,26000,True,R028,Central Hub,Zone 4,29.2,12511.6,1.38,1,29.7,-0.52,1.1,14.9
V042,Bus,Hybrid,4,280,6000,True,R021,Depot A,Metro Area,276.7,1045.7,1.19,1,63.5,0.37,1.02,70.39
V047,Semi-Trailer,Diesel,6,450,26000,True,R003,Depot B,Zone 1,294.6,13052.0,1.07,2,73.4,-1.56,1.13,125.88
V037,Van,Petrol,6,75,1500,True,R029,Depot A,Port Terminal,29.4,1059.4,1.34,3,36.3,4.17,1.06,6.55
V007,Van,Petrol,11,75,1500,True,R022,Central Hub,Metro Area,263.2,753.1,1.0,2,76.2,-2.77,1.03,33.39
V007,Van,Petrol,11,75,1500,True,R002,Hub North,Metro Area,101.5,1385.0,1.49,3,59.0,2.38,1.03,21.37
V024,Van,Diesel,7,75,1500,True,R022,Central Hub,Metro Area,266.2,1261.4,1.14,2,66.9,-2.35,1.23,33.5
V028,Van,Diesel,4,75,1500,True,R018,Hub North,Port Terminal,157.5,806.4,1.17,1,76.2,3.0,1.01,22.88
V060,Light Commercial,Diesel,7,100,3500,True,R028,Central Hub,Zone 4,30.8,3148.0,1.36,1,41.7,-0.31,1.0,6.63
V018,Light Commercial,Hybrid,9,100,3500,True,R015,Central Hub,Zone 3,161.8,2763.9,1.91,2,39.5,2.26,1.35,38.3
V012,Van,Petrol,1,75,1500,True,R016,Central Hub,Industrial Park,23.0,619.5,1.77,1,29.5,1.35,1.25,4.48
V057,Light Commercial,Diesel,6,100,3500,True,R010,Hub North,Zone 2,197.7,2644.9,1.39,2,52.7,3.45,1.08,50.29
V010,Semi-Trailer,Diesel,12,450,26000,True,R010,Hub North,Zone 2,199.6,13779.3,1.26,2,60.4,3.9,1.1,134.75
V002,Truck,Diesel,11,220,8000,True,R019,Depot B,Port Terminal,257.2,4466.0,1.46,2,53.7,-1.57,1.04,96.52
V026,Semi-Trailer,Diesel,7,450,26000,True,R025,Hub North,Zone 1,67.9,14105.7,1.78,2,26.5,-2.3,1.04,39.36
V025,Truck,Diesel,11,220,8000,True,R027,Depot C,Zone 1,72.0,6265.0,1.25,2,34.4,-1.17,1.33,30.5
V038,Light Commercial,Diesel,6,100,3500,True,R024,Depot C,Zone 2,101.7,3082.8,1.28,1,63.8,-2.52,1.09,18.86
V053,Van,CNG,12,75,1500,True,R019,Depot B,Port Terminal,256.3,557.4,1.76,2,46.4,-0.71,1.0,42.66
V056,Semi-Trailer,Diesel,6,450,26000,True,R016,Central Hub,Industrial Park,26.4,16786.5,1.69,1,24.0,0.1,1.02,17.68
V018,Light Commercial,Hybrid,9,100,3500,True,R011,Central Hub,Port Terminal,309.8,2219.5,1.02,1,74.2,0.76,1.18,46.47
V059,Light Commercial,Diesel,7,100,3500,True,R024,Depot C,Zone 2,101.7,2990.3,1.0,1,79.1,-2.55,1.0,18.06
V038,Light Commercial,Diesel,6,100,3500,True,R010,Hub North,Zone 2,198.3,1680.5,1.17,2,68.1,4.25,1.02,46.94
V005,Light Commercial,CNG,10,100,3500,True,R009,Depot A,Industrial Park,88.9,915.7,1.82,1,24.8,-2.42,1.0,21.97
V057,Light Commercial,Diesel,6,100,3500,True,R027,Depot C,Zone 1,70.1,954.2,1.32,2,41.9,-1.93,1.03,12.14
V009,Semi-Trailer,Diesel,1,450,26000,True,R018,Hub North,Port Terminal,157.3,3733.2,1.39,1,54.0,2.67,1.0,80.07
V036,Van,Diesel,6,75,1500,True,R011,Central Hub,Port Terminal,311.0,278.4,1.24,1,62.3,0.22,1.07,32.84
V048,Light Commercial,Petrol,9,100,3500,True,R026,Central Hub,Zone 4,110.3,1246.1,1.7,3,40.4,0.42,1.04,29.1
V015,Van,Diesel,9,75,1500,True,R029,Depot A,Port Terminal,34.0,280.8,1.0,3,33.0,3.77,1.14,5.27
V017,Light Commercial,Hybrid,8,100,3500,True,R010,Hub North,Zone 2,197.5,2941.5,1.39,2,51.0,3.2,1.08,41.8
V029,Van,Diesel,12,75,1500,True,R016,Central Hub,Industrial Park,23.5,611.6,1.56,1,34.2,1.05,1.11,4.1
V054,Light Commercial,Petrol,7,100,3500,True,R015,Central Hub,Zone 3,163.5,1446.2,1.58,2,46.5,1.96,1.09,45.74
V014,Light Commercial,Diesel,4,100,3500,True,R022,Central Hub,Metro Area,263.6,2603.6,1.1,2,70.6,-3.06,1.12,42.27
V040,Van,CNG,2,75,1500,True,R029,Depot A,Port Terminal,30.1,534.2,1.0,3,54.4,3.24,1.2,4.92
V028,Van,Diesel,4,75,1500,True,R017,Hub North,Zone 2,140.5,1061.9,1.47,3,49.8,4.35,1.22,26.78
V007,Van,Petrol,11,75,1500,True,R024,Depot C,Zone 2,101.6,1198.6,1.14,1,64.0,-2.06,1.09,13.87
V043,Truck,Diesel,9,220,8000,True,R018,Hub North,Port Terminal,157.0,3249.2,1.0,1,66.3,3.07,1.03,61.66
V050,Light Commercial,Diesel,2,100,3500,True,R027,Depot C,Zone 1,72.2,1771.5,1.18,2,36.3,-1.39,1.06,13.44
V035,Van,Petrol,9,75,1500,True,R013,Central Hub,Metro Area,190.4,560.8,1.58,2,42.2,-1.27,1.15,29.18
V011,Van,Diesel,6,75,1500,True,R012,Depot A,Zone 2,54.3,689.5,1.04,2,50.2,2.32,1.07,7.68
V010,Semi-Trailer,Diesel,12,450,26000,True,R013,Central Hub,Metro Area,190.9,15434.5,1.54,2,47.5,-0.83,1.01,104.82
V026,Semi-Trailer,Diesel,7,450,26000,True,R030,Central Hub,Industrial Park,316.0,10327.0,1.6,2,44.8,4.16,1.03,225.58
V031,Light Commercial,Diesel,6,100,3500,True,R019,Depot B,Port Terminal,256.7,1730.8,1.34,2,53.6,-2.34,1.04,43.77
V034,Van,Diesel,10,75,1500,True,R005,Hub North,Zone 3,172.9,782.7,1.89,1,36.6,-2.33,1.05,26.51
V015,Van,Diesel,9,75,1500,True,R002,Hub North,Metro Area,102.3,181.2,1.66,3,48.9,1.78,1.18,15.38
V031,Light Commercial,Diesel,6,100,3500,True,R016,Central Hub,Industrial Park,22.4,836.9,1.74,1,29.1,1.14,1.23,5.2
V018,Light Commercial,Hybrid,9,100,3500,True,R025,Hub North,Zone 1,66.2,1960.6,1.8,2,31.7,-3.1,1.03,10.92
V042,Bus,Hybrid,4,280,6000,True,R015,Central Hub,Zone 3,162.0,613.5,1.91,2,30.5,2.08,1.05,63.76
V048,Light Commercial,Petrol,9,100,3500,True,R017,Hub North,Zone 2,144.1,2445.0,1.6,3,49.1,4.12,1.03,45.62
V040,Van,CNG,2,75,1500,True,R024,Depot C,Zone 2,99.9,1304.5,1.25,1,38.0,-2.55,1.06,15.83
V001,Semi-Trailer,Diesel,6,450,26000,True,R016,Central Hub,Industrial Park,23.2,19276.0,1.63,1,29.5,0.72,1.08,15.91
V060,Light Commercial,Diesel,7,100,3500,True,R028,Central Hub,Zone 4,30.2,1284.6,1.48,1,39.3,-0.59,1.05,6.12
V002,Truck,Diesel,11,220,8000,True,R020,Central Hub,Port Terminal,199.5,3858.9,1.35,2,54.2,0.14,1.03,76.37
V060,Light Commercial,Diesel,7,100,3500,True,R022,Central Hub,Metro Area,264.8,2285.9,1.0,2,77.0,-2.85,1.01,42.61
V002,Truck,Diesel,11,220,8000,True,R024,Depot C,Zone 2,100.4,5427.0,1.27,1,55.2,-2.39,1.0,34.73
V031,Light Commercial,Diesel,6,100,3500,True,R019,Depot B,Port Terminal,256.5,3258.1,1.47,2,51.3,-1.41,1.06,55.87
V007,Van,Petrol,11,75,1500,True,R002,Hub North,Metro Area,101.9,778.6,1.85,3,34.2,1.7,1.01,22.86
V006,Semi-Trailer,Diesel,8,450,26000,True,R013,Central Hub,Metro Area,191.3,8114.7,1.83,2,40.8,-1.45,1.16,96.49
V042,Bus,Hybrid,4,280,6000,True,R005,Hub North,Zone 3,168.0,2447.2,1.71,1,45.5,-1.82,1.01,49.71
V044,Van,CNG,4,75,1500,True,R016,Central Hub,Industrial Park,23.6,1326.1,1.75,1,33.0,0.49,1.11,5.14
V008,Semi-Trailer,Diesel,1,450,26000,True,R005,Hub North,Zone 3,170.5,16582.9,1.42,1,49.7,-1.33,1.04,81.21
V059,Light Commercial,Diesel,7,100,3500,True,R016,Central Hub,Industrial Park,23.3,2921.1,1.85,1,24.9,1.1,1.23,7.5
V020,Truck,Diesel,4,220,8000,True,R011,Central Hub,Port Terminal,313.5,5723.8,1.0,1,72.4,0.16,1.15,104.01
V020,Truck,Diesel,4,220,8000,True,R001,Depot B,Port Terminal,288.3,7364.9,1.56,1,46.9,-1.84,1.27,113.44
V018,Light Commercial,Hybrid,9,100,3500,True,R004,Depot C,Zone 3,269.6,1841.2,1.36,3,51.1,3.74,1.08,54.22
V028,Van,Diesel,4,75,1500,True,R016,Central Hub,Industrial Park,22.8,1361.1,1.73,1,20.3,0.69,1.2,4.85
V011,Van,Diesel,6,75,1500,True,R003,Depot B,Zone 1,296.8,1279.5,1.03,2,68.6,-1.07,1.0,37.5
V026,Semi-Trailer,Diesel,7,450,26000,True,R026,Central Hub,Zone 4,110.4,21232.4,1.43,3,52.3,-0.41,1.02,61.95
V013,Truck,Hybrid,5,220,8000,True,R023,Depot B,Zone 2,266.5,7185.8,1.12,3,66.3,-0.59,1.08,72.28
V004,Van,Diesel,10,75,1500,True,R022,Central Hub,Metro Area,265.1,820.1,1.07,2,72.5,-3.0,1.09,28.47
V023,Semi-Trailer,Diesel,7,450,26000,True,R006,Depot C,Zone 1,147.4,19016.5,1.45,2,55.0,4.83,1.1,107.5
V041,Bus,Petrol,6,280,6000,True,R024,Depot C,Zone 2,103.5,3432.2,1.15,1,63.6,-2.65,1.0,41.04
V046,Truck,Diesel,4,220,8000,True,R020,Central Hub,Port Terminal,198.3,6078.6,1.19,2,56.8,-0.23,1.02,66.56
V022,Truck,Diesel,10,220,8000,True,R012,Depot A,Zone 2,58.3,5993.5,1.25,2,41.7,1.6,1.21,27.91
V020,Truck,Diesel,4,220,8000,True,R001,Depot B,Port Terminal,291.5,5957.1,1.45,1,51.6,-2.47,1.04,102.33
V048,Light Commercial,Petrol,9,100,3500,True,R016,Central Hub,Industrial Park,23.0,1624.6,1.85,1,25.9,1.67,1.17,7.8
V041,Bus,Petrol,6,280,6000,True,R024,Depot C,Zone 2,102.6,4661.1,1.1,1,73.0,-2.31,1.03,41.61
V050,Light Commercial,Diesel,2,100,3500,True,R002,Hub North,Metro Area,102.6,2957.6,1.69,3,46.1,2.62,1.07,28.34
V055,Van,CNG,6,75,1500,True,R002,Hub North,Metro Area,99.0,961.2,1.6,3,31.8,1.63,1.07,22.99
V050,Light Commercial,Diesel,2,100,3500,True,R012,Depot A,Zone 2,53.2,1702.6,1.0,2,50.7,2.52,1.1,10.62
V057,Light Commercial,Diesel,6,100,3500,True,R016,Central Hub,Industrial Park,24.5,2888.4,1.53,1,36.1,0.29,1.35,6.41
V025,Truck,Diesel,11,220,8000,True,R015,Central Hub,Zone 3,164.4,6093.5,1.92,2,36.2,1.69,1.01,92.29
V024,Van,Diesel,7,75,1500,True,R013,Central Hub,Metro Area,191.9,748.7,1.78,2,38.6,-2.11,1.02,27.38
V020,Truck,Diesel,4,220,8000,True,R008,Depot B,Metro Area,129.0,4743.1,1.61,2,45.8,-2.12,1.13,46.15
V015,Van,Diesel,9,75,1500,True,R002,Hub North,Metro Area,97.2,1024.4,1.41,3,30.7,1.85,1.03,17.88
V045,Light Commercial,Diesel,9,100,3500,True,R001,Depot B,Port Terminal,288.0,2397.8,1.59,1,47.1,-3.22,1.0,61.01
V043,Truck,Diesel,9,220,8000,True,R003,Depot B,Zone 1,293.3,2915.1,1.14,2,66.0,-2.18,1.11,88.72
V049,Truck,Diesel,8,220,8000,True,R021,Depot A,Metro Area,281.0,2790.3,1.38,1,54.2,-0.28,1.14,93.51
V011,Van,Diesel,6,75,1500,True,R024,Depot C,Zone 2,103.3,1281.4,1.1,1,66.8,-1.9,1.01,12.55
V030,Van,Diesel,11,75,1500,True,R014,Depot A,Metro Area,55.9,1344.7,1.54,2,39.1,-2.19,1.19,9.19
V014,Light Commercial,Diesel,4,100,3500,True,R003,Depot B,Zone 1,295.0,1546.1,1.16,2,68.4,-1.78,1.02,47.94
V054,Light Commercial,Petrol,7,100,3500,True,R013,Central Hub,Metro Area,190.0,3067.3,1.69,2,44.0,-2.12,1.01,48.36
V017,Light Commercial,Hybrid,8,100,3500,True,R030,Central Hub,Industrial Park,314.7,1750.3,1.88,2,40.3,3.21,1.04,66.92
V009,Semi-Trailer,Diesel,1,450,26000,True,R008,Depot B,Metro Area,129.9,6295.2,1.65,2,50.8,-3.19,1.08,50.78
V035,Van,Petrol,9,75,1500,True,R015,Central Hub,Zone 3,165.9,1084.4,1.8,2,39.3,1.98,1.2,38.3
V053,Van,CNG,12,75,1500,True,R017,Hub North,Zone 2,146.0,208.5,1.59,3,43.2,4.38,1.07,31.35
V055,Van,CNG,6,75,1500,True,R010,Hub North,Zone 2,195.3,295.2,1.12,2,67.8,3.39,1.13,31.46
V006,Semi-Trailer,Diesel,8,450,26000,True,R014,Depot A,Metro Area,54.4,23396.2,1.69,2,31.2,-2.35,1.03,35.2
V020,Truck,Diesel,4,220,8000,True,R015,Central Hub,Zone 3,162.9,4319.8,1.8,2,43.7,1.84,1.06,78.19
V010,Semi-Trailer,Diesel,12,450,26000,True,R015,Central Hub,Zone 3,164.3,8486.9,1.67,2,48.2,2.0,1.09,106.64
V019,Semi-Trailer,Diesel,11,450,26000,True,R022,Central Hub,Metro Area,264.1,13217.0,1.07,2,67.5,-3.19,1.13,105.95
V033,Truck,Diesel,6,220,8000,True,R018,Hub North,Port Terminal,157.2,4731.6,1.35,1,49.9,3.03,1.15,70.5
V017,Light Commercial,Hybrid,8,100,3500,True,R002,Hub North,Metro Area,102.3,2250.8,1.79,3,39.6,2.19,1.03,21.53
V005,Light Commercial,CNG,10,100,3500,True,R001,Depot B,Port Terminal,286.6,1386.0,1.54,1,51.1,-2.25,1.03,60.0
V031,Light Commercial,Diesel,6,100,3500,True,R013,Central Hub,Metro Area,190.6,1502.5,1.92,2,35.3,-1.66,1.35,44.52
V004,Van,Diesel,10,75,1500,True,R028,Central Hub,Zone 4,28.5,850.9,1.35,1,29.4,-0.55,1.18,4.55
V014,Light Commercial,Diesel,4,100,3500,True,R002,Hub North,Metro Area,100.3,2214.3,2.0,3,38.0,2.14,1.14,30.57
V001,Semi-Trailer,Diesel,6,450,26000,True,R003,Depot B,Zone 1,292.6,22962.0,1.01,2,71.9,-1.63,1.03,131.57
V006,Semi-Trailer,Diesel,8,450,26000,True,R021,Depot A,Metro Area,279.5,11269.3,1.55,1,41.5,-0.33,1.0,151.59
V027,Truck,Diesel,10,220,8000,True,R014,Depot A,Metro Area,54.8,6747.9,2.09,2,24.2,-2.18,1.04,30.19
V052,Van,Petrol,2,75,1500,True,R007,Central Hub,Industrial Park,286.3,1416.4,1.04,3,70.8,-0.0,1.05,42.0
V047,Semi-Trailer,Diesel,6,450,26000,True,R007,Central Hub,Industrial Park,288.8,10092.0,1.52,3,56.0,0.76,1.05,151.01
V006,Semi-Trailer,Diesel,8,450,26000,True,R020,Central Hub,Port Terminal,198.8,3203.0,1.31,2,57.7,-0.35,1.0,81.5
V003,Bus,Hybrid,9,280,6000,True,R016,Central Hub,Industrial Park,24.2,3682.3,1.47,1,36.2,0.76,1.06,9.01
V021,Van,Diesel,10,75,1500,True,R020,Central Hub,Port Terminal,198.6,1302.2,1.43,2,52.4,-0.13,1.08,30.53
V040,Van,CNG,2,75,1500,True,R009,Depot A,Industrial Park,88.5,218.1,1.56,1,29.7,-2.8,1.04,11.99
V045,Light Commercial,Diesel,9,100,3500,True,R016,Central Hub,Industrial Park,21.8,936.5,1.64,1,28.6,1.14,1.04,5.57
V050,Light Commercial,Diesel,2,100,3500,True,R026,Central Hub,Zone 4,112.0,2361.5,1.61,3,50.9,0.56,1.28,24.18
V021,Van,Diesel,10,75,1500,True,R010,Hub North,Zone 2,198.9,1182.3,1.24,2,63.6,3.25,1.05,35.73
V011,Van,Diesel,6,75,1500,True,R012,Depot A,Zone 2,54.6,260.5,1.35,2,31.1,2.46,1.06,8.5
V002,Truck,Diesel,11,220,8000,True,R005,Hub North,Zone 3,172.9,3273.4,1.86,1,35.4,-1.37,1.0,77.45
V009,Semi-Trailer,Diesel,1,450,26000,True,R020,Central Hub,Port Terminal,197.7,7876.1,1.3,2,53.1,0.05,1.05,83.67
V004,Van,Diesel,10,75,1500,True,R001,Depot B,Port Terminal,289.4,1380.2,1.57,1,52.0,-1.81,1.05,42.54
V052,Van,Petrol,2,75,1500,True,R008,Depot B,Metro Area,128.1,1020.1,1.44,2,45.2,-2.18,1.0,19.0
V017,Light Commercial,Hybrid,8,100,3500,True,R022,Central Hub,Metro Area,265.4,1765.0,1.0,2,78.1,-2.43,1.22,33.03
V050,Light Commercial,Diesel,2,100,3500,True,R001,Depot B,Port Terminal,288.4,2915.5,1.43,1,54.2,-2.5,1.05,53.02
V034,Van,Diesel,10,75,1500,True,R030,Central Hub,Industrial Park,316.1,835.5,1.79,2,42.5,2.35,1.03,58.35
V033,Truck,Diesel,6,220,8000,True,R013,Central Hub,Metro Area,190.5,6997.1,1.75,2,40.9,-1.82,1.15,82.2
V028,Van,Diesel,4,75,1500,True,R012,Depot A,Zone 2,53.0,454.5,1.23,2,45.4,2.36,1.11,7.97
V050,Light Commercial,Diesel,2,100,3500,True,R017,Hub North,Zone 2,141.9,431.3,1.53,3,49.6,4.37,1.0,30.67
V003,Bus,Hybrid,9,280,6000,True,R020,Central Hub,Port Terminal,196.8,2786.6,1.23,2,55.1,-1.58,1.21,53.6
V006,Semi-Trailer,Diesel,8,450,26000,True,R014,Depot A,Metro Area,52.9,7114.5,2.01,2,20.0,-2.16,1.02,34.31
V026,Semi-Trailer,Diesel,7,450,26000,True,R027,Depot C,Zone 1,71.3,21069.7,1.15,2,37.1,-1.24,1.03,38.68
V024,Van,Diesel,7,75,1500,True,R029,Depot A,Port Terminal,30.8,829.5,1.19,3,46.7,3.78,1.25,5.14
V033,Truck,Diesel,6,220,8000,True,R007,Central Hub,Industrial Park,286.8,2762.9,1.28,3,64.1,1.05,1.01,95.11
V045,Light Commercial,Diesel,9,100,3500,True,R022,Central Hub,Metro Area,263.5,2651.4,1.18,2,67.7,-2.41,1.03,49.5
V036,Van,Diesel,6,75,1500,True,R010,Hub North,Zone 2,196.9,821.8,1.12,2,66.4,3.23,1.1,28.59
V016,Van,Petrol,6,75,1500,True,R030,Central Hub,Industrial Park,316.3,791.1,1.83,2,35.3,3.43,1.01,72.96
V020,Truck,Diesel,4,220,8000,True,R008,Depot B,Metro Area,127.9,2029.4,1.86,2,36.2,-3.25,1.02,44.53
V046,Truck,Diesel,4,220,8000,True,R009,Depot A,Industrial Park,86.5,7567.5,1.86,1,22.9,-2.54,1.04,41.41
V013,Truck,Hybrid,5,220,8000,True,R022,Central Hub,Metro Area,265.3,5281.3,1.12,2,66.6,-2.72,1.03,64.25
V031,Light Commercial,Diesel,6,100,3500,True,R024,Depot C,Zone 2,101.5,2893.1,1.07,1,75.3,-2.6,1.08,17.82
V033,Truck,Diesel,6,220,8000,True,R004,Depot C,Zone 3,271.2,5966.2,1.72,3,49.1,3.09,1.02,137.63
V046,Truck,Diesel,4,220,8000,True,R017,Hub North,Zone 2,142.0,4220.0,1.38,3,52.3,4.75,1.1,67.15
V043,Truck,Diesel,9,220,8000,True,R011,Central Hub,Port Terminal,312.7,866.2,1.3,1,48.6,1.01,1.19,116.53
V028,Van,Diesel,4,75,1500,True,R019,Depot B,Port Terminal,259.6,1000.0,1.52,2,44.7,-1.35,1.1,34.98
V019,Semi-Trailer,Diesel,11,450,26000,True,R017,Hub North,Zone 2,142.0,4826.4,1.52,3,54.1,3.55,1.34,92.04
V023,Semi-Trailer,Diesel,7,450,26000,True,R030,Central Hub,Industrial Park,312.7,23848.4,1.7,2,45.1,2.39,1.01,227.53
V025,Truck,Diesel,11,220,8000,True,R029,Depot A,Port Terminal,31.9,2495.0,1.05,3,46.0,3.97,1.04,13.26
V014,Light Commercial,Diesel,4,100,3500,True,R020,Central Hub,Port Terminal,199.8,1442.8,1.41,2,51.3,-0.21,1.12,38.29
V038,Light Commercial,Diesel,6,100,3500,True,R021,Depot A,Metro Area,277.5,1990.9,1.3,1,54.8,-0.07,1.02,54.68
V013,Truck,Hybrid,5,220,8000,True,R027,Depot C,Zone 1,68.7,4217.8,1.65,2,25.5,-0.85,1.02,25.09
V039,Truck,Diesel,12,220,8000,True,R006,Depot C,Zone 1,143.9,5255.0,1.92,2,47.3,4.48,1.0,83.99
V046,Truck,Diesel,4,220,8000,True,R022,Central Hub,Metro Area,265.0,6127.4,1.18,2,70.6,-2.44,1.04,76.31
V058,Truck,Diesel,12,220,8000,True,R024,Depot C,Zone 2,101.4,5952.0,1.23,1,57.9,-1.87,1.11,37.56
V008,Semi-Trailer,Diesel,1,450,26000,True,R004,Depot C,Zone 3,267.9,22668.7,1.58,3,40.6,2.99,1.01,183.32
V046,Truck,Diesel,4,220,8000,True,R027,Depot C,Zone 1,67.9,3995.4,1.1,2,45.9,-0.57,1.07,21.41
V006,Semi-Trailer,Diesel,8,450,26000,True,R021,Depot A,Metro Area,278.0,14405.2,1.22,1,60.8,-0.25,1.2,134.81
V021,Van,Diesel,10,75,1500,True,R011,Central Hub,Port Terminal,310.7,1264.4,1.0,1,77.5,0.27,1.1,42.42
V011,Van,Diesel,6,75,1500,True,R015,Central Hub,Zone 3,163.0,510.0,1.89,2,43.0,1.42,1.22,25.95
V010,Semi-Trailer,Diesel,12,450,26000,True,R015,Central Hub,Zone 3,164.2,8034.8,1.94,2,34.0,2.43,1.0,120.53
V011,Van,Diesel,6,75,1500,True,R028,Central Hub,Zone 4,30.9,161.6,1.32,1,43.0,-0.19,1.19,3.75
V003,Bus,Hybrid,9,280,6000,True,R030,Central Hub,Industrial Park,317.2,4366.3,1.89,2,38.4,2.7,1.06,155.94
V050,Light Commercial,Diesel,2,100,3500,True,R025,Hub North,Zone 1,68.3,2395.6,1.41,2,37.8,-3.42,1.02,12.62
V004,Van,Diesel,10,75,1500,True,R020,Central Hub,Port Terminal,200.6,502.8,1.3,2,56.7,0.35,1.01,25.78
V024,Van,Diesel,7,75,1500,True,R004,Depot C,Zone 3,266.9,315.6,1.32,3,60.6,3.11,1.02,35.85
V042,Bus,Hybrid,4,280,6000,True,R028,Central Hub,Zone 4,27.5,816.9,1.71,1,19.8,0.05,1.02,9.98
V060,Light Commercial,Diesel,7,100,3500,True,R005,Hub North,Zone 3,171.6,1801.4,1.67,1,47.8,-1.47,1.01,34.88
V052,Van,Petrol,2,75,1500,True,R006,Depot C,Zone 1,145.3,396.7,1.8,2,38.3,4.64,1.07,31.17
V009,Semi-Trailer,Diesel,1,450,26000,True,R003,Depot B,Zone 1,294.4,20134.1,1.2,2,63.0,-1.54,1.33,130.53
V060,Light Commercial,Diesel,7,100,3500,True,R029,Depot A,Port Terminal,29.6,3176.4,1.22,3,46.1,3.65,1.04,7.99
V040,Van,CNG,2,75,1500,True,R015,Central Hub,Zone 3,161.1,1140.5,1.9,2,36.2,1.74,1.05,35.84
V011,Van,Diesel,6,75,1500,True,R008,Depot B,Metro Area,131.6,1235.8,1.76,2,38.7,-3.21,1.01,19.67
V027,Truck,Diesel,10,220,8000,True,R003,Depot B,Zone 1,293.6,7537.4,1.0,2,73.5,-1.46,1.06,109.85
V056,Semi-Trailer,Diesel,6,450,26000,True,R013,Central Hub,Metro Area,189.7,18971.9,1.94,2,36.9,-1.6,1.02,119.95
V024,Van,Diesel,7,75,1500,True,R022,Central Hub,Metro Area,265.4,873.3,1.08,2,65.0,-2.26,1.06,27.88
V012,Van,Petrol,1,75,1500,True,R030,Central Hub,Industrial Park,312.7,1182.8,1.63,2,46.3,3.19,1.02,63.48
V053,Van,CNG,12,75,1500,True,R017,Hub North,Zone 2,144.4,868.9,1.73,3,43.9,4.18,1.11,37.53
V058,Truck,Diesel,12,220,8000,True,R019,Depot B,Port Terminal,256.9,3741.1,1.38,2,56.4,-1.02,1.02,95.48
V059,Light Commercial,Diesel,7,100,3500,True,R026,Central Hub,Zone 4,111.2,446.7,1.8,3,38.4,0.9,1.0,23.84
V058,Truck,Diesel,12,220,8000,True,R028,Central Hub,Zone 4,30.5,5172.3,1.36,1,32.9,0.05,1.08,13.89
V053,Van,CNG,12,75,1500,True,R009,Depot A,Industrial Park,89.4,1294.3,2.09,1,23.5,-1.94,1.01,21.08
V028,Van,Diesel,4,75,1500,True,R030,Central Hub,Industrial Park,315.0,1033.8,2.02,2,36.2,2.87,1.07,65.92
V012,Van,Petrol,1,75,1500,True,R016,Central Hub,Industrial Park,22.5,665.3,1.54,1,31.5,1.1,1.03,3.96
V038,Light Commercial,Diesel,6,100,3500,True,R028,Central Hub,Zone 4,30.8,2185.3,1.55,1,29.5,-0.2,1.06,7.49
V014,Light Commercial,Diesel,4,100,3500,True,R004,Depot C,Zone 3,269.2,2768.5,1.3,3,59.0,2.51,1.0,60.72
V029,Van,Diesel,12,75,1500,True,R003,Depot B,Zone 1,294.7,1124.4,1.03,2,69.2,-2.11,1.0,33.72
V040,Van,CNG,2,75,1500,True,R027,Depot C,Zone 1,70.2,776.3,1.27,2,38.9,-2.13,1.01,10.87
V057,Light Commercial,Diesel,6,100,3500,True,R021,Depot A,Metro Area,277.4,1426.0,1.24,1,59.1,0.09,1.04,50.02
V018,Light Commercial,Hybrid,9,100,3500,True,R006,Depot C,Zone 1,148.6,1530.7,1.53,2,48.8,4.31,1.04,32.1
V016,Van,Petrol,6,75,1500,True,R027,Depot C,Zone 1,70.5,1307.6,1.29,2,43.5,-2.18,1.02,11.44
V045,Light Commercial,Diesel,9,100,3500,True,R004,Depot C,Zone 3,267.5,855.3,1.29,3,52.7,3.03,1.09,56.83
V001,Semi-Trailer,Diesel,6,450,26000,True,R021,Depot A,Metro Area,281.5,21671.8,1.3,1,48.3,0.09,1.02,152.67
V034,Van,Diesel,10,75,1500,True,R007,Central Hub,Industrial Park,285.4,399.0,1.29,3,55.8,1.12,1.01,35.93
V045,Light Commercial,Diesel,9,100,3500,True,R003,Depot B,Zone 1,296.9,3268.1,1.03,2,68.5,-0.85,1.01,57.01
V034,Van,Diesel,10,75,1500,True,R025,Hub North,Zone 1,68.3,721.6,1.65,2,18.2,-2.89,1.35,11.08
V024,Van,Diesel,7,75,1500,True,R026,Central Hub,Zone 4,112.5,1085.1,1.83,3,48.0,0.26,1.05,17.32
V050,Light Commercial,Diesel,2,100,3500,True,R004,Depot C,Zone 3,267.5,2519.9,1.51,3,51.9,3.23,1.07,66.4
V023,Semi-Trailer,Diesel,7,450,26000,True,R003,Depot B,Zone 1,291.9,19672.9,1.15,2,67.6,-1.66,1.04,131.3
V043,Truck,Diesel,9,220,8000,True,R019,Depot B,Port Terminal,257.8,6167.9,1.44,2,50.9,-1.74,1.09,99.0
V028,Van,Diesel,4,75,1500,True,R001,Depot B,Port Terminal,288.8,199.8,1.58,1,49.1,-2.72,1.03,29.86
V002,Truck,Diesel,11,220,8000,True,R023,Depot B,Zone 2,267.5,2658.7,1.0,3,73.3,-1.21,1.03,82.01
V032,Truck,Diesel,8,220,8000,True,R028,Central Hub,Zone 4,29.7,2362.0,1.79,1,31.3,-0.58,1.12,13.19
V003,Bus,Hybrid,9,280,6000,True,R023,Depot B,Zone 2,263.2,4162.8,1.21,3,62.7,-0.7,1.08,80.02
V056,Semi-Trailer,Diesel,6,450,26000,True,R007,Central Hub,Industrial Park,285.2,17701.3,1.63,3,45.9,0.85,1.03,170.26
V037,Van,Petrol,6,75,1500,True,R006,Depot C,Zone 1,150.8,528.7,1.63,2,46.2,5.17,1.07,33.45
V023,Semi-Trailer,Diesel,7,450,26000,True,R021,Depot A,Metro Area,278.0,20137.3,1.08,1,75.2,0.4,1.14,136.11
V030,Van,Diesel,11,75,1500,True,R002,Hub North,Metro Area,102.9,547.3,1.68,3,45.2,1.95,1.08,17.8
V038,Light Commercial,Diesel,6,100,3500,True,R017,Hub North,Zone 2,141.4,1370.2,1.58,3,43.2,4.11,1.1,37.14
V016,Van,Petrol,6,75,1500,True,R014,Depot A,Metro Area,54.7,658.5,1.84,2,28.5,-2.92,1.05,9.81
V018,Light Commercial,Hybrid,9,100,3500,True,R023,Depot B,Zone 2,267.4,2565.2,1.2,3,64.6,-1.25,1.0,38.21
V026,Semi-Trailer,Diesel,7,450,26000,True,R007,Central Hub,Industrial Park,286.3,2860.3,1.21,3,61.6,0.37,1.1,123.18
V016,Van,Petrol,6,75,1500,True,R023,Depot B,Zone 2,268.9,1305.7,1.0,3,74.8,-2.04,1.03,37.59
V046,Truck,Diesel,4,220,8000,True,R021,Depot A,Metro Area,279.7,5506.0,1.29,1,53.8,-0.27,1.05,99.82
V007,Van,Petrol,11,75,1500,True,R008,Depot B,Metro Area,129.7,897.9,1.46,2,51.8,-2.1,1.1,19.59
V050,Light Commercial,Diesel,2,100,3500,True,R011,Central Hub,Port Terminal,311.0,1056.1,1.0,1,70.1,0.66,1.01,48.74
V021,Van,Diesel,10,75,1500,True,R002,Hub North,Metro Area,101.8,1151.5,1.57,3,46.7,1.63,1.02,18.79
V034,Van,Diesel,10,75,1500,True,R014,Depot A,Metro Area,57.4,1262.8,1.85,2,24.3,-2.35,1.0,10.54
V010,Semi-Trailer,Diesel,12,450,26000,True,R008,Depot B,Metro Area,128.8,13684.2,1.95,2,42.4,-3.52,1.07,67.8
V024,Van,Diesel,7,75,1500,True,R004,Depot C,Zone 3,270.7,522.9,1.45,3,58.0,3.08,1.05,42.29
V046,Truck,Diesel,4,220,8000,True,R017,Hub North,Zone 2,141.9,3387.8,1.74,3,38.4,4.74,1.03,78.49
V017,Light Commercial,Hybrid,8,100,3500,True,R018,Hub North,Port Terminal,158.7,1588.3,1.16,1,64.7,2.73,1.08,25.42
V008,Semi-Trailer,Diesel,1,450,26000,True,R003,Depot B,Zone 1,295.1,9360.7,1.14,2,64.8,-2.37,1.02,104.82
V032,Truck,Diesel,8,220,8000,True,R006,Depot C,Zone 1,146.1,5642.9,2.14,2,37.0,4.27,1.15,101.53
V010,Semi-Trailer,Diesel,12,450,26000,True,R003,Depot B,Zone 1,294.7,10162.1,1.0,2,75.4,-1.15,1.01,130.16
V019,Semi-Trailer,Diesel,11,450,26000,True,R021,Depot A,Metro Area,279.6,20748.9,1.19,1,61.6,0.23,1.03,149.8
V028,Van,Diesel,4,75,1500,True,R011,Central Hub,Port Terminal,310.1,741.2,1.12,1,67.4,-0.06,1.03,35.65
V034,Van,Diesel,10,75,1500,True,R003,Depot B,Zone 1,294.9,951.9,1.21,2,60.9,-0.71,1.08,37.07
V039,Truck,Diesel,12,220,8000,True,R006,Depot C,Zone 1,147.9,7246.1,1.61,2,52.8,3.94,1.0,87.72
V041,Bus,Petrol,6,280,6000,True,R030,Central Hub,Industrial Park,313.7,2874.9,1.78,2,38.9,2.82,1.03,205.03
V051,Light Commercial,Diesel,8,100,3500,True,R008,Depot B,Metro Area,128.9,856.8,1.74,2,44.2,-3.15,1.07,22.6
V004,Van,Diesel,10,75,1500,True,R021,Depot A,Metro Area,279.5,851.2,1.37,1,56.7,-0.28,1.0,38.51
V022,Truck,Diesel,10,220,8000,True,R015,Central Hub,Zone 3,163.4,4177.4,1.93,2,40.6,1.62,1.04,81.22
V001,Semi-Trailer,Diesel,6,450,26000,True,R006,Depot C,Zone 1,147.9,19895.1,1.99,2,36.5,4.69,1.29,130.29
V001,Semi-Trailer,Diesel,6,450,26000,True,R010,Hub North,Zone 2,196.8,21610.4,1.2,2,67.8,4.02,1.04,133.36
V013,Truck,Hybrid,5,220,8000,True,R001,Depot B,Port Terminal,292.3,5645.8,1.57,1,39.4,-2.53,1.0,81.74
V036,Van,Diesel,6,75,1500,True,R023,Depot B,Zone 2,264.4,1388.6,1.06,3,66.4,-1.42,1.14,32.68
V054,Light Commercial,Petrol,7,100,3500,True,R011,Central Hub,Port Terminal,310.5,1150.9,1.03,1,75.8,0.7,1.32,63.59
V047,Semi-Trailer,Diesel,6,450,26000,True,R015,Central Hub,Zone 3,163.2,7886.2,2.07,2,32.6,2.0,1.02,111.76
V039,Truck,Diesel,12,220,8000,True,R005,Hub North,Zone 3,175.2,2780.8,1.68,1,40.9,-1.35,1.09,74.32
V047,Semi-Trailer,Diesel,6,450,26000,True,R025,Hub North,Zone 1,66.3,17427.1,1.62,2,29.1,-2.96,1.18,37.71
V011,Van,Diesel,6,75,1500,True,R007,Central Hub,Industrial Park,288.1,446.5,1.38,3,51.2,0.6,1.05,37.16
V051,Light Commercial,Diesel,8,100,3500,True,R017,Hub North,Zone 2,143.2,613.0,1.71,3,46.5,4.27,1.06,38.59
V054,Light Commercial,Petrol,7,100,3500,True,R027,Depot C,Zone 1,70.9,3258.7,1.0,2,53.6,-1.68,1.0,14.74
V006,Semi-Trailer,Diesel,8,450,26000,True,R022,Central Hub,Metro Area,266.0,9552.9,1.23,2,61.1,-2.23,1.35,118.09
V029,Van,Diesel,12,75,1500,True,R019,Depot B,Port Terminal,259.8,433.6,1.46,2,55.5,-0.75,1.09,33.5
V050,Light Commercial,Diesel,2,100,3500,True,R027,Depot C,Zone 1,69.7,1417.3,1.16,2,37.6,-1.54,1.06,12.39
V029,Van,Diesel,12,75,1500,True,R006,Depot C,Zone 1,148.0,352.0,1.72,2,43.8,4.44,1.01,27.64
V051,Light Commercial,Diesel,8,100,3500,True,R029,Depot A,Port Terminal,28.0,456.4,1.29,3,44.3,4.0,1.11,6.67
V057,Light Commercial,Diesel,6,100,3500,True,R017,Hub North,Zone 2,142.9,1258.5,1.64,3,49.6,3.97,1.01,36.97
V029,Van,Diesel,12,75,1500,True,R013,Central Hub,Metro Area,191.0,580.8,1.67,2,50.6,-1.59,1.02,26.56
V004,Van,Diesel,10,75,1500,True,R008,Depot B,Metro Area,128.7,1184.0,1.48,2,48.3,-2.56,1.01,17.29
V021,Van,Diesel,10,75,1500,True,R023,Depot B,Zone 2,264.0,705.4,1.01,3,77.9,-1.19,1.03,32.32
V013,Truck,Hybrid,5,220,8000,True,R030,Central Hub,Industrial Park,314.4,5809.9,1.78,2,40.4,3.28,1.01,136.69
V029,Van,Diesel,12,75,1500,True,R021,Depot A,Metro Area,277.1,1088.0,1.06,1,73.2,0.14,1.06,37.28
V036,Van,Diesel,6,75,1500,True,R001,Depot B,Port Terminal,288.5,1156.0,1.47,1,56.2,-2.77,1.11,36.35
V028,Van,Diesel,4,75,1500,True,R015,Central Hub,Zone 3,162.2,1321.1,2.21,2,30.7,1.94,1.18,37.11
V012,Van,Petrol,1,75,1500,True,R022,Central Hub,Metro Area,262.8,785.8,1.17,2,56.7,-2.57,1.06,31.08
V019,Semi-Trailer,Diesel,11,450,26000,True,R012,Depot A,Zone 2,56.9,4897.4,1.26,2,47.0,2.3,1.01,31.5
V041,Bus,Petrol,6,280,6000,True,R024,Depot C,Zone 2,102.7,797.2,1.0,1,77.0,-1.94,1.04,35.48
V002,Truck,Diesel,11,220,8000,True,R022,Central Hub,Metro Area,265.8,2071.0,1.0,2,74.6,-2.7,1.04,79.0
V013,Truck,Hybrid,5,220,8000,True,R003,Depot B,Zone 1,296.7,6438.6,1.2,2,61.9,-1.85,1.04,76.48
V054,Light Commercial,Petrol,7,100,3500,True,R017,Hub North,Zone 2,141.6,2058.7,1.49,3,42.0,4.23,1.22,47.73
V006,Semi-Trailer,Diesel,8,450,26000,True,R006,Depot C,Zone 1,149.9,5696.6,1.94,2,39.6,4.59,1.03,111.04
V025,Truck,Diesel,11,220,8000,True,R015,Central Hub,Zone 3,161.8,1701.9,1.83,2,38.8,1.99,1.13,82.84
V013,Truck,Hybrid,5,220,8000,True,R012,Depot A,Zone 2,56.3,6862.2,1.68,2,29.9,2.04,1.06,23.77
V007,Van,Petrol,11,75,1500,True,R025,Hub North,Zone 1,67.6,813.0,1.45,2,34.6,-3.11,1.17,11.02
V026,Semi-Trailer,Diesel,7,450,26000,True,R027,Depot C,Zone 1,69.0,6398.9,1.31,2,24.7,-1.21,1.08,36.27
V032,Truck,Diesel,8,220,8000,True,R014,Depot A,Metro Area,55.9,6897.9,1.67,2,31.9,-2.78,1.2,24.39
V011,Van,Diesel,6,75,1500,True,R017,Hub North,Zone 2,144.2,1068.9,1.7,3,44.9,5.22,1.05,33.38
V005,Light Commercial,CNG,10,100,3500,True,R019,Depot B,Port Terminal,259.4,1771.4,1.55,2,49.6,-1.33,1.07,57.04
V009,Semi-Trailer,Diesel,1,450,26000,True,R020,Central Hub,Port Terminal,199.2,12877.9,1.22,2,60.7,-0.65,1.22,86.22
V040,Van,CNG,2,75,1500,True,R020,Central Hub,Port Terminal,199.1,1007.6,1.32,2,57.1,-0.13,1.01,31.3
V052,Van,Petrol,2,75,1500,True,R024,Depot C,Zone 2,102.6,581.3,1.36,1,55.8,-1.96,1.07,12.85
V011,Van,Diesel,6,75,1500,True,R030,Central Hub,Industrial Park,314.3,1424.9,1.87,2,41.1,2.78,1.09,67.16
V020,Truck,Diesel,4,220,8000,True,R025,Hub North,Zone 1,69.1,6135.0,1.32,2,39.7,-3.67,1.1,23.51
V021,Van,Diesel,10,75,1500,True,R005,Hub North,Zone 3,172.4,967.2,1.75,1,44.1,-1.87,1.06,25.56
V022,Truck,Diesel,10,220,8000,True,R015,Central Hub,Zone 3,165.3,5474.7,2.1,2,43.1,2.02,1.12,97.27
V015,Van,Diesel,9,75,1500,True,R014,Depot A,Metro Area,52.6,1420.0,1.78,2,25.2,-3.21,1.01,9.07
V004,Van,Diesel,10,75,1500,True,R016,Central Hub,Industrial Park,22.4,163.7,1.6,1,29.7,0.36,1.14,3.14
V032,Truck,Diesel,8,220,8000,True,R016,Central Hub,Industrial Park,20.5,955.2,1.73,1,35.7,1.15,1.1,8.78
V022,Truck,Diesel,10,220,8000,True,R022,Central Hub,Metro Area,264.5,6138.2,1.0,2,74.4,-2.75,1.08,85.93
V021,Van,Diesel,10,75,1500,True,R013,Central Hub,Metro Area,194.7,417.0,1.56,2,51.7,-2.18,1.1,23.85
V016,Van,Petrol,6,75,1500,True,R008,Depot B,Metro Area,128.3,1023.6,1.62,2,46.9,-2.94,1.07,19.51
V056,Semi-Trailer,Diesel,6,450,26000,True,R014,Depot A,Metro Area,55.2,13723.8,1.99,2,24.3,-3.1,1.01,32.45
V037,Van,Petrol,6,75,1500,True,R026,Central Hub,Zone 4,113.1,556.3,1.92,3,43.0,0.73,1.04,20.42
V026,Semi-Trailer,Diesel,7,450,26000,True,R010,Hub North,Zone 2,194.7,7712.6,1.33,2,58.3,3.18,1.16,116.35
V013,Truck,Hybrid,5,220,8000,True,R001,Depot B,Port Terminal,287.5,6081.9,1.48,1,44.4,-2.59,1.03,81.66
V049,Truck,Diesel,8,220,8000,True,R030,Central Hub,Industrial Park,314.3,1962.7,1.85,2,41.1,3.06,1.06,159.18
V054,Light Commercial,Petrol,7,100,3500,True,R006,Depot C,Zone 1,143.4,822.2,1.75,2,38.8,4.34,1.0,44.7
V002,Truck,Diesel,11,220,8000,True,R019,Depot B,Port Terminal,256.5,3805.1,1.57,2,52.8,-1.92,1.11,93.48
V056,Semi-Trailer,Diesel,6,450,26000,True,R025,Hub North,Zone 1,70.0,5236.0,1.67,2,36.9,-3.87,1.05,29.94
V042,Bus,Hybrid,4,280,6000,True,R009,Depot A,Industrial Park,90.0,3871.7,1.98,1,32.8,-2.37,1.12,34.24
V006,Semi-Trailer,Diesel,8,450,26000,True,R011,Central Hub,Port Terminal,312.0,24522.6,1.18,1,65.2,0.54,1.09,163.16
V046,Truck,Diesel,4,220,8000,True,R009,Depot A,Industrial Park,89.8,5885.8,1.67,1,28.1,-2.73,1.12,38.84
V007,Van,Petrol,11,75,1500,True,R005,Hub North,Zone 3,172.4,919.1,2.01,1,38.6,-1.86,1.05,33.23
V004,Van,Diesel,10,75,1500,True,R005,Hub North,Zone 3,172.9,653.2,2.02,1,33.4,-1.44,1.07,28.5
V007,Van,Petrol,11,75,1500,True,R006,Depot C,Zone 1,147.2,1409.7,1.69,2,53.7,4.63,1.01,35.52
V028,Van,Diesel,4,75,1500,True,R014,Depot A,Metro Area,55.2,1271.9,1.64,2,35.3,-2.47,1.35,8.03
V038,Light Commercial,Diesel,6,100,3500,True,R016,Central Hub,Industrial Park,21.7,2791.3,1.76,1,29.7,1.6,1.19,6.66
V025,Truck,Diesel,11,220,8000,True,R001,Depot B,Port Terminal,290.2,2364.0,1.26,1,63.6,-2.1,1.06,87.38
V008,Semi-Trailer,Diesel,1,450,26000,True,R026,Central Hub,Zone 4,114.3,5331.1,1.51,3,47.7,0.5,1.07,51.73
V012,Van,Petrol,1,75,1500,True,R021,Depot A,Metro Area,281.7,376.9,1.22,1,56.8,0.43,1.03,35.76
V052,Van,Petrol,2,75,1500,True,R003,Depot B,Zone 1,293.8,479.8,1.1,2,59.6,-1.64,1.17,33.62
V058,Truck,Diesel,12,220,8000,True,R026,Central Hub,Zone 4,110.6,1355.6,1.59,3,47.5,0.56,1.02,41.13
V046,Truck,Diesel,4,220,8000,True,R001,Depot B,Port Terminal,290.2,6841.3,1.52,1,48.4,-1.86,1.04,109.85
V007,Van,Petrol,11,75,1500,True,R017,Hub North,Zone 2,143.6,386.1,1.57,3,49.8,3.87,1.07,27.43
V050,Light Commercial,Diesel,2,100,3500,True,R014,Depot A,Metro Area,55.5,1024.2,1.72,2,29.2,-2.5,1.08,10.86
V042,Bus,Hybrid,4,280,6000,True,R016,Central Hub,Industrial Park,21.6,5129.6,1.87,1,28.7,1.42,1.0,9.98
V032,Truck,Diesel,8,220,8000,True,R029,Depot A,Port Terminal,31.4,7315.4,1.19,3,45.1,4.02,1.11,16.79
V009,Semi-Trailer,Diesel,1,450,26000,True,R028,Central Hub,Zone 4,28.4,7501.4,1.64,1,24.7,-0.66,1.02,16.49
V060,Light Commercial,Diesel,7,100,3500,True,R009,Depot A,Industrial Park,89.5,1225.2,1.49,1,37.0,-3.2,1.11,16.08
V027,Truck,Diesel,10,220,8000,True,R018,Hub North,Port Terminal,159.7,6240.7,1.0,1,73.4,1.87,1.1,67.41
V003,Bus,Hybrid,9,280,6000,True,R029,Depot A,Port Terminal,33.2,5548.3,1.2,3,43.8,4.73,1.13,16.04
V013,Truck,Hybrid,5,220,8000,True,R022,Central Hub,Metro Area,265.2,5217.8,1.38,2,58.5,-2.54,1.07,69.21
V025,Truck,Diesel,11,220,8000,True,R027,Depot C,Zone 1,68.3,3809.6,1.1,2,49.6,-1.84,1.03,22.19
V004,Van,Diesel,10,75,1500,True,R014,Depot A,Metro Area,55.3,1010.1,1.81,2,28.1,-2.37,1.13,9.8
V020,Truck,Diesel,4,220,8000,True,R009,Depot A,Industrial Park,91.7,6105.9,1.52,1,33.5,-2.9,1.3,37.83
V029,Van,Diesel,12,75,1500,True,R016,Central Hub,Industrial Park,21.3,293.6,1.45,1,38.0,0.81,1.01,3.18
V057,Light Commercial,Diesel,6,100,3500,True,R025,Hub North,Zone 1,68.2,1645.0,1.55,2,26.3,-3.45,1.08,13.58
V006,Semi-Trailer,Diesel,8,450,26000,True,R028,Central Hub,Zone 4,32.1,21546.4,1.4,1,32.0,-1.08,1.01,19.19
V035,Van,Petrol,9,75,1500,True,R021,Depot A,Metro Area,280.5,1049.4,1.05,1,70.0,-0.71,1.08,40.09
V055,Van,CNG,6,75,1500,True,R022,Central Hub,Metro Area,267.8,346.1,1.0,2,69.7,-3.3,1.07,28.72
V049,Truck,Diesel,8,220,8000,True,R016,Central Hub,Industrial Park,21.5,5935.4,1.28,1,38.1,1.35,1.01,9.6
V056,Semi-Trailer,Diesel,6,450,26000,True,R010,Hub North,Zone 2,196.3,17350.4,1.28,2,57.2,3.11,1.08,119.76
V011,Van,Diesel,6,75,1500,True,R013,Central Hub,Metro Area,194.0,487.4,1.78,2,42.5,-1.69,1.01,25.87
V049,Truck,Diesel,8,220,8000,True,R015,Central Hub,Zone 3,162.2,3139.2,1.9,2,39.3,2.18,1.01,83.42
V059,Light Commercial,Diesel,7,100,3500,True,R025,Hub North,Zone 1,68.0,1285.4,1.38,2,40.4,-3.06,1.11,12.45
V020,Truck,Diesel,4,220,8000,True,R017,Hub North,Zone 2,142.7,7554.1,1.68,3,46.9,4.11,1.01,82.13
V030,Van,Diesel,11,75,1500,True,R024,Depot C,Zone 2,103.4,384.2,1.25,1,59.9,-2.22,1.05,11.33
V032,Truck,Diesel,8,220,8000,True,R001,Depot B,Port Terminal,289.2,6440.0,1.49,1,49.0,-2.55,1.04,107.4
V030,Van,Diesel,11,75,1500,True,R023,Depot B,Zone 2,267.2,826.6,1.15,3,65.2,-0.54,1.16,33.62
V018,Light Commercial,Hybrid,9,100,3500,True,R016,Central Hub,Industrial Park,22.0,2969.6,1.46,1,34.1,1.69,1.02,4.51
V059,Light Commercial,Diesel,7,100,3500,True,R030,Central Hub,Industrial Park,315.6,3271.0,1.7,2,54.2,3.5,1.06,93.77
V058,Truck,Diesel,12,220,8000,True,R015,Central Hub,Zone 3,170.0,7335.4,2.05,2,30.7,0.94,1.0,105.86
V023,Semi-Trailer,Diesel,7,450,26000,True,R015,Central Hub,Zone 3,165.0,21479.0,1.98,2,34.2,1.63,1.01,134.2
V049,Truck,Diesel,8,220,8000,True,R004,Depot C,Zone 3,268.2,3612.3,1.26,3,55.2,2.97,1.03,113.41
V024,Van,Diesel,7,75,1500,True,R025,Hub North,Zone 1,66.4,495.9,1.6,2,32.3,-2.88,1.07,8.54
V048,Light Commercial,Petrol,9,100,3500,True,R022,Central Hub,Metro Area,263.1,1300.5,1.0,2,75.9,-3.35,1.3,48.39
V036,Van,Diesel,6,75,1500,True,R026,Central Hub,Zone 4,111.7,982.8,1.86,3,38.0,-0.16,1.07,17.2
V029,Van,Diesel,12,75,1500,True,R003,Depot B,Zone 1,293.6,585.9,1.0,2,78.6,-1.14,1.07,35.13
V008,Semi-Trailer,Diesel,1,450,26000,True,R007,Central Hub,Industrial Park,287.5,12211.0,1.4,3,54.9,0.43,1.01,128.66
V040,Van,CNG,2,75,1500,True,R027,Depot C,Zone 1,73.1,251.7,1.7,2,33.2,-2.2,1.1,11.11
V020,Truck,Diesel,4,220,8000,True,R002,Hub North,Metro Area,102.7,6042.9,1.54,3,53.4,1.34,1.14,44.31
V014,Light Commercial,Diesel,4,100,3500,True,R016,Central Hub,Industrial Park,22.4,681.6,2.0,1,18.0,1.1,1.25,6.52
V012,Van,Petrol,1,75,1500,True,R013,Central Hub,Metro Area,190.4,579.7,1.76,2,45.3,-2.23,1.03,28.68
V059,Light Commercial,Diesel,7,100,3500,True,R029,Depot A,Port Terminal,32.8,2106.5,1.02,3,44.0,4.0,1.05,7.95
V007,Van,Petrol,11,75,1500,True,R026,Central Hub,Zone 4,111.9,827.2,1.63,3,47.0,0.15,1.07,19.41
V048,Light Commercial,Petrol,9,100,3500,True,R027,Depot C,Zone 1,67.8,3007.1,1.6,2,30.9,-2.31,1.02,19.0
V052,Van,Petrol,2,75,1500,True,R009,Depot A,Industrial Park,89.6,989.8,1.78,1,27.9,-1.95,1.0,16.83
V002,Truck,Diesel,11,220,8000,True,R018,Hub North,Port Terminal,159.1,6165.5,1.0,1,70.2,2.94,1.01,70.6
V036,Van,Diesel,6,75,1500,True,R022,Central Hub,Metro Area,260.5,536.9,1.07,2,74.2,-2.79,1.04,26.11
V035,Van,Petrol,9,75,1500,True,R030,Central Hub,Industrial Park,312.6,318.6,1.73,2,38.1,2.71,1.05,63.61
V022,Truck,Diesel,10,220,8000,True,R001,Depot B,Port Terminal,288.1,5854.6,1.49,1,53.4,-1.79,1.0,105.85
V041,Bus,Petrol,6,280,6000,True,R030,Central Hub,Industrial Park,314.9,1383.3,1.72,2,37.8,3.16,1.15,201.28
V025,Truck,Diesel,11,220,8000,True,R011,Central Hub,Port Terminal,310.6,6472.3,1.44,1,52.2,0.97,1.01,137.7
V027,Truck,Diesel,10,220,8000,True,R004,Depot C,Zone 3,266.9,7212.5,1.13,3,73.5,2.74,1.01,129.34
V026,Semi-Trailer,Diesel,7,450,26000,True,R019,Depot B,Port Terminal,259.1,8852.7,1.57,2,57.3,-1.62,1.07,120.86
V049,Truck,Diesel,8,220,8000,True,R024,Depot C,Zone 2,101.1,5974.8,1.13,1,60.0,-2.11,1.05,32.2
V038,Light Commercial,Diesel,6,100,3500,True,R004,Depot C,Zone 3,268.9,1651.1,1.23,3,58.4,2.75,1.03,58.33
V023,Semi-Trailer,Diesel,7,450,26000,True,R002,Hub North,Metro Area,99.1,9207.8,1.79,3,25.8,1.74,1.0,70.91
V056,Semi-Trailer,Diesel,6,450,26000,True,R027,Depot C,Zone 1,68.4,12128.3,1.03,2,57.5,-1.84,1.04,26.66
V049,Truck,Diesel,8,220,8000,True,R029,Depot A,Port Terminal,31.9,5198.0,1.0,3,49.7,4.06,1.11,14.25
V056,Semi-Trailer,Diesel,6,450,26000,True,R005,Hub North,Zone 3,172.5,24436.3,1.83,1,45.2,-1.98,1.0,99.11
V044,Van,CNG,4,75,1500,True,R028,Central Hub,Zone 4,31.4,532.6,1.45,1,35.7,-0.28,1.0,5.07
V024,Van,Diesel,7,75,1500,True,R028,Central Hub,Zone 4,29.2,1050.1,1.27,1,34.7,-0.39,1.08,4.46
V047,Semi-Trailer,Diesel,6,450,26000,True,R030,Central Hub,Industrial Park,312.6,10000.6,1.41,2,45.6,2.84,1.03,186.95
V020,Truck,Diesel,4,220,8000,True,R007,Central Hub,Industrial Park,289.5,2509.5,1.59,3,44.7,0.83,1.26,123.34
V017,Light Commercial,Hybrid,8,100,3500,True,R018,Hub North,Port Terminal,155.3,2229.7,1.13,1,75.7,2.63,1.0,25.74
V028,Van,Diesel,4,75,1500,True,R030,Central Hub,Industrial Park,315.7,1120.6,1.67,2,45.9,2.65,1.07,58.29
V059,Light Commercial,Diesel,7,100,3500,True,R028,Central Hub,Zone 4,32.0,2484.2,1.8,1,32.0,-0.29,1.18,8.16
V035,Van,Petrol,9,75,1500,True,R019,Depot B,Port Terminal,259.3,1351.8,1.62,2,40.5,-1.41,1.01,50.35
V024,Van,Diesel,7,75,1500,True,R006,Depot C,Zone 1,146.7,286.9,2.03,2,35.7,4.24,1.03,30.56
V028,Van,Diesel,4,75,1500,True,R003,Depot B,Zone 1,293.2,839.3,1.0,2,78.1,-1.9,1.12,32.57
V018,Light Commercial,Hybrid,9,100,3500,True,R008,Depot B,Metro Area,128.7,1215.3,1.47,2,46.7,-2.81,1.18,16.41
V040,Van,CNG,2,75,1500,True,R002,Hub North,Metro Area,98.9,1191.6,1.72,3,28.8,1.56,1.09,23.25
V022,Truck,Diesel,10,220,8000,True,R006,Depot C,Zone 1,146.3,1221.8,1.82,2,37.6,5.05,1.08,80.33
V034,Van,Diesel,10,75,1500,True,R003,Depot B,Zone 1,295.4,374.1,1.27,2,62.5,-1.53,1.11,33.67
V023,Semi-Trailer,Diesel,7,450,26000,True,R023,Depot B,Zone 2,267.5,19661.8,1.0,3,76.6,-1.01,1.08,118.13
V020,Truck,Diesel,4,220,8000,True,R018,Hub North,Port Terminal,156.0,3211.6,1.17,1,67.1,2.41,1.01,58.2
V059,Light Commercial,Diesel,7,100,3500,True,R016,Central Hub,Industrial Park,23.6,2378.4,1.71,1,32.8,1.24,1.05,6.45
V021,Van,Diesel,10,75,1500,True,R025,Hub North,Zone 1,69.0,1423.1,1.66,2,29.2,-3.31,1.13,11.3
V005,Light Commercial,CNG,10,100,3500,True,R013,Central Hub,Metro Area,194.5,1718.1,1.63,2,50.1,-2.16,1.07,43.74
V023,Semi-Trailer,Diesel,7,450,26000,True,R013,Central Hub,Metro Area,193.1,14379.0,1.77,2,40.1,-1.59,1.03,105.97
V032,Truck,Diesel,8,220,8000,True,R007,Central Hub,Industrial Park,289.1,7432.2,1.18,3,65.9,0.8,1.06,117.4
V006,Semi-Trailer,Diesel,8,450,26000,True,R014,Depot A,Metro Area,55.7,19095.3,1.75,2,20.8,-3.51,1.18,36.81
V019,Semi-Trailer,Diesel,11,450,26000,True,R006,Depot C,Zone 1,149.2,6948.3,1.6,2,43.8,4.38,1.02,110.32
V010,Semi-Trailer,Diesel,12,450,26000,True,R018,Hub North,Port Terminal,155.7,20375.0,1.0,1,84.3,2.83,1.07,100.56
V031,Light Commercial,Diesel,6,100,3500,True,R030,Central Hub,Industrial Park,313.6,1884.7,1.63,2,48.3,2.78,1.27,78.74
V044,Van,CNG,4,75,1500,True,R016,Central Hub,Industrial Park,22.5,1153.9,1.49,1,36.1,1.0,1.09,4.3
V059,Light Commercial,Diesel,7,100,3500,True,R009,Depot A,Industrial Park,88.1,2130.7,1.6,1,28.0,-3.24,1.05,19.33
V024,Van,Diesel,7,75,1500,True,R021,Depot A,Metro Area,280.3,439.8,1.06,1,66.7,-1.0,1.03,30.45
V052,Van,Petrol,2,75,1500,True,R025,Hub North,Zone 1,69.3,1188.4,1.81,2,26.5,-3.46,1.0,12.35
V013,Truck,Hybrid,5,220,8000,True,R015,Central Hub,Zone 3,164.6,813.8,1.73,2,43.0,1.91,1.09,53.64
V047,Semi-Trailer,Diesel,6,450,26000,True,R008,Depot B,Metro Area,128.7,22225.5,1.7,2,51.8,-4.03,1.13,63.82
V034,Van,Diesel,10,75,1500,True,R022,Central Hub,Metro Area,263.0,1193.7,1.0,2,79.1,-3.0,1.1,32.08
V046,Truck,Diesel,4,220,8000,True,R006,Depot C,Zone 1,149.3,7397.0,1.96,2,38.6,3.67,1.01,94.49
V046,Truck,Diesel,4,220,8000,True,R030,Central Hub,Industrial Park,314.3,1041.7,1.7,2,44.5,2.82,1.04,129.24
V032,Truck,Diesel,8,220,8000,True,R010,Hub North,Zone 2,196.3,3775.9,1.14,2,68.6,4.28,1.07,88.37
V016,Van,Petrol,6,75,1500,True,R011,Central Hub,Port Terminal,311.1,365.6,1.1,1,62.6,0.42,1.09,39.04
V032,Truck,Diesel,8,220,8000,True,R022,Central Hub,Metro Area,261.5,3343.1,1.23,2,53.3,-2.7,1.07,81.55
V050,Light Commercial,Diesel,2,100,3500,True,R001,Depot B,Port Terminal,288.4,1420.4,1.05,1,74.6,-2.04,1.04,42.84
V059,Light Commercial,Diesel,7,100,3500,True,R007,Central Hub,Industrial Park,287.2,2127.7,1.18,3,64.0,0.66,1.01,56.51
V056,Semi-Trailer,Diesel,6,450,26000,True,R004,Depot C,Zone 3,267.2,12267.2,1.28,3,53.2,2.88,1.06,154.86
V011,Van,Diesel,6,75,1500,True,R012,Depot A,Zone 2,57.6,1381.1,1.13,2,35.9,2.29,1.05,10.22
V036,Van,Diesel,6,75,1500,True,R017,Hub North,Zone 2,141.1,504.2,1.91,3,42.9,4.42,1.1,28.85
V007,Van,Petrol,11,75,1500,True,R006,Depot C,Zone 1,148.8,683.9,1.71,2,41.8,4.56,1.2,36.72
V041,Bus,Petrol,6,280,6000,True,R011,Central Hub,Port Terminal,314.7,4173.3,1.32,1,58.5,0.45,1.1,157.77
V060,Light Commercial,Diesel,7,100,3500,True,R024,Depot C,Zone 2,103.4,1172.7,1.41,1,52.1,-2.41,1.01,18.21
V004,Van,Diesel,10,75,1500,True,R029,Depot A,Port Terminal,30.8,1072.9,1.23,3,40.5,4.27,1.0,6.28
V040,Van,CNG,2,75,1500,True,R001,Depot B,Port Terminal,286.6,1053.6,1.39,1,51.6,-2.51,1.11,41.1
V057,Light Commercial,Diesel,6,100,3500,True,R019,Depot B,Port Terminal,256.0,2468.9,1.28,2,58.4,-1.15,1.04,47.32
V051,Light Commercial,Diesel,8,100,3500,True,R001,Depot B,Port Terminal,287.7,2358.4,1.6,1,49.1,-2.8,1.02,56.01
V024,Van,Diesel,7,75,1500,True,R016,Central Hub,Industrial Park,21.6,1192.3,1.81,1,26.6,1.51,1.09,4.61
V007,Van,Petrol,11,75,1500,True,R027,Depot C,Zone 1,69.3,1418.5,1.33,2,36.2,-1.42,1.01,12.65
V056,Semi-Trailer,Diesel,6,450,26000,True,R024,Depot C,Zone 2,101.3,3822.9,1.33,1,59.0,-2.66,1.0,36.08
V056,Semi-Trailer,Diesel,6,450,26000,True,R007,Central Hub,Industrial Park,287.3,13586.9,1.69,3,47.1,0.85,1.3,177.96
V035,Van,Petrol,9,75,1500,True,R008,Depot B,Metro Area,129.7,1186.7,1.78,2,37.7,-3.0,1.09,23.84
V059,Light Commercial,Diesel,7,100,3500,True,R024,Depot C,Zone 2,99.9,350.1,1.0,1,49.9,-2.26,1.06,14.87
V001,Semi-Trailer,Diesel,6,450,26000,True,R025,Hub North,Zone 1,67.3,14647.9,1.53,2,30.6,-3.26,1.01,35.9
V037,Van,Petrol,6,75,1500,True,R009,Depot A,Industrial Park,88.3,991.2,1.92,1,26.2,-2.57,1.19,17.48
V003,Bus,Hybrid,9,280,6000,True,R001,Depot B,Port Terminal,288.0,1577.9,1.45,1,57.4,-2.0,1.05,77.73
V057,Light Commercial,Diesel,6,100,3500,True,R014,Depot A,Metro Area,57.8,1542.4,2.02,2,26.2,-2.3,1.05,14.31
V041,Bus,Petrol,6,280,6000,True,R019,Depot B,Port Terminal,258.3,4626.2,1.46,2,60.0,-2.09,1.03,114.83
V055,Van,CNG,6,75,1500,True,R014,Depot A,Metro Area,52.6,235.0,1.84,2,28.1,-2.94,1.15,8.54
V034,Van,Diesel,10,75,1500,True,R029,Depot A,Port Terminal,31.4,322.0,1.08,3,45.7,4.01,1.01,4.78
V005,Light Commercial,CNG,10,100,3500,True,R025,Hub North,Zone 1,69.1,2783.8,1.54,2,32.3,-2.93,1.01,18.02
V002,Truck,Diesel,11,220,8000,True,R024,Depot C,Zone 2,101.6,6302.6,1.17,1,64.6,-2.54,1.01,34.05
V021,Van,Diesel,10,75,1500,True,R001,Depot B,Port Terminal,286.5,902.8,1.25,1,61.4,-1.74,1.07,34.46
V045,Light Commercial,Diesel,9,100,3500,True,R026,Central Hub,Zone 4,114.6,1588.2,1.68,3,40.6,0.87,1.03,27.24
V010,Semi-Trailer,Diesel,12,450,26000,True,R023,Depot B,Zone 2,264.9,4934.9,1.0,3,74.1,-1.27,1.08,108.38
V052,Van,Petrol,2,75,1500,True,R012,Depot A,Zone 2,56.2,1184.6,1.09,2,43.0,1.63,1.13,9.68
V015,Van,Diesel,9,75,1500,True,R018,Hub North,Port Terminal,157.9,458.2,1.0,1,79.1,2.69,1.1,20.93
V030,Van,Diesel,11,75,1500,True,R025,Hub North,Zone 1,69.2,1314.3,1.67,2,22.2,-3.2,1.15,11.96
V013,Truck,Hybrid,5,220,8000,True,R028,Central Hub,Zone 4,32.6,6075.7,1.62,1,31.4,-0.01,1.09,11.89
V028,Van,Diesel,4,75,1500,True,R017,Hub North,Zone 2,143.6,253.2,1.61,3,40.4,4.62,1.13,25.31
V028,Van,Diesel,4,75,1500,True,R002,Hub North,Metro Area,100.0,960.3,1.44,3,36.5,1.79,1.26,17.16
V001,Semi-Trailer,Diesel,6,450,26000,True,R019,Depot B,Port Terminal,259.7,22945.8,1.46,2,49.9,-1.37,1.06,135.78
V035,Van,Petrol,9,75,1500,True,R021,Depot A,Metro Area,278.7,1270.9,1.05,1,64.3,0.46,1.26,46.86
V048,Light Commercial,Petrol,9,100,3500,True,R002,Hub North,Metro Area,101.0,2174.7,1.61,3,50.4,1.8,1.1,29.71
V057,Light Commercial,Diesel,6,100,3500,True,R025,Hub North,Zone 1,66.4,861.6,1.62,2,20.9,-2.91,1.01,14.12
V020,Truck,Diesel,4,220,8000,True,R007,Central Hub,Industrial Park,286.0,5425.6,1.45,3,51.6,0.89,1.02,115.91
V053,Van,CNG,12,75,1500,True,R027,Depot C,Zone 1,70.5,999.3,1.32,2,40.6,-1.41,1.11,12.81
V053,Van,CNG,12,75,1500,True,R017,Hub North,Zone 2,143.4,900.6,1.72,3,49.1,3.92,1.17,34.39
V060,Light Commercial,Diesel,7,100,3500,True,R010,Hub North,Zone 2,195.2,1140.6,1.25,2,53.6,3.23,1.04,42.85
V023,Semi-Trailer,Diesel,7,450,26000,True,R002,Hub North,Metro Area,101.5,22496.6,1.59,3,45.0,1.66,1.18,68.97
V052,Van,Petrol,2,75,1500,True,R001,Depot B,Port Terminal,287.1,790.8,1.62,1,50.6,-2.66,1.09,41.57
V034,Van,Diesel,10,75,1500,True,R023,Depot B,Zone 2,268.4,528.8,1.31,3,62.0,-1.61,1.18,31.38
V004,Van,Diesel,10,75,1500,True,R012,Depot A,Zone 2,54.7,475.4,1.07,2,51.8,2.19,1.09,7.38
V017,Light Commercial,Hybrid,8,100,3500,True,R026,Central Hub,Zone 4,110.3,1186.0,1.81,3,51.8,0.68,1.01,17.85
V041,Bus,Petrol,6,280,6000,True,R007,Central Hub,Industrial Park,287.6,2951.6,1.26,3,57.7,0.11,1.04,129.07
V010,Semi-Trailer,Diesel,12,450,26000,True,R028,Central Hub,Zone 4,28.6,7701.8,1.17,1,44.3,-0.61,1.02,13.89
V027,Truck,Diesel,10,220,8000,True,R029,Depot A,Port Terminal,32.7,4318.4,1.2,3,40.4,3.83,1.08,16.13
V047,Semi-Trailer,Diesel,6,450,26000,True,R004,Depot C,Zone 3,268.1,6843.7,1.11,3,59.9,3.04,1.15,135.76
V009,Semi-Trailer,Diesel,1,450,26000,True,R020,Central Hub,Port Terminal,198.7,8588.0,1.4,2,53.2,-0.63,1.01,82.18
V030,Van,Diesel,11,75,1500,True,R029,Depot A,Port Terminal,31.7,302.6,1.0,3,42.0,3.36,1.14,4.71
V013,Truck,Hybrid,5,220,8000,True,R010,Hub North,Zone 2,196.3,3230.3,1.1,2,66.0,3.71,1.16,67.12
V033,Truck,Diesel,6,220,8000,True,R003,Depot B,Zone 1,292.5,3560.6,1.01,2,68.0,-2.27,1.05,84.37
V015,Van,Diesel,9,75,1500,True,R027,Depot C,Zone 1,71.0,664.7,1.43,2,36.7,-1.7,1.02,9.76
V058,Truck,Diesel,12,220,8000,True,R015,Central Hub,Zone 3,162.4,5729.2,1.73,2,40.2,1.67,1.01,86.02
V005,Light Commercial,CNG,10,100,3500,True,R001,Depot B,Port Terminal,286.6,1788.0,1.33,1,49.3,-2.43,1.02,58.47
V058,Truck,Diesel,12,220,8000,True,R026,Central Hub,Zone 4,113.3,5512.4,1.8,3,45.0,0.64,1.01,56.09
V048,Light Commercial,Petrol,9,100,3500,True,R021,Depot A,Metro Area,280.4,448.6,1.22,1,59.2,0.77,1.03,57.97
V052,Van,Petrol,2,75,1500,True,R003,Depot B,Zone 1,292.5,706.7,1.2,2,60.8,-2.3,1.05,35.87
V052,Van,Petrol,2,75,1500,True,R008,Depot B,Metro Area,128.1,264.5,1.5,2,46.1,-2.39,1.07,16.04
V012,Van,Petrol,1,75,1500,True,R001,Depot B,Port Terminal,286.9,739.2,1.52,1,53.9,-3.38,1.15,36.49
V056,Semi-Trailer,Diesel,6,450,26000,True,R029,Depot A,Port Terminal,33.5,16195.9,1.5,3,34.4,4.46,1.15,26.69
V036,Van,Diesel,6,75,1500,True,R001,Depot B,Port Terminal,289.7,1165.8,1.45,1,49.1,-3.2,1.12,36.99
V058,Truck,Diesel,12,220,8000,True,R024,Depot C,Zone 2,101.2,4541.5,1.17,1,56.6,-1.3,1.06,37.38
V053,Van,CNG,12,75,1500,True,R016,Central Hub,Industrial Park,23.5,633.9,1.31,1,48.2,0.78,1.01,4.13
V035,Van,Petrol,9,75,1500,True,R018,Hub North,Port Terminal,155.6,487.2,1.0,1,82.9,3.3,1.01,25.86
V023,Semi-Trailer,Diesel,7,450,26000,True,R025,Hub North,Zone 1,67.3,23759.5,1.59,2,37.2,-2.64,1.04,36.96
V008,Semi-Trailer,Diesel,1,450,26000,True,R027,Depot C,Zone 1,70.6,6982.1,1.2,2,38.8,-1.78,1.09,28.75
V007,Van,Petrol,11,75,1500,True,R004,Depot C,Zone 3,268.8,204.1,1.39,3,51.9,2.83,1.03,44.85
V024,Van,Diesel,7,75,1500,True,R001,Depot B,Port Terminal,288.2,310.5,1.55,1,49.9,-2.71,1.12,32.24
V049,Truck,Diesel,8,220,8000,True,R004,Depot C,Zone 3,268.5,7583.0,1.1,3,64.5,3.28,1.1,123.72
V031,Light Commercial,Diesel,6,100,3500,True,R021,Depot A,Metro Area,279.7,3045.7,1.4,1,49.5,-0.04,1.05,60.67
V029,Van,Diesel,12,75,1500,True,R018,Hub North,Port Terminal,157.4,558.3,1.0,1,80.8,2.45,1.01,22.33
V015,Van,Diesel,9,75,1500,True,R003,Depot B,Zone 1,294.0,154.9,1.0,2,74.8,-1.45,1.02,29.26
V034,Van,Diesel,10,75,1500,True,R008,Depot B,Metro Area,128.4,1128.2,1.68,2,40.0,-3.1,1.01,18.57
V039,Truck,Diesel,12,220,8000,True,R017,Hub North,Zone 2,143.1,2843.6,1.77,3,46.3,4.1,1.11,76.01
V059,Light Commercial,Diesel,7,100,3500,True,R022,Central Hub,Metro Area,264.7,415.9,1.0,2,72.7,-2.62,1.31,39.55
V044,Van,CNG,4,75,1500,True,R011,Central Hub,Port Terminal,311.7,732.2,1.19,1,55.0,0.25,1.04,45.82
V037,Van,Petrol,6,75,1500,True,R029,Depot A,Port Terminal,29.0,690.8,1.15,3,38.8,3.7,1.0,5.49
V055,Van,CNG,6,75,1500,True,R030,Central Hub,Industrial Park,312.3,611.2,1.77,2,40.3,3.53,1.13,68.74
V026,Semi-Trailer,Diesel,7,450,26000,True,R023,Depot B,Zone 2,267.1,17039.4,1.35,3,56.5,-1.1,1.0,122.72
V057,Light Commercial,Diesel,6,100,3500,True,R014,Depot A,Metro Area,57.2,2509.9,1.73,2,29.6,-2.65,1.05,12.72
V023,Semi-Trailer,Diesel,7,450,26000,True,R027,Depot C,Zone 1,70.6,14958.0,1.4,2,40.6,-1.68,1.01,36.5
V008,Semi-Trailer,Diesel,1,450,26000,True,R022,Central Hub,Metro Area,263.5,2909.1,1.3,2,56.8,-2.48,1.19,98.25
V026,Semi-Trailer,Diesel,7,450,26000,True,R016,Central Hub,Industrial Park,22.9,3095.4,1.83,1,25.5,0.53,1.03,13.73
V008,Semi-Trailer,Diesel,1,450,26000,True,R014,Depot A,Metro Area,53.3,22086.5,1.87,2,31.8,-2.34,1.04,32.71
V008,Semi-Trailer,Diesel,1,450,26000,True,R025,Hub North,Zone 1,70.3,6720.4,1.54,2,36.3,-2.97,1.15,31.32
V053,Van,CNG,12,75,1500,True,R017,Hub North,Zone 2,143.1,657.5,1.46,3,50.6,3.51,1.07,30.49
V048,Light Commercial,Petrol,9,100,3500,True,R006,Depot C,Zone 1,146.7,658.0,1.54,2,49.8,5.16,1.0,45.53
V014,Light Commercial,Diesel,4,100,3500,True,R030,Central Hub,Industrial Park,313.5,1032.2,1.63,2,44.2,3.5,1.0,78.86
V051,Light Commercial,Diesel,8,100,3500,True,R003,Depot B,Zone 1,293.6,1793.9,1.1,2,63.7,-1.98,1.0,48.71
V005,Light Commercial,CNG,10,100,3500,True,R021,Depot A,Metro Area,281.6,1050.8,1.23,1,69.6,-0.32,1.07,55.32
V018,Light Commercial,Hybrid,9,100,3500,True,R020,Central Hub,Port Terminal,198.6,2310.8,1.44,2,49.9,-0.11,1.02,31.31
V043,Truck,Diesel,9,220,8000,True,R018,Hub North,Port Terminal,157.8,3297.7,1.0,1,76.2,2.21,1.11,57.49
V019,Semi-Trailer,Diesel,11,450,26000,True,R002,Hub North,Metro Area,101.7,20025.1,1.6,3,40.7,2.33,1.09,73.38
V044,Van,CNG,4,75,1500,True,R015,Central Hub,Zone 3,162.9,917.5,2.11,2,38.5,1.61,1.28,39.9
V053,Van,CNG,12,75,1500,True,R027,Depot C,Zone 1,70.7,473.8,1.4,2,30.9,-0.96,1.08,12.01
V004,Van,Diesel,10,75,1500,True,R008,Depot B,Metro Area,129.4,1180.7,1.74,2,49.8,-3.07,1.16,17.65
V002,Truck,Diesel,11,220,8000,True,R021,Depot A,Metro Area,277.3,7138.2,1.31,1,64.5,0.09,1.23,119.67
V057,Light Commercial,Diesel,6,100,3500,True,R026,Central Hub,Zone 4,112.4,707.1,1.7,3,46.5,1.05,1.07,24.01
V032,Truck,Diesel,8,220,8000,True,R029,Depot A,Port Terminal,30.7,5353.7,1.0,3,50.5,3.77,1.16,14.21
V031,Light Commercial,Diesel,6,100,3500,True,R016,Central Hub,Industrial Park,22.8,2226.6,1.63,1,30.0,1.05,1.16,6.17
V028,Van,Diesel,4,75,1500,True,R010,Hub North,Zone 2,197.9,1003.9,1.0,2,74.8,3.94,1.02,31.17
V027,Truck,Diesel,10,220,8000,True,R021,Depot A,Metro Area,280.0,1012.1,1.2,1,64.1,-0.09,1.1,91.51
V042,Bus,Hybrid,4,280,6000,True,R015,Central Hub,Zone 3,166.0,743.4,1.81,2,41.8,1.3,1.03,54.78
V035,Van,Petrol,9,75,1500,True,R019,Depot B,Port Terminal,256.2,525.9,1.4,2,57.4,-2.22,1.14,35.6
V010,Semi-Trailer,Diesel,12,450,26000,True,R023,Depot B,Zone 2,266.0,4373.2,1.5,3,46.5,-0.79,1.02,131.61
V038,Light Commercial,Diesel,6,100,3500,True,R022,Central Hub,Metro Area,265.1,1439.1,1.37,2,60.7,-2.5,1.01,43.04
V041,Bus,Petrol,6,280,6000,True,R008,Depot B,Metro Area,129.7,5049.3,1.8,2,39.9,-2.32,1.07,75.2
V007,Van,Petrol,11,75,1500,True,R023,Depot B,Zone 2,267.2,601.9,1.03,3,69.7,-1.13,1.18,37.14
V023,Semi-Trailer,Diesel,7,450,26000,True,R017,Hub North,Zone 2,146.9,11281.9,1.82,3,42.7,3.66,1.01,101.18
V048,Light Commercial,Petrol,9,100,3500,True,R028,Central Hub,Zone 4,30.9,1145.9,1.56,1,33.7,-1.45,1.06,7.82
V038,Light Commercial,Diesel,6,100,3500,True,R020,Central Hub,Port Terminal,200.6,1604.3,1.21,2,55.1,0.95,1.18,38.37
V009,Semi-Trailer,Diesel,1,450,26000,True,R027,Depot C,Zone 1,69.9,20225.0,1.25,2,37.9,-1.4,1.03,33.83
V003,Bus,Hybrid,9,280,6000,True,R030,Central Hub,Industrial Park,312.3,4837.5,1.81,2,32.7,2.97,1.04,166.23
V035,Van,Petrol,9,75,1500,True,R030,Central Hub,Industrial Park,313.3,686.9,1.58,2,44.8,3.03,1.08,66.89
V028,Van,Diesel,4,75,1500,True,R023,Depot B,Zone 2,267.6,656.0,1.19,3,60.4,-1.59,1.01,28.93
V058,Truck,Diesel,12,220,8000,True,R018,Hub North,Port Terminal,158.2,2126.4,1.11,1,68.9,2.46,1.03,59.65
V032,Truck,Diesel,8,220,8000,True,R004,Depot C,Zone 3,268.7,7434.1,1.13,3,62.9,3.67,1.02,128.55
V056,Semi-Trailer,Diesel,6,450,26000,True,R012,Depot A,Zone 2,54.9,9473.0,1.11,2,42.9,2.18,1.18,29.48
V013,Truck,Hybrid,5,220,8000,True,R015,Central Hub,Zone 3,163.4,3130.0,1.66,2,50.5,1.49,1.07,54.01
V027,Truck,Diesel,10,220,8000,True,R024,Depot C,Zone 2,101.5,3723.0,1.27,1,67.3,-2.76,1.2,32.21
V009,Semi-Trailer,Diesel,1,450,26000,True,R018,Hub North,Port Terminal,158.7,4377.6,1.0,1,71.3,2.57,1.11,69.17
V035,Van,Petrol,9,75,1500,True,R014,Depot A,Metro Area,56.3,568.9,1.83,2,31.3,-2.64,1.25,9.49
V012,Van,Petrol,1,75,1500,True,R005,Hub North,Zone 3,170.6,1336.5,1.59,1,48.7,-0.63,1.1,28.0
V030,Van,Diesel,11,75,1500,True,R022,Central Hub,Metro Area,265.2,244.9,1.0,2,68.0,-2.74,1.11,25.82
V021,Van,Diesel,10,75,1500,True,R013,Central Hub,Metro Area,191.2,456.6,1.51,2,46.4,-2.38,1.09,22.72
V012,Van,Petrol,1,75,1500,True,R002,Hub North,Metro Area,101.5,427.6,1.59,3,35.2,1.76,1.04,16.89
V006,Semi-Trailer,Diesel,8,450,26000,True,R009,Depot A,Industrial Park,88.2,7795.0,1.74,1,30.1,-2.41,1.03,48.43
V031,Light Commercial,Diesel,6,100,3500,True,R027,Depot C,Zone 1,72.7,3190.0,1.3,2,34.0,-2.12,1.09,15.52
V057,Light Commercial,Diesel,6,100,3500,True,R004,Depot C,Zone 3,267.5,2458.0,1.03,3,73.1,3.13,1.02,58.49
V012,Van,Petrol,1,75,1500,True,R013,Central Hub,Metro Area,192.5,1322.7,1.66,2,55.3,-1.42,1.0,31.81
V025,Truck,Diesel,11,220,8000,True,R016,Central Hub,Industrial Park,23.5,6631.8,1.45,1,40.9,1.0,1.0,11.58
V014,Light Commercial,Diesel,4,100,3500,True,R003,Depot B,Zone 1,293.1,2208.6,1.16,2,61.6,-1.98,1.01,50.4
V049,Truck,Diesel,8,220,8000,True,R005,Hub North,Zone 3,172.0,4606.7,1.76,1,38.6,-1.66,1.0,71.92
V025,Truck,Diesel,11,220,8000,True,R029,Depot A,Port Terminal,30.4,4261.9,1.12,3,49.9,3.24,1.03,14.15
V059,Light Commercial,Diesel,7,100,3500,True,R018,Hub North,Port Terminal,156.8,2401.4,1.0,1,71.0,2.73,1.11,35.95
V015,Van,Diesel,9,75,1500,True,R007,Central Hub,Industrial Park,286.8,1044.8,1.56,3,52.1,0.77,1.19,45.43
V005,Light Commercial,CNG,10,100,3500,True,R006,Depot C,Zone 1,149.4,2133.4,1.57,2,58.8,4.08,1.01,44.91
V035,Van,Petrol,9,75,1500,True,R013,Central Hub,Metro Area,191.3,722.4,1.63,2,48.7,-1.12,1.05,29.44
V040,Van,CNG,2,75,1500,True,R022,Central Hub,Metro Area,264.9,1011.1,1.12,2,71.9,-2.34,1.01,34.06
V060,Light Commercial,Diesel,7,100,3500,True,R022,Central Hub,Metro Area,264.6,816.1,1.06,2,74.9,-3.38,1.02,36.26
V053,Van,CNG,12,75,1500,True,R006,Depot C,Zone 1,145.6,853.2,1.65,2,43.4,3.73,1.2,35.06
V054,Light Commercial,Petrol,7,100,3500,True,R022,Central Hub,Metro Area,264.9,1894.9,1.0,2,76.2,-3.05,1.02,47.3
V039,Truck,Diesel,12,220,8000,True,R027,Depot C,Zone 1,68.3,4435.8,1.15,2,39.8,-0.98,1.01,26.65
V022,Truck,Diesel,10,220,8000,True,R007,Central Hub,Industrial Park,288.4,4273.6,1.16,3,70.0,1.01,1.02,103.48
V026,Semi-Trailer,Diesel,7,450,26000,True,R001,Depot B,Port Terminal,287.5,19180.8,1.74,1,38.7,-1.73,1.1,167.97
V009,Semi-Trailer,Diesel,1,450,26000,True,R029,Depot A,Port Terminal,30.8,19340.6,1.47,3,36.8,3.9,1.14,21.5
V026,Semi-Trailer,Diesel,7,450,26000,True,R016,Central Hub,Industrial Park,20.7,9883.8,1.55,1,36.7,0.86,1.02,11.71
V022,Truck,Diesel,10,220,8000,True,R024,Depot C,Zone 2,102.0,3185.1,1.0,1,73.0,-2.77,1.18,30.82
V003,Bus,Hybrid,9,280,6000,True,R010,Hub North,Zone 2,199.2,684.1,1.32,2,53.9,3.64,1.07,67.05
V013,Truck,Hybrid,5,220,8000,True,R009,Depot A,Industrial Park,87.3,1570.4,1.56,1,31.3,-2.6,1.04,23.36
V033,Truck,Diesel,6,220,8000,True,R007,Central Hub,Industrial Park,286.6,2583.8,1.22,3,58.0,0.56,1.05,96.26
V023,Semi-Trailer,Diesel,7,450,26000,True,R007,Central Hub,Industrial Park,288.2,19522.2,1.21,3,62.8,1.3,1.11,161.64
V060,Light Commercial,Diesel,7,100,3500,True,R015,Central Hub,Zone 3,164.7,2723.7,1.73,2,39.6,1.75,1.01,45.23
V029,Van,Diesel,12,75,1500,True,R004,Depot C,Zone 3,264.4,466.2,1.25,3,56.8,3.5,1.01,42.78
V058,Truck,Diesel,12,220,8000,True,R026,Central Hub,Zone 4,115.0,6714.3,1.55,3,50.5,-0.1,1.0,49.86
V040,Van,CNG,2,75,1500,True,R016,Central Hub,Industrial Park,23.4,629.0,1.45,1,36.8,2.02,1.03,4.39
V003,Bus,Hybrid,9,280,6000,True,R028,Central Hub,Zone 4,31.0,4670.1,1.62,1,29.6,-0.66,1.04,12.49
V013,Truck,Hybrid,5,220,8000,True,R016,Central Hub,Industrial Park,22.4,3974.6,1.55,1,25.6,1.22,1.0,8.64
V043,Truck,Diesel,9,220,8000,True,R010,Hub North,Zone 2,195.0,5645.7,1.23,2,65.7,3.85,1.04,98.56
V033,Truck,Diesel,6,220,8000,True,R016,Central Hub,Industrial Park,23.6,3222.9,1.23,1,39.0,0.74,1.09,8.97
V019,Semi-Trailer,Diesel,11,450,26000,True,R005,Hub North,Zone 3,171.3,4160.4,1.94,1,46.9,-1.12,1.22,90.97
V032,Truck,Diesel,8,220,8000,True,R025,Hub North,Zone 1,69.1,2527.6,1.42,2,34.8,-2.72,1.01,23.52
V055,Van,CNG,6,75,1500,True,R022,Central Hub,Metro Area,263.8,1038.8,1.27,2,59.7,-2.95,1.05,35.77
V024,Van,Diesel,7,75,1500,True,R005,Hub North,Zone 3,172.5,1320.4,1.82,1,39.4,-1.73,1.04,27.28
V003,Bus,Hybrid,9,280,6000,True,R018,Hub North,Port Terminal,156.4,3804.3,1.0,1,76.0,2.8,1.1,55.57
V019,Semi-Trailer,Diesel,11,450,26000,True,R017,Hub North,Zone 2,144.1,19593.9,1.28,3,72.6,4.18,1.01,97.92
V057,Light Commercial,Diesel,6,100,3500,True,R007,Central Hub,Industrial Park,285.7,392.0,1.63,3,44.7,1.21,1.03,57.4
V046,Truck,Diesel,4,220,8000,True,R004,Depot C,Zone 3,271.5,5968.4,1.42,3,57.9,3.25,1.12,115.84
V051,Light Commercial,Diesel,8,100,3500,True,R023,Depot B,Zone 2,269.9,2835.7,1.3,3,58.1,-1.05,1.05,56.23
V055,Van,CNG,6,75,1500,True,R008,Depot B,Metro Area,131.4,676.1,1.92,2,43.7,-2.5,1.02,22.43
V008,Semi-Trailer,Diesel,1,450,26000,True,R016,Central Hub,Industrial Park,24.5,13515.0,1.59,1,23.6,0.12,1.03,15.1
V017,Light Commercial,Hybrid,8,100,3500,True,R008,Depot B,Metro Area,128.9,505.8,1.85,2,48.3,-2.99,1.11,16.71
V004,Van,Diesel,10,75,1500,True,R020,Central Hub,Port Terminal,200.6,372.7,1.28,2,60.0,-0.08,1.09,23.1
V001,Semi-Trailer,Diesel,6,450,26000,True,R002,Hub North,Metro Area,100.7,3848.1,1.74,3,42.0,2.23,1.1,56.78
V051,Light Commercial,Diesel,8,100,3500,True,R011,Central Hub,Port Terminal,309.1,2525.8,1.08,1,73.3,0.59,1.11,63.91
V057,Light Commercial,Diesel,6,100,3500,True,R017,Hub North,Zone 2,145.1,2729.6,1.45,3,52.1,4.81,1.32,45.69
V010,Semi-Trailer,Diesel,12,450,26000,True,R014,Depot A,Metro Area,56.7,5001.5,1.8,2,23.1,-2.16,1.04,33.64
V044,Van,CNG,4,75,1500,True,R019,Depot B,Port Terminal,258.0,1325.0,1.28,2,48.9,-1.84,1.05,41.01
V033,Truck,Diesel,6,220,8000,True,R006,Depot C,Zone 1,145.9,6508.8,1.81,2,48.8,4.38,1.06,86.98
V005,Light Commercial,CNG,10,100,3500,True,R014,Depot A,Metro Area,54.1,2064.4,1.74,2,27.8,-2.35,1.02,14.21
V055,Van,CNG,6,75,1500,True,R023,Depot B,Zone 2,263.8,1397.3,1.0,3,72.5,-1.2,1.1,40.63
V053,Van,CNG,12,75,1500,True,R011,Central Hub,Port Terminal,312.8,1275.1,1.1,1,66.0,1.12,1.05,57.91
V035,Van,Petrol,9,75,1500,True,R005,Hub North,Zone 3,169.7,433.9,1.75,1,48.8,-1.89,1.09,24.83
V043,Truck,Diesel,9,220,8000,True,R026,Central Hub,Zone 4,112.4,7287.4,1.88,3,38.0,0.67,1.06,61.6
V024,Van,Diesel,7,75,1500,True,R024,Depot C,Zone 2,100.5,714.8,1.18,1,66.0,-1.98,1.05,11.11
V048,Light Commercial,Petrol,9,100,3500,True,R021,Depot A,Metro Area,277.5,810.7,1.47,1,49.8,0.0,1.08,60.54
V027,Truck,Diesel,10,220,8000,True,R024,Depot C,Zone 2,102.2,2160.6,1.22,1,56.6,-2.49,1.3,31.95
V060,Light Commercial,Diesel,7,100,3500,True,R024,Depot C,Zone 2,101.3,2385.5,1.06,1,74.6,-2.3,1.05,17.48
V004,Van,Diesel,10,75,1500,True,R023,Depot B,Zone 2,267.8,1409.1,1.16,3,69.0,-0.7,1.04,37.74
V011,Van,Diesel,6,75,1500,True,R016,Central Hub,Industrial Park,20.7,717.7,1.51,1,30.4,0.74,1.03,3.24
V059,Light Commercial,Diesel,7,100,3500,True,R001,Depot B,Port Terminal,287.2,2055.1,1.56,1,47.8,-2.81,1.06,55.81
V018,Light Commercial,Hybrid,9,100,3500,True,R018,Hub North,Port Terminal,154.0,1243.2,1.07,1,70.5,3.24,1.02,23.63
V019,Semi-Trailer,Diesel,11,450,26000,True,R009,Depot A,Industrial Park,85.2,21284.6,1.62,1,32.7,-2.36,1.1,52.29
V048,Light Commercial,Petrol,9,100,3500,True,R024,Depot C,Zone 2,104.5,692.6,1.14,1,73.6,-1.87,1.03,18.68
V012,Van,Petrol,1,75,1500,True,R015,Central Hub,Zone 3,167.1,892.4,1.88,2,38.6,2.1,1.06,35.5
V031,Light Commercial,Diesel,6,100,3500,True,R028,Central Hub,Zone 4,30.1,2094.0,1.32,1,36.6,0.36,1.05,6.67
V018,Light Commercial,Hybrid,9,100,3500,True,R018,Hub North,Port Terminal,156.4,353.4,1.11,1,67.0,3.23,1.3,23.81
V012,Van,Petrol,1,75,1500,True,R017,Hub North,Zone 2,142.4,1349.2,1.29,3,54.2,3.94,1.0,29.6
V058,Truck,Diesel,12,220,8000,True,R028,Central Hub,Zone 4,31.3,7425.5,1.64,1,23.7,-0.32,1.06,17.26
V012,Van,Petrol,1,75,1500,True,R015,Central Hub,Zone 3,163.2,746.0,1.89,2,40.2,1.58,1.02,30.7
V006,Semi-Trailer,Diesel,8,450,26000,True,R012,Depot A,Zone 2,55.6,18636.7,1.39,2,38.0,1.74,1.01,34.07
V041,Bus,Petrol,6,280,6000,True,R012,Depot A,Zone 2,55.2,4928.4,1.0,2,50.0,1.35,1.03,28.11
V053,Van,CNG,12,75,1500,True,R027,Depot C,Zone 1,69.5,298.8,1.42,2,35.0,-1.72,1.01,10.56
V008,Semi-Trailer,Diesel,1,450,26000,True,R023,Depot B,Zone 2,265.7,4470.1,1.31,3,53.6,-0.8,1.02,103.4
V043,Truck,Diesel,9,220,8000,True,R005,Hub North,Zone 3,172.5,5487.3,1.77,1,43.3,-1.48,1.21,75.42
V033,Truck,Diesel,6,220,8000,True,R015,Central Hub,Zone 3,162.5,4604.5,1.75,2,43.5,1.36,1.35,76.07
V050,Light Commercial,Diesel,2,100,3500,True,R012,Depot A,Zone 2,55.9,2371.2,1.0,2,51.9,1.31,1.11,10.67
V008,Semi-Trailer,Diesel,1,450,26000,True,R020,Central Hub,Port Terminal,198.2,15241.1,1.15,2,66.6,0.64,1.03,85.79
V059,Light Commercial,Diesel,7,100,3500,True,R002,Hub North,Metro Area,101.0,2511.0,1.52,3,51.0,1.91,1.03,24.63
V038,Light Commercial,Diesel,6,100,3500,True,R022,Central Hub,Metro Area,266.2,810.9,1.0,2,80.3,-2.99,1.19,37.9
V051,Light Commercial,Diesel,8,100,3500,True,R023,Depot B,Zone 2,266.2,991.5,1.41,3,55.5,-0.84,1.16,51.56
V022,Truck,Diesel,10,220,8000,True,R007,Central Hub,Industrial Park,288.9,2411.8,1.07,3,71.7,1.53,1.13,109.15
V057,Light Commercial,Diesel,6,100,3500,True,R005,Hub North,Zone 3,169.4,1589.1,1.82,1,34.2,-1.2,1.16,40.51
V038,Light Commercial,Diesel,6,100,3500,True,R019,Depot B,Port Terminal,257.3,2609.7,1.54,2,53.1,-2.75,1.04,47.43
V008,Semi-Trailer,Diesel,1,450,26000,True,R008,Depot B,Metro Area,129.0,20973.9,1.7,2,42.8,-1.68,1.1,68.94
V056,Semi-Trailer,Diesel,6,450,26000,True,R029,Depot A,Port Terminal,33.7,11468.7,1.2,3,42.1,3.16,1.05,19.38
V048,Light Commercial,Petrol,9,100,3500,True,R024,Depot C,Zone 2,98.9,2141.1,1.28,1,33.9,-2.35,1.01,24.4
V019,Semi-Trailer,Diesel,11,450,26000,True,R029,Depot A,Port Terminal,30.7,9123.4,1.06,3,55.4,3.45,1.0,17.64
V033,Truck,Diesel,6,220,8000,True,R017,Hub North,Zone 2,145.0,4035.3,1.54,3,38.7,3.93,1.16,74.62
V024,Van,Diesel,7,75,1500,True,R029,Depot A,Port Terminal,29.6,1349.7,1.09,3,52.0,4.01,1.02,5.27
V033,Truck,Diesel,6,220,8000,True,R001,Depot B,Port Terminal,288.0,2631.1,1.69,1,46.2,-3.21,1.02,90.27
V058,Truck,Diesel,12,220,8000,True,R009,Depot A,Industrial Park,89.0,6158.0,2.02,1,18.0,-2.56,1.01,49.56
V054,Light Commercial,Petrol,7,100,3500,True,R001,Depot B,Port Terminal,288.6,475.5,1.31,1,65.4,-1.92,1.06,51.16
V013,Truck,Hybrid,5,220,8000,True,R021,Depot A,Metro Area,281.9,3147.7,1.0,1,77.1,-0.21,1.08,69.46
V059,Light Commercial,Diesel,7,100,3500,True,R016,Central Hub,Industrial Park,23.3,2309.9,1.65,1,21.0,0.38,1.1,6.88
V027,Truck,Diesel,10,220,8000,True,R009,Depot A,Industrial Park,90.5,6076.8,1.87,1,25.0,-2.58,1.05,44.73
V043,Truck,Diesel,9,220,8000,True,R010,Hub North,Zone 2,197.3,4826.9,1.5,2,52.0,3.36,1.14,98.37
V046,Truck,Diesel,4,220,8000,True,R020,Central Hub,Port Terminal,197.8,6710.7,1.46,2,58.2,-0.44,1.05,68.11
V029,Van,Diesel,12,75,1500,True,R006,Depot C,Zone 1,147.4,1196.5,1.97,2,36.4,3.96,1.02,37.73
V028,Van,Diesel,4,75,1500,True,R016,Central Hub,Industrial Park,20.9,937.3,1.81,1,18.0,1.15,1.02,4.18
V028,Van,Diesel,4,75,1500,True,R019,Depot B,Port Terminal,258.7,593.9,1.69,2,50.2,-1.4,1.08,32.8
V052,Van,Petrol,2,75,1500,True,R008,Depot B,Metro Area,128.4,613.7,1.78,2,44.1,-3.17,1.13,19.5
V024,Van,Diesel,7,75,1500,True,R007,Central Hub,Industrial Park,286.5,934.2,1.11,3,58.8,0.28,1.33,36.44
V017,Light Commercial,Hybrid,8,100,3500,True,R011,Central Hub,Port Terminal,312.1,2303.2,1.17,1,65.5,0.56,1.15,47.01
V022,Truck,Diesel,10,220,8000,True,R018,Hub North,Port Terminal,155.9,3483.2,1.11,1,69.7,2.39,1.35,65.45
V012,Van,Petrol,1,75,1500,True,R008,Depot B,Metro Area,130.2,656.8,1.64,2,44.6,-2.67,1.08,18.64
V024,Van,Diesel,7,75,1500,True,R012,Depot A,Zone 2,54.5,375.4,1.14,2,40.4,2.51,1.11,7.93
V007,Van,Petrol,11,75,1500,True,R017,Hub North,Zone 2,144.5,150.4,1.77,3,40.1,4.21,1.07,32.51
V006,Semi-Trailer,Diesel,8,450,26000,True,R006,Depot C,Zone 1,147.1,12799.0,1.65,2,44.3,3.95,1.0,103.5
V044,Van,CNG,4,75,1500,True,R018,Hub North,Port Terminal,158.5,1209.3,1.18,1,65.0,2.94,1.14,30.61
V005,Light Commercial,CNG,10,100,3500,True,R005,Hub North,Zone 3,172.4,2630.5,1.85,1,43.7,-1.52,1.05,46.32
V035,Van,Petrol,9,75,1500,True,R005,Hub North,Zone 3,173.2,1417.3,1.67,1,36.3,-1.51,1.23,34.7
V047,Semi-Trailer,Diesel,6,450,26000,True,R008,Depot B,Metro Area,129.2,17393.9,1.49,2,51.4,-2.55,1.0,61.55
V044,Van,CNG,4,75,1500,True,R009,Depot A,Industrial Park,86.0,448.2,1.45,1,36.3,-2.24,1.18,12.4
V027,Truck,Diesel,10,220,8000,True,R001,Depot B,Port Terminal,289.8,5406.0,1.56,1,48.7,-2.37,1.05,109.17
V012,Van,Petrol,1,75,1500,True,R029,Depot A,Port Terminal,30.7,1206.3,1.12,3,43.0,3.88,1.04,5.78
V056,Semi-Trailer,Diesel,6,450,26000,True,R010,Hub North,Zone 2,199.0,16766.0,1.09,2,74.7,4.33,1.02,121.06
V051,Light Commercial,Diesel,8,100,3500,True,R025,Hub North,Zone 1,69.3,1783.1,1.24,2,45.7,-2.59,1.2,12.99
V037,Van,Petrol,6,75,1500,True,R028,Central Hub,Zone 4,28.8,938.6,1.53,1,31.1,-0.18,1.02,5.38
V006,Semi-Trailer,Diesel,8,450,26000,True,R025,Hub North,Zone 1,66.9,3170.2,1.49,2,33.1,-3.02,1.27,31.49
V003,Bus,Hybrid,9,280,6000,True,R025,Hub North,Zone 1,69.3,1952.1,1.41,2,38.5,-3.47,1.02,18.22
V019,Semi-Trailer,Diesel,11,450,26000,True,R004,Depot C,Zone 3,267.6,6086.0,1.16,3,70.0,3.42,1.09,150.16
V010,Semi-Trailer,Diesel,12,450,26000,True,R012,Depot A,Zone 2,56.6,11736.5,1.11,2,41.6,1.98,1.05,32.9
V052,Van,Petrol,2,75,1500,True,R023,Depot B,Zone 2,266.2,1288.6,1.24,3,56.3,-1.25,1.06,39.17
V013,Truck,Hybrid,5,220,8000,True,R018,Hub North,Port Terminal,159.1,2078.1,1.01,1,75.3,2.68,1.01,45.82
V017,Light Commercial,Hybrid,8,100,3500,True,R001,Depot B,Port Terminal,288.9,561.2,1.31,1,52.7,-2.77,1.06,32.95
V059,Light Commercial,Diesel,7,100,3500,True,R018,Hub North,Port Terminal,158.0,2661.3,1.05,1,63.6,3.2,1.15,37.29
V050,Light Commercial,Diesel,2,100,3500,True,R025,Hub North,Zone 1,67.7,2932.0,1.68,2,26.5,-2.8,1.01,16.09
V014,Light Commercial,Diesel,4,100,3500,True,R025,Hub North,Zone 1,68.6,1930.9,1.53,2,34.4,-3.0,1.06,13.21
V024,Van,Diesel,7,75,1500,True,R012,Depot A,Zone 2,57.0,630.1,1.16,2,49.3,1.9,1.06,7.99
V031,Light Commercial,Diesel,6,100,3500,True,R008,Depot B,Metro Area,128.9,1630.8,1.6,2,44.0,-3.01,1.16,22.9
V040,Van,CNG,2,75,1500,True,R010,Hub North,Zone 2,198.6,990.2,1.08,2,69.2,2.65,1.05,33.12
V057,Light Commercial,Diesel,6,100,3500,True,R009,Depot A,Industrial Park,88.6,2823.0,1.57,1,32.4,-3.09,1.14,20.55
V053,Van,CNG,12,75,1500,True,R011,Central Hub,Port Terminal,311.6,391.5,1.0,1,72.4,0.21,1.0,43.5
V059,Light Commercial,Diesel,7,100,3500,True,R010,Hub North,Zone 2,200.4,3034.2,1.39,2,51.2,3.14,1.1,56.12
V003,Bus,Hybrid,9,280,6000,True,R014,Depot A,Metro Area,56.8,3952.7,1.86,2,28.2,-2.39,1.04,22.71
V015,Van,Diesel,9,75,1500,True,R002,Hub North,Metro Area,100.9,1091.3,1.64,3,40.9,2.1,1.09,19.78
V034,Van,Diesel,10,75,1500,True,R009,Depot A,Industrial Park,88.8,260.8,1.75,1,25.4,-2.57,1.05,12.7
V003,Bus,Hybrid,9,280,6000,True,R010,Hub North,Zone 2,196.7,5283.6,1.26,2,58.7,4.06,1.1,88.05
V022,Truck,Diesel,10,220,8000,True,R005,Hub North,Zone 3,171.8,4391.7,1.69,1,45.7,-1.76,1.04,72.14
V010,Semi-Trailer,Diesel,12,450,26000,True,R027,Depot C,Zone 1,70.9,10602.6,1.2,2,35.6,-1.66,1.02,35.15
V056,Semi-Trailer,Diesel,6,450,26000,True,R021,Depot A,Metro Area,280.9,11416.5,1.18,1,63.1,0.11,1.08,121.53
V004,Van,Diesel,10,75,1500,True,R028,Central Hub,Zone 4,31.1,523.6,1.85,1,21.9,-0.07,1.03,5.47
V009,Semi-Trailer,Diesel,1,450,26000,True,R017,Hub North,Zone 2,141.1,6201.7,1.68,3,41.8,4.27,1.01,90.81
V012,Van,Petrol,1,75,1500,True,R004,Depot C,Zone 3,269.6,194.2,1.33,3,59.8,3.02,1.03,38.44
V009,Semi-Trailer,Diesel,1,450,26000,True,R028,Central Hub,Zone 4,29.9,8443.4,1.67,1,29.6,-1.17,1.02,15.12
V035,Van,Petrol,9,75,1500,True,R014,Depot A,Metro Area,53.5,783.2,1.98,2,32.0,-2.87,1.04,9.61
V022,Truck,Diesel,10,220,8000,True,R021,Depot A,Metro Area,281.6,5334.0,1.04,1,71.6,0.57,1.02,104.0
V055,Van,CNG,6,75,1500,True,R012,Depot A,Zone 2,57.4,1085.0,1.12,2,48.7,1.09,1.02,10.22
V016,Van,Petrol,6,75,1500,True,R015,Central Hub,Zone 3,164.4,909.4,1.81,2,44.7,2.34,1.06,35.37
V033,Truck,Diesel,6,220,8000,True,R015,Central Hub,Zone 3,165.1,1589.2,1.9,2,39.4,2.0,1.03,72.71
V040,Van,CNG,2,75,1500,True,R009,Depot A,Industrial Park,89.7,700.2,1.68,1,24.6,-2.82,1.06,17.08
V038,Light Commercial,Diesel,6,100,3500,True,R017,Hub North,Zone 2,144.9,2335.5,1.52,3,49.1,3.9,1.04,39.92
V048,Light Commercial,Petrol,9,100,3500,True,R023,Depot B,Zone 2,267.6,2560.9,1.1,3,66.0,-0.26,1.09,56.51
V013,Truck,Hybrid,5,220,8000,True,R001,Depot B,Port Terminal,286.3,3006.6,1.65,1,43.2,-1.82,1.04,76.53
V031,Light Commercial,Diesel,6,100,3500,True,R004,Depot C,Zone 3,271.1,3112.1,1.08,3,69.8,2.92,1.03,62.73
V049,Truck,Diesel,8,220,8000,True,R026,Central Hub,Zone 4,113.6,6208.6,1.69,3,38.7,0.59,1.2,53.77
V052,Van,Petrol,2,75,1500,True,R018,Hub North,Port Terminal,156.8,1236.0,1.0,1,71.5,2.52,1.25,27.37
V038,Light Commercial,Diesel,6,100,3500,True,R030,Central Hub,Industrial Park,312.3,2333.0,1.52,2,45.4,2.97,1.0,75.93
V040,Van,CNG,2,75,1500,True,R019,Depot B,Port Terminal,258.8,677.5,1.52,2,48.4,-1.91,1.02,37.69
V052,Van,Petrol,2,75,1500,True,R020,Central Hub,Port Terminal,198.5,1341.1,1.4,2,50.5,-0.23,1.13,33.29
V038,Light Commercial,Diesel,6,100,3500,True,R027,Depot C,Zone 1,70.9,3031.8,1.2,2,38.8,-0.89,1.35,15.61
V057,Light Commercial,Diesel,6,100,3500,True,R020,Central Hub,Port Terminal,200.0,2814.7,1.52,2,49.9,-0.24,1.14,45.61
V008,Semi-Trailer,Diesel,1,450,26000,True,R010,Hub North,Zone 2,197.0,22293.9,1.41,2,51.3,3.08,1.08,121.71
V021,Van,Diesel,10,75,1500,True,R016,Central Hub,Industrial Park,20.9,1318.7,1.55,1,32.3,0.39,1.03,3.72
V007,Van,Petrol,11,75,1500,True,R008,Depot B,Metro Area,129.6,1101.6,1.69,2,40.0,-2.69,1.1,23.24
V006,Semi-Trailer,Diesel,8,450,26000,True,R011,Central Hub,Port Terminal,310.6,7027.4,1.1,1,64.7,0.21,1.12,133.93
V029,Van,Diesel,12,75,1500,True,R021,Depot A,Metro Area,279.8,836.6,1.34,1,64.0,0.23,1.09,38.21
V014,Light Commercial,Diesel,4,100,3500,True,R005,Hub North,Zone 3,170.1,2182.6,1.62,1,43.5,-2.1,1.16,34.41
V025,Truck,Diesel,11,220,8000,True,R021,Depot A,Metro Area,279.2,6058.9,1.52,1,40.9,0.41,1.1,135.32
V027,Truck,Diesel,10,220,8000,True,R018,Hub North,Port Terminal,158.7,4167.0,1.23,1,62.3,2.36,1.21,70.56
V038,Light Commercial,Diesel,6,100,3500,True,R010,Hub North,Zone 2,198.7,1875.8,1.03,2,70.0,3.52,1.29,46.14
V057,Light Commercial,Diesel,6,100,3500,True,R002,Hub North,Metro Area,99.6,3311.8,1.51,3,34.1,1.64,1.01,27.91
V051,Light Commercial,Diesel,8,100,3500,True,R022,Central Hub,Metro Area,262.3,1695.3,1.16,2,64.1,-1.97,1.03,44.6
V023,Semi-Trailer,Diesel,7,450,26000,True,R025,Hub North,Zone 1,68.3,5473.2,1.47,2,36.2,-3.0,1.1,29.93
V020,Truck,Diesel,4,220,8000,True,R022,Central Hub,Metro Area,264.9,5625.8,1.18,2,63.1,-1.88,1.0,87.06
V047,Semi-Trailer,Diesel,6,450,26000,True,R013,Central Hub,Metro Area,192.8,10612.2,1.64,2,44.9,-1.68,1.03,96.74
V008,Semi-Trailer,Diesel,1,450,26000,True,R020,Central Hub,Port Terminal,198.1,8092.7,1.58,2,52.1,0.37,1.02,98.27
V033,Truck,Diesel,6,220,8000,True,R013,Central Hub,Metro Area,192.6,5073.5,1.69,2,35.5,-1.98,1.01,76.57
V026,Semi-Trailer,Diesel,7,450,26000,True,R011,Central Hub,Port Terminal,313.7,23691.5,1.53,1,43.6,0.65,1.14,194.85
V011,Van,Diesel,6,75,1500,True,R010,Hub North,Zone 2,198.1,548.8,1.3,2,54.4,3.99,1.04,31.58
V037,Van,Petrol,6,75,1500,True,R007,Central Hub,Industrial Park,285.1,624.6,1.1,3,61.6,1.01,1.01,40.45
V020,Truck,Diesel,4,220,8000,True,R030,Central Hub,Industrial Park,314.1,3965.3,1.98,2,35.9,3.13,1.16,180.65
V012,Van,Petrol,1,75,1500,True,R020,Central Hub,Port Terminal,202.0,1027.2,1.51,2,47.2,-0.33,1.01,32.77
V040,Van,CNG,2,75,1500,True,R006,Depot C,Zone 1,145.8,654.8,1.82,2,45.2,4.38,1.09,34.2
V011,Van,Diesel,6,75,1500,True,R026,Central Hub,Zone 4,112.0,692.0,1.85,3,40.3,1.0,1.01,18.29
V041,Bus,Petrol,6,280,6000,True,R005,Hub North,Zone 3,171.8,4174.6,1.62,1,45.4,-0.91,1.0,91.44
V010,Semi-Trailer,Diesel,12,450,26000,True,R018,Hub North,Port Terminal,157.7,24371.5,1.0,1,73.5,2.54,1.03,96.96
V027,Truck,Diesel,10,220,8000,True,R005,Hub North,Zone 3,172.4,2952.2,1.79,1,37.6,-1.75,1.16,71.05
V049,Truck,Diesel,8,220,8000,True,R011,Central Hub,Port Terminal,313.1,4780.2,1.38,1,58.0,0.15,1.1,118.31
V014,Light Commercial,Diesel,4,100,3500,True,R020,Central Hub,Port Terminal,199.0,2713.4,1.41,2,58.1,0.13,1.05,40.76
V047,Semi-Trailer,Diesel,6,450,26000,True,R030,Central Hub,Industrial Park,315.7,7288.0,1.93,2,34.1,2.55,1.26,237.55
V044,Van,CNG,4,75,1500,True,R030,Central Hub,Industrial Park,313.6,1193.4,1.87,2,46.6,3.25,1.14,72.18
V055,Van,CNG,6,75,1500,True,R027,Depot C,Zone 1,69.9,602.5,1.25,2,37.2,-1.39,1.04,10.46
V011,Van,Diesel,6,75,1500,True,R008,Depot B,Metro Area,128.0,291.6,1.83,2,38.0,-2.96,1.0,15.92
V043,Truck,Diesel,9,220,8000,True,R003,Depot B,Zone 1,291.7,969.3,1.31,2,59.2,-1.03,1.0,89.88
V057,Light Commercial,Diesel,6,100,3500,True,R028,Central Hub,Zone 4,30.4,448.4,1.46,1,36.5,-1.09,1.16,5.51
V046,Truck,Diesel,4,220,8000,True,R028,Central Hub,Zone 4,33.1,6224.0,1.44,1,34.5,0.15,1.2,14.56
V012,Van,Petrol,1,75,1500,True,R009,Depot A,Industrial Park,89.2,1010.5,1.73,1,27.5,-2.39,1.05,15.3
V050,Light Commercial,Diesel,2,100,3500,True,R001,Depot B,Port Terminal,289.3,2710.6,1.13,1,71.2,-3.21,1.08,43.54
V007,Van,Petrol,11,75,1500,True,R020,Central Hub,Port Terminal,198.3,1110.0,1.39,2,51.4,0.44,1.0,36.19
V036,Van,Diesel,6,75,1500,True,R003,Depot B,Zone 1,294.0,635.7,1.19,2,62.9,-1.27,1.09,31.57
V030,Van,Diesel,11,75,1500,True,R002,Hub North,Metro Area,102.3,1339.6,1.65,3,52.2,1.61,1.09,17.92
V032,Truck,Diesel,8,220,8000,True,R029,Depot A,Port Terminal,33.8,6770.0,1.18,3,37.0,3.51,1.06,18.51
V032,Truck,Diesel,8,220,8000,True,R015,Central Hub,Zone 3,166.2,3168.8,1.8,2,39.8,1.17,1.15,76.62
V002,Truck,Diesel,11,220,8000,True,R004,Depot C,Zone 3,269.3,6056.0,1.0,3,79.1,3.94,1.18,130.91
V031,Light Commercial,Diesel,6,100,3500,True,R020,Central Hub,Port Terminal,199.0,2788.5,1.6,2,49.0,-0.57,1.14,44.15
V057,Light Commercial,Diesel,6,100,3500,True,R012,Depot A,Zone 2,55.5,1803.2,1.09,2,49.2,1.41,1.12,11.73
V027,Truck,Diesel,10,220,8000,True,R017,Hub North,Zone 2,141.7,1618.8,1.44,3,46.9,4.34,1.02,65.37
V017,Light Commercial,Hybrid,8,100,3500,True,R027,Depot C,Zone 1,68.2,1343.8,1.45,2,35.7,-2.27,1.17,10.24
V060,Light Commercial,Diesel,7,100,3500,True,R008,Depot B,Metro Area,127.3,3291.7,1.8,2,40.6,-3.13,1.01,27.91
V006,Semi-Trailer,Diesel,8,450,26000,True,R020,Central Hub,Port Terminal,199.0,18422.2,1.39,2,63.0,0.2,1.0,105.34
V030,Van,Diesel,11,75,1500,True,R025,Hub North,Zone 1,67.9,1137.8,1.64,2,33.8,-2.88,1.05,10.8
V031,Light Commercial,Diesel,6,100,3500,True,R013,Central Hub,Metro Area,190.0,3063.0,1.52,2,49.4,-2.05,1.17,41.83
V029,Van,Diesel,12,75,1500,True,R030,Central Hub,Industrial Park,313.7,408.5,1.66,2,46.4,2.93,1.06,51.68
V056,Semi-Trailer,Diesel,6,450,26000,True,R014,Depot A,Metro Area,54.5,24001.7,1.98,2,25.4,-2.69,1.03,36.78
V026,Semi-Trailer,Diesel,7,450,26000,True,R014,Depot A,Metro Area,53.2,14050.9,1.69,2,32.4,-2.53,1.05,30.63
V059,Light Commercial,Diesel,7,100,3500,True,R027,Depot C,Zone 1,69.8,2565.4,1.1,2,42.0,-1.91,1.0,13.53
V005,Light Commercial,CNG,10,100,3500,True,R020,Central Hub,Port Terminal,198.4,1296.7,1.36,2,60.5,-0.43,1.07,41.06
V045,Light Commercial,Diesel,9,100,3500,True,R027,Depot C,Zone 1,69.5,1330.0,1.27,2,34.2,-1.85,1.05,13.47
V036,Van,Diesel,6,75,1500,True,R024,Depot C,Zone 2,103.2,608.5,1.24,1,61.4,-2.56,1.07,11.12
V015,Van,Diesel,9,75,1500,True,R022,Central Hub,Metro Area,261.2,593.8,1.0,2,71.7,-2.24,1.0,26.89
V014,Light Commercial,Diesel,4,100,3500,True,R008,Depot B,Metro Area,126.0,535.9,1.27,2,59.3,-2.43,1.23,19.27
V044,Van,CNG,4,75,1500,True,R012,Depot A,Zone 2,55.2,544.7,1.29,2,42.8,1.55,1.04,9.32
V039,Truck,Diesel,12,220,8000,True,R026,Central Hub,Zone 4,112.1,5202.2,1.59,3,40.4,0.06,1.03,48.82
V037,Van,Petrol,6,75,1500,True,R019,Depot B,Port Terminal,258.6,1300.0,1.38,2,53.7,-1.7,1.01,39.33
V004,Van,Diesel,10,75,1500,True,R009,Depot A,Industrial Park,87.7,203.1,1.38,1,30.4,-1.66,1.04,11.19
V036,Van,Diesel,6,75,1500,True,R010,Hub North,Zone 2,196.4,171.2,1.36,2,53.9,3.09,1.15,27.66
V059,Light Commercial,Diesel,7,100,3500,True,R024,Depot C,Zone 2,101.8,2112.4,1.19,1,57.1,-2.33,1.17,17.99
V002,Truck,Diesel,11,220,8000,True,R006,Depot C,Zone 1,147.0,5557.8,1.81,2,42.2,4.48,1.07,92.79
V029,Van,Diesel,12,75,1500,True,R004,Depot C,Zone 3,270.4,925.5,1.35,3,54.0,2.93,1.02,45.26
V030,Van,Diesel,11,75,1500,True,R023,Depot B,Zone 2,266.0,1390.6,1.0,3,78.0,-1.2,1.11,37.04
V054,Light Commercial,Petrol,7,100,3500,True,R009,Depot A,Industrial Park,88.4,1030.9,1.56,1,36.9,-2.06,1.02,19.52
V017,Light Commercial,Hybrid,8,100,3500,True,R023,Depot B,Zone 2,270.2,1781.7,1.1,3,68.1,-0.84,1.05,36.56
V029,Van,Diesel,12,75,1500,True,R017,Hub North,Zone 2,142.5,1317.8,1.42,3,56.5,4.57,1.13,30.95
V044,Van,CNG,4,75,1500,True,R030,Central Hub,Industrial Park,314.6,937.3,1.63,2,51.6,3.16,1.1,63.69
V004,Van,Diesel,10,75,1500,True,R016,Central Hub,Industrial Park,23.6,885.8,1.6,1,27.6,1.3,1.04,4.4
V049,Truck,Diesel,8,220,8000,True,R027,Depot C,Zone 1,71.5,7143.3,1.4,2,41.4,-0.98,1.07,29.7
V050,Light Commercial,Diesel,2,100,3500,True,R026,Central Hub,Zone 4,112.4,1358.2,1.53,3,48.9,1.07,1.28,23.91
V044,Van,CNG,4,75,1500,True,R007,Central Hub,Industrial Park,287.8,350.4,1.3,3,53.8,1.58,1.14,45.38
V039,Truck,Diesel,12,220,8000,True,R030,Central Hub,Industrial Park,314.0,1678.8,1.78,2,43.4,3.41,1.03,159.0
V045,Light Commercial,Diesel,9,100,3500,True,R023,Depot B,Zone 2,265.6,2795.1,1.03,3,72.4,-1.29,1.06,48.64
V047,Semi-Trailer,Diesel,6,450,26000,True,R004,Depot C,Zone 3,268.6,21538.6,1.27,3,53.4,3.31,1.06,183.11
V055,Van,CNG,6,75,1500,True,R001,Depot B,Port Terminal,291.3,448.2,1.56,1,43.7,-2.1,1.0,41.65
V026,Semi-Trailer,Diesel,7,450,26000,True,R009,Depot A,Industrial Park,90.3,12701.3,1.71,1,35.8,-1.75,1.03,50.37
V028,Van,Diesel,4,75,1500,True,R001,Depot B,Port Terminal,288.8,895.7,1.59,1,48.3,-2.77,1.02,35.64
V039,Truck,Diesel,12,220,8000,True,R011,Central Hub,Port Terminal,312.7,1745.4,1.18,1,69.3,0.73,1.04,107.51
V012,Van,Petrol,1,75,1500,True,R030,Central Hub,Industrial Park,312.5,1232.2,1.62,2,44.5,2.65,1.05,65.71
V052,Van,Petrol,2,75,1500,True,R015,Central Hub,Zone 3,163.6,684.1,1.63,2,42.7,2.01,1.02,31.18
V047,Semi-Trailer,Diesel,6,450,26000,True,R001,Depot B,Port Terminal,289.7,21682.8,1.53,1,42.4,-2.47,1.09,155.29
V038,Light Commercial,Diesel,6,100,3500,True,R015,Central Hub,Zone 3,166.2,2611.2,1.82,2,45.0,1.99,1.02,44.95
V019,Semi-Trailer,Diesel,11,450,26000,True,R007,Central Hub,Industrial Park,286.3,9118.5,1.15,3,66.8,0.09,1.1,137.56
V021,Van,Diesel,10,75,1500,True,R026,Central Hub,Zone 4,111.3,1063.6,1.84,3,39.2,0.86,1.04,20.66
V027,Truck,Diesel,10,220,8000,True,R003,Depot B,Zone 1,297.7,5836.8,1.27,2,55.9,-1.58,1.02,107.69
V040,Van,CNG,2,75,1500,True,R024,Depot C,Zone 2,101.9,546.9,1.04,1,76.6,-2.21,1.04,12.4
V047,Semi-Trailer,Diesel,6,450,26000,True,R014,Depot A,Metro Area,57.7,8207.6,1.68,2,29.0,-1.73,1.07,31.54
V041,Bus,Petrol,6,280,6000,True,R001,Depot B,Port Terminal,288.6,4799.5,1.38,1,53.9,-2.53,1.01,140.04
V056,Semi-Trailer,Diesel,6,450,26000,True,R021,Depot A,Metro Area,280.0,17582.3,1.0,1,72.6,0.27,1.02,130.22
V058,Truck,Diesel,12,220,8000,True,R014,Depot A,Metro Area,54.5,5829.1,2.09,2,22.3,-2.47,1.06,30.63
V043,Truck,Diesel,9,220,8000,True,R024,Depot C,Zone 2,103.2,2928.8,1.07,1,72.1,-2.19,1.03,30.81
V023,Semi-Trailer,Diesel,7,450,26000,True,R019,Depot B,Port Terminal,260.0,18560.5,1.34,2,50.3,-0.75,1.07,134.55
V036,Van,Diesel,6,75,1500,True,R024,Depot C,Zone 2,100.2,1060.7,1.0,1,75.3,-2.24,1.13,11.26
V026,Semi-Trailer,Diesel,7,450,26000,True,R014,Depot A,Metro Area,54.5,9965.4,1.73,2,32.7,-2.74,1.0,27.97
V038,Light Commercial,Diesel,6,100,3500,True,R001,Depot B,Port Terminal,289.7,1154.6,1.39,1,53.8,-1.63,1.06,50.54
V049,Truck,Diesel,8,220,8000,True,R004,Depot C,Zone 3,267.9,3733.5,1.52,3,53.7,2.85,1.16,120.5
V023,Semi-Trailer,Diesel,7,450,26000,True,R014,Depot A,Metro Area,54.3,18933.9,1.6,2,36.6,-3.15,1.03,28.35
V031,Light Commercial,Diesel,6,100,3500,True,R012,Depot A,Zone 2,56.7,925.9,1.0,2,53.6,1.62,1.09,10.4
V003,Bus,Hybrid,9,280,6000,True,R024,Depot C,Zone 2,103.5,5058.7,1.22,1,59.2,-2.77,1.05,30.91
V045,Light Commercial,Diesel,9,100,3500,True,R013,Central Hub,Metro Area,191.5,1109.4,1.67,2,44.7,-2.62,1.02,36.15
V030,Van,Diesel,11,75,1500,True,R026,Central Hub,Zone 4,112.3,1220.5,1.72,3,45.1,0.39,1.08,19.54
V028,Van,Diesel,4,75,1500,True,R006,Depot C,Zone 1,145.9,348.7,1.84,2,38.8,4.41,1.15,26.74
V032,Truck,Diesel,8,220,8000,True,R012,Depot A,Zone 2,53.9,5828.2,1.17,2,40.7,2.39,1.02,26.26
V013,Truck,Hybrid,5,220,8000,True,R023,Depot B,Zone 2,266.7,4617.5,1.16,3,62.2,-0.77,1.0,69.49
V036,Van,Diesel,6,75,1500,True,R004,Depot C,Zone 3,268.1,993.4,1.09,3,79.0,3.2,1.02,43.34
V045,Light Commercial,Diesel,9,100,3500,True,R010,Hub North,Zone 2,196.3,3248.1,1.0,2,73.9,3.14,1.15,47.56
V021,Van,Diesel,10,75,1500,True,R023,Depot B,Zone 2,265.4,217.0,1.06,3,74.7,-0.67,1.03,28.7
V008,Semi-Trailer,Diesel,1,450,26000,True,R018,Hub North,Port Terminal,156.0,5895.7,1.0,1,71.5,3.34,1.05,71.37
V024,Van,Diesel,7,75,1500,True,R024,Depot C,Zone 2,102.5,250.8,1.18,1,70.3,-2.11,1.04,10.52
V012,Van,Petrol,1,75,1500,True,R016,Central Hub,Industrial Park,19.6,812.5,1.29,1,37.2,1.11,1.18,3.36
V023,Semi-Trailer,Diesel,7,450,26000,True,R026,Central Hub,Zone 4,110.5,20342.0,1.68,3,44.8,0.03,1.1,67.74
V038,Light Commercial,Diesel,6,100,3500,True,R027,Depot C,Zone 1,67.6,513.1,1.22,2,33.5,-1.19,1.02,11.74
V007,Van,Petrol,11,75,1500,True,R030,Central Hub,Industrial Park,314.4,1143.7,1.66,2,49.5,3.63,1.1,72.81
V045,Light Commercial,Diesel,9,100,3500,True,R004,Depot C,Zone 3,265.4,1638.3,1.36,3,60.5,3.1,1.01,61.72
V014,Light Commercial,Diesel,4,100,3500,True,R018,Hub North,Port Terminal,157.6,3150.8,1.01,1,69.4,2.54,1.07,35.85
V054,Light Commercial,Petrol,7,100,3500,True,R004,Depot C,Zone 3,270.6,1488.5,1.2,3,67.2,2.91,1.03,66.98
V044,Van,CNG,4,75,1500,True,R007,Central Hub,Industrial Park,290.0,1405.4,1.49,3,45.1,0.48,1.04,55.07
V017,Light Commercial,Hybrid,8,100,3500,True,R010,Hub North,Zone 2,195.1,2005.7,1.16,2,67.1,3.36,1.02,32.67
V034,Van,Diesel,10,75,1500,True,R020,Central Hub,Port Terminal,199.3,1412.2,1.56,2,46.8,0.06,1.05,32.82
V007,Van,Petrol,11,75,1500,True,R013,Central Hub,Metro Area,190.7,955.7,1.64,2,51.0,-1.79,1.02,32.64
V006,Semi-Trailer,Diesel,8,450,26000,True,R026,Central Hub,Zone 4,110.2,10254.0,1.75,3,43.9,0.94,1.0,65.21
V058,Truck,Diesel,12,220,8000,True,R009,Depot A,Industrial Park,88.3,6263.2,1.69,1,33.3,-2.37,1.17,41.51
V049,Truck,Diesel,8,220,8000,True,R019,Depot B,Port Terminal,259.8,4111.3,1.5,2,54.8,-1.99,1.13,92.44
V010,Semi-Trailer,Diesel,12,450,26000,True,R023,Depot B,Zone 2,267.4,9424.7,1.11,3,66.6,-1.22,1.05,113.94
V017,Light Commercial,Hybrid,8,100,3500,True,R030,Central Hub,Industrial Park,312.7,1773.0,1.68,2,44.4,2.69,1.01,64.61
V012,Van,Petrol,1,75,1500,True,R008,Depot B,Metro Area,130.1,1261.7,1.88,2,35.5,-2.81,1.03,22.72
V024,Van,Diesel,7,75,1500,True,R023,Depot B,Zone 2,263.1,1083.7,1.33,3,55.3,-0.3,1.11,35.97
V018,Light Commercial,Hybrid,9,100,3500,True,R003,Depot B,Zone 1,293.3,867.0,1.24,2,68.3,-0.88,1.04,37.37
V020,Truck,Diesel,4,220,8000,True,R017,Hub North,Zone 2,141.6,6502.5,1.33,3,59.5,4.56,1.13,73.49
V032,Truck,Diesel,8,220,8000,True,R013,Central Hub,Metro Area,192.3,3733.6,1.51,2,45.4,-1.85,1.03,66.42
V012,Van,Petrol,1,75,1500,True,R029,Depot A,Port Terminal,30.5,255.7,1.16,3,49.5,3.36,1.06,4.7
V053,Van,CNG,12,75,1500,True,R024,Depot C,Zone 2,101.6,337.6,1.26,1,61.3,-2.18,1.12,14.42
V044,Van,CNG,4,75,1500,True,R028,Central Hub,Zone 4,29.7,234.4,1.39,1,39.2,-0.83,1.05,4.43
V046,Truck,Diesel,4,220,8000,True,R026,Central Hub,Zone 4,112.0,5400.8,1.65,3,47.5,1.19,1.03,48.9
V011,Van,Diesel,6,75,1500,True,R013,Central Hub,Metro Area,193.0,478.4,1.9,2,41.2,-2.54,1.05,26.01
V043,Truck,Diesel,9,220,8000,True,R023,Depot B,Zone 2,266.7,1455.2,1.27,3,50.9,-0.87,1.19,85.58
V051,Light Commercial,Diesel,8,100,3500,True,R001,Depot B,Port Terminal,287.9,1437.9,1.65,1,49.9,-2.73,1.17,54.94
V011,Van,Diesel,6,75,1500,True,R017,Hub North,Zone 2,143.4,1255.4,1.46,3,42.2,4.23,1.01,28.35
V046,Truck,Diesel,4,220,8000,True,R002,Hub North,Metro Area,102.0,5075.4,1.55,3,52.4,2.05,1.04,44.21
V022,Truck,Diesel,10,220,8000,True,R022,Central Hub,Metro Area,263.3,4106.3,1.24,2,60.8,-2.25,1.11,84.57
V048,Light Commercial,Petrol,9,100,3500,True,R030,Central Hub,Industrial Park,313.7,2531.3,1.63,2,49.3,2.9,1.0,105.32
V029,Van,Diesel,12,75,1500,True,R021,Depot A,Metro Area,281.3,246.8,1.16,1,65.4,0.43,1.03,32.69
V049,Truck,Diesel,8,220,8000,True,R026,Central Hub,Zone 4,110.3,6802.8,1.61,3,50.7,0.28,1.0,50.05
V009,Semi-Trailer,Diesel,1,450,26000,True,R008,Depot B,Metro Area,131.7,6528.0,1.57,2,47.7,-2.64,1.21,54.44
V024,Van,Diesel,7,75,1500,True,R030,Central Hub,Industrial Park,311.8,177.3,1.8,2,42.8,3.32,1.14,52.26
V017,Light Commercial,Hybrid,8,100,3500,True,R017,Hub North,Zone 2,142.3,1428.0,1.3,3,59.2,4.36,1.01,26.13
V015,Van,Diesel,9,75,1500,True,R021,Depot A,Metro Area,278.2,224.5,1.34,1,63.3,-0.08,1.04,30.83
V019,Semi-Trailer,Diesel,11,450,26000,True,R024,Depot C,Zone 2,105.1,6292.4,1.03,1,75.0,-2.38,1.1,42.07
V023,Semi-Trailer,Diesel,7,450,26000,True,R020,Central Hub,Port Terminal,198.1,18931.9,1.32,2,51.6,0.21,1.02,104.02
V008,Semi-Trailer,Diesel,1,450,26000,True,R010,Hub North,Zone 2,197.0,11544.6,1.19,2,60.9,3.06,1.08,101.26
V043,Truck,Diesel,9,220,8000,True,R019,Depot B,Port Terminal,257.4,846.9,1.44,2,54.6,-2.02,1.03,76.09
V034,Van,Diesel,10,75,1500,True,R020,Central Hub,Port Terminal,199.0,970.8,1.31,2,62.4,0.04,1.13,28.96
V050,Light Commercial,Diesel,2,100,3500,True,R026,Central Hub,Zone 4,111.5,2453.7,1.68,3,41.7,0.36,1.02,25.45
V043,Truck,Diesel,9,220,8000,True,R015,Central Hub,Zone 3,163.8,6933.4,1.72,2,52.5,1.22,1.07,80.13
V009,Semi-Trailer,Diesel,1,450,26000,True,R016,Central Hub,Industrial Park,17.3,6016.7,1.76,1,29.1,1.48,1.06,10.71
V005,Light Commercial,CNG,10,100,3500,True,R016,Central Hub,Industrial Park,22.7,2900.1,1.56,1,33.7,0.5,1.02,6.62
V026,Semi-Trailer,Diesel,7,450,26000,True,R004,Depot C,Zone 3,268.1,18262.4,1.28,3,53.5,2.89,1.1,172.94
V029,Van,Diesel,12,75,1500,True,R003,Depot B,Zone 1,296.0,868.6,1.0,2,79.5,-1.91,1.02,35.0
V015,Van,Diesel,9,75,1500,True,R001,Depot B,Port Terminal,290.3,483.8,1.43,1,50.7,-2.5,1.01,32.14
V047,Semi-Trailer,Diesel,6,450,26000,True,R020,Central Hub,Port Terminal,198.6,12718.3,1.25,2,56.8,-0.55,1.13,90.02
V035,Van,Petrol,9,75,1500,True,R013,Central Hub,Metro Area,193.4,402.8,1.8,2,40.3,-1.61,1.02,29.88
V045,Light Commercial,Diesel,9,100,3500,True,R026,Central Hub,Zone 4,110.3,2485.1,1.64,3,51.3,0.58,1.24,27.08
V007,Van,Petrol,11,75,1500,True,R022,Central Hub,Metro Area,265.3,1047.1,1.0,2,76.9,-2.27,1.08,36.0
V049,Truck,Diesel,8,220,8000,True,R005,Hub North,Zone 3,171.2,2102.4,1.81,1,37.9,-1.69,1.35,66.56
V013,Truck,Hybrid,5,220,8000,True,R004,Depot C,Zone 3,266.3,2517.8,1.26,3,57.5,3.82,1.1,87.03
V027,Truck,Diesel,10,220,8000,True,R011,Central Hub,Port Terminal,311.1,6927.6,1.08,1,74.9,-0.25,1.0,116.87
V027,Truck,Diesel,10,220,8000,True,R028,Central Hub,Zone 4,32.1,4007.5,1.61,1,30.2,-1.14,1.14,14.75
V050,Light Commercial,Diesel,2,100,3500,True,R002,Hub North,Metro Area,101.1,1989.6,1.22,3,63.7,2.48,1.33,22.91
V017,Light Commercial,Hybrid,8,100,3500,True,R006,Depot C,Zone 1,149.9,3201.9,2.0,2,40.8,4.63,1.05,41.07
V015,Van,Diesel,9,75,1500,True,R001,Depot B,Port Terminal,287.2,414.0,1.65,1,31.8,-2.24,1.11,40.61
V021,Van,Diesel,10,75,1500,True,R013,Central Hub,Metro Area,193.8,949.6,1.6,2,52.1,-1.73,1.07,25.72
V022,Truck,Diesel,10,220,8000,True,R030,Central Hub,Industrial Park,312.8,6063.3,1.6,2,43.4,3.15,1.01,175.17
V011,Van,Diesel,6,75,1500,True,R021,Depot A,Metro Area,279.9,557.3,1.33,1,55.1,0.25,1.02,34.93
V011,Van,Diesel,6,75,1500,True,R015,Central Hub,Zone 3,164.3,543.7,1.89,2,45.8,1.41,1.01,26.81
V014,Light Commercial,Diesel,4,100,3500,True,R005,Hub North,Zone 3,173.1,3018.0,1.7,1,49.8,-1.12,1.12,38.06
V029,Van,Diesel,12,75,1500,True,R011,Central Hub,Port Terminal,311.8,276.7,1.0,1,77.0,0.77,1.08,37.06
V021,Van,Diesel,10,75,1500,True,R016,Central Hub,Industrial Park,21.5,350.6,1.88,1,29.6,1.51,1.0,3.83
V024,Van,Diesel,7,75,1500,True,R009,Depot A,Industrial Park,89.8,674.0,1.85,1,30.9,-1.81,1.1,14.5
V044,Van,CNG,4,75,1500,True,R022,Central Hub,Metro Area,266.7,1167.9,1.12,2,72.5,-2.53,1.01,36.38
V015,Van,Diesel,9,75,1500,True,R030,Central Hub,Industrial Park,312.9,730.1,1.7,2,50.4,2.43,1.18,52.18
V055,Van,CNG,6,75,1500,True,R007,Central Hub,Industrial Park,284.7,495.0,1.39,3,54.3,1.36,1.24,48.31
V046,Truck,Diesel,4,220,8000,True,R008,Depot B,Metro Area,129.7,3658.0,1.76,2,39.6,-3.15,1.0,45.22
V011,Van,Diesel,6,75,1500,True,R004,Depot C,Zone 3,267.6,718.0,1.0,3,74.0,3.11,1.07,39.22
V019,Semi-Trailer,Diesel,11,450,26000,True,R022,Central Hub,Metro Area,263.9,18667.3,1.05,2,72.1,-2.76,1.06,118.33
V012,Van,Petrol,1,75,1500,True,R014,Depot A,Metro Area,55.8,1257.7,1.72,2,28.8,-2.68,1.03,10.26
V017,Light Commercial,Hybrid,8,100,3500,True,R009,Depot A,Industrial Park,87.8,1305.7,1.69,1,25.6,-2.21,1.3,15.7
V022,Truck,Diesel,10,220,8000,True,R007,Central Hub,Industrial Park,287.1,5618.1,1.42,3,54.7,0.75,1.04,124.1
V008,Semi-Trailer,Diesel,1,450,26000,True,R003,Depot B,Zone 1,294.2,18100.7,1.0,2,68.7,-1.45,1.01,123.02
V001,Semi-Trailer,Diesel,6,450,26000,True,R015,Central Hub,Zone 3,166.2,19549.5,1.61,2,47.0,1.47,1.13,108.95
V027,Truck,Diesel,10,220,8000,True,R021,Depot A,Metro Area,279.6,4711.8,1.15,1,65.9,0.06,1.06,97.6
V043,Truck,Diesel,9,220,8000,True,R008,Depot B,Metro Area,127.1,899.9,1.67,2,45.3,-3.05,1.07,39.47
V019,Semi-Trailer,Diesel,11,450,26000,True,R001,Depot B,Port Terminal,286.5,17094.7,1.61,1,49.8,-2.46,1.04,145.51
V052,Van,Petrol,2,75,1500,True,R015,Central Hub,Zone 3,164.2,930.7,2.05,2,39.4,1.75,1.06,35.66
V023,Semi-Trailer,Diesel,7,450,26000,True,R021,Depot A,Metro Area,277.9,16114.6,1.21,1,71.0,0.87,1.04,132.67
V055,Van,CNG,6,75,1500,True,R011,Central Hub,Port Terminal,309.1,508.7,1.29,1,55.9,0.41,1.05,45.53
V015,Van,Diesel,9,75,1500,True,R008,Depot B,Metro Area,130.0,274.8,1.76,2,43.8,-3.59,1.01,15.17
V033,Truck,Diesel,6,220,8000,True,R005,Hub North,Zone 3,173.1,2087.6,1.88,1,40.7,-0.89,1.06,69.33
V046,Truck,Diesel,4,220,8000,True,R023,Depot B,Zone 2,265.9,2270.2,1.17,3,65.0,-0.84,1.04,77.62
V004,Van,Diesel,10,75,1500,True,R026,Central Hub,Zone 4,112.4,371.4,1.69,3,39.3,0.49,1.0,16.56
V056,Semi-Trailer,Diesel,6,450,26000,True,R024,Depot C,Zone 2,102.1,8004.3,1.0,1,70.3,-2.44,1.05,39.13
V022,Truck,Diesel,10,220,8000,True,R016,Central Hub,Industrial Park,23.5,1267.1,1.39,1,36.0,0.56,1.03,9.05
V030,Van,Diesel,11,75,1500,True,R022,Central Hub,Metro Area,265.0,493.4,1.15,2,58.8,-1.88,1.17,29.69
V038,Light Commercial,Diesel,6,100,3500,True,R012,Depot A,Zone 2,51.3,3318.7,1.14,2,42.5,1.94,1.02,12.52
V039,Truck,Diesel,12,220,8000,True,R001,Depot B,Port Terminal,287.9,4277.4,1.43,1,49.9,-3.08,1.1,101.63
V002,Truck,Diesel,11,220,8000,True,R012,Depot A,Zone 2,56.0,3142.1,1.25,2,38.8,2.05,1.04,24.43
V053,Van,CNG,12,75,1500,True,R022,Central Hub,Metro Area,263.5,1068.6,1.07,2,74.6,-2.18,1.0,38.0
V038,Light Commercial,Diesel,6,100,3500,True,R020,Central Hub,Port Terminal,199.0,1746.6,1.21,2,57.5,-0.14,1.05,37.79
V060,Light Commercial,Diesel,7,100,3500,True,R030,Central Hub,Industrial Park,314.9,437.8,1.63,2,49.5,2.56,1.06,70.59
V029,Van,Diesel,12,75,1500,True,R030,Central Hub,Industrial Park,313.9,847.9,1.79,2,39.5,2.52,1.06,61.5
V037,Van,Petrol,6,75,1500,True,R008,Depot B,Metro Area,131.3,537.7,1.5,2,48.3,-3.11,1.13,17.09
V027,Truck,Diesel,10,220,8000,True,R001,Depot B,Port Terminal,290.0,4684.1,1.52,1,51.2,-1.77,1.08,109.05
V054,Light Commercial,Petrol,7,100,3500,True,R009,Depot A,Industrial Park,88.3,865.3,1.7,1,28.3,-2.55,1.01,20.51
V050,Light Commercial,Diesel,2,100,3500,True,R027,Depot C,Zone 1,70.1,1785.6,1.14,2,40.4,-2.28,1.12,11.83
V055,Van,CNG,6,75,1500,True,R025,Hub North,Zone 1,64.0,396.9,1.48,2,32.4,-2.92,1.15,9.36
V031,Light Commercial,Diesel,6,100,3500,True,R003,Depot B,Zone 1,293.9,1239.0,1.0,2,67.9,-1.6,1.09,45.69
V048,Light Commercial,Petrol,9,100,3500,True,R005,Hub North,Zone 3,170.1,2394.3,1.82,1,42.8,-1.63,1.35,45.15
V022,Truck,Diesel,10,220,8000,True,R017,Hub North,Zone 2,143.1,2348.0,1.33,3,44.2,3.82,1.23,69.2
V028,Van,Diesel,4,75,1500,True,R020,Central Hub,Port Terminal,199.1,681.9,1.51,2,53.2,-0.63,1.17,25.0
V046,Truck,Diesel,4,220,8000,True,R030,Central Hub,Industrial Park,314.8,1297.3,1.66,2,47.7,3.35,1.18,141.61
V005,Light Commercial,CNG,10,100,3500,True,R023,Depot B,Zone 2,268.6,2394.3,1.08,3,75.6,-0.92,1.1,57.76
V043,Truck,Diesel,9,220,8000,True,R007,Central Hub,Industrial Park,287.5,4464.8,1.47,3,59.6,0.84,1.13,117.77
V001,Semi-Trailer,Diesel,6,450,26000,True,R002,Hub North,Metro Area,104.2,20584.8,1.48,3,54.6,1.88,1.02,65.57
V035,Van,Petrol,9,75,1500,True,R020,Central Hub,Port Terminal,199.2,832.2,1.24,2,58.1,-0.07,1.04,31.22
V029,Van,Diesel,12,75,1500,True,R017,Hub North,Zone 2,140.8,1417.6,1.26,3,68.4,4.04,1.01,28.07
V029,Van,Diesel,12,75,1500,True,R028,Central Hub,Zone 4,29.2,457.4,1.67,1,25.2,-0.59,1.01,4.58
V030,Van,Diesel,11,75,1500,True,R018,Hub North,Port Terminal,157.0,1096.2,1.34,1,48.3,3.25,1.02,28.09
V030,Van,Diesel,11,75,1500,True,R016,Central Hub,Industrial Park,23.5,701.2,1.31,1,45.6,1.51,1.05,3.53
V025,Truck,Diesel,11,220,8000,True,R010,Hub North,Zone 2,196.4,3356.6,1.09,2,71.4,3.01,1.01,82.23
V028,Van,Diesel,4,75,1500,True,R003,Depot B,Zone 1,294.0,1082.7,1.09,2,61.3,-1.74,1.0,32.7
V035,Van,Petrol,9,75,1500,True,R027,Depot C,Zone 1,70.2,1368.3,1.17,2,37.2,-1.27,1.09,11.92
V046,Truck,Diesel,4,220,8000,True,R025,Hub North,Zone 1,67.6,5937.9,1.52,2,35.2,-2.32,1.03,25.81
V034,Van,Diesel,10,75,1500,True,R005,Hub North,Zone 3,173.3,570.9,1.78,1,38.6,-0.74,1.14,26.63
V039,Truck,Diesel,12,220,8000,True,R022,Central Hub,Metro Area,265.1,4267.3,1.16,2,61.7,-2.98,1.06,85.27
V051,Light Commercial,Diesel,8,100,3500,True,R011,Central Hub,Port Terminal,313.1,996.0,1.03,1,81.0,1.02,1.06,55.73
V060,Light Commercial,Diesel,7,100,3500,True,R014,Depot A,Metro Area,54.5,2195.2,1.82,2,36.1,-2.49,1.01,11.95
V007,Van,Petrol,11,75,1500,True,R026,Central Hub,Zone 4,113.8,663.3,1.58,3,48.0,0.96,1.02,19.21
V043,Truck,Diesel,9,220,8000,True,R026,Central Hub,Zone 4,110.0,2351.3,1.69,3,43.8,0.86,1.03,42.41
V014,Light Commercial,Diesel,4,100,3500,True,R006,Depot C,Zone 1,145.6,412.8,1.5,2,53.6,3.93,1.05,32.98
V012,Van,Petrol,1,75,1500,True,R010,Hub North,Zone 2,196.0,1329.8,1.15,2,63.0,3.72,1.08,37.15
V048,Light Commercial,Petrol,9,100,3500,True,R025,Hub North,Zone 1,68.3,584.5,1.43,2,25.9,-2.67,1.16,15.73
V005,Light Commercial,CNG,10,100,3500,True,R028,Central Hub,Zone 4,31.8,1329.7,1.61,1,20.0,-0.52,1.03,9.53
V051,Light Commercial,Diesel,8,100,3500,True,R003,Depot B,Zone 1,293.5,916.6,1.07,2,69.7,-1.76,1.03,43.04
V047,Semi-Trailer,Diesel,6,450,26000,True,R026,Central Hub,Zone 4,111.3,13520.2,1.77,3,45.9,-0.09,1.04,57.7
V060,Light Commercial,Diesel,7,100,3500,True,R015,Central Hub,Zone 3,163.7,930.0,1.81,2,41.6,2.07,1.15,39.67
V041,Bus,Petrol,6,280,6000,True,R018,Hub North,Port Terminal,158.5,4354.7,1.0,1,78.2,2.86,1.2,83.28
V053,Van,CNG,12,75,1500,True,R003,Depot B,Zone 1,293.7,436.6,1.0,2,78.6,-2.03,1.24,38.38
V008,Semi-Trailer,Diesel,1,450,26000,True,R021,Depot A,Metro Area,278.8,6698.6,1.2,1,67.9,-0.0,1.05,113.49
V054,Light Commercial,Petrol,7,100,3500,True,R021,Depot A,Metro Area,277.6,995.2,1.29,1,58.8,0.19,1.02,57.25
V010,Semi-Trailer,Diesel,12,450,26000,True,R020,Central Hub,Port Terminal,198.0,9176.1,1.31,2,58.1,-0.42,1.05,96.78
V019,Semi-Trailer,Diesel,11,450,26000,True,R024,Depot C,Zone 2,103.6,16784.5,1.01,1,74.1,-2.27,1.04,45.92
V008,Semi-Trailer,Diesel,1,450,26000,True,R029,Depot A,Port Terminal,30.9,7232.8,1.09,3,44.7,3.2,1.01,15.62
V025,Truck,Diesel,11,220,8000,True,R026,Central Hub,Zone 4,110.9,5538.6,1.7,3,37.8,1.08,1.09,55.84
V045,Light Commercial,Diesel,9,100,3500,True,R023,Depot B,Zone 2,268.4,1629.8,1.29,3,63.0,-1.01,1.09,49.72
V017,Light Commercial,Hybrid,8,100,3500,True,R030,Central Hub,Industrial Park,312.9,936.1,1.78,2,40.6,2.48,1.04,56.66
V050,Light Commercial,Diesel,2,100,3500,True,R021,Depot A,Metro Area,281.7,1064.1,1.17,1,62.5,-0.85,1.06,39.8
V037,Van,Petrol,6,75,1500,True,R021,Depot A,Metro Area,281.7,822.4,1.24,1,58.2,0.54,1.03,42.98
V038,Light Commercial,Diesel,6,100,3500,True,R017,Hub North,Zone 2,142.9,1476.4,1.57,3,42.4,4.45,1.08,40.31
V057,Light Commercial,Diesel,6,100,3500,True,R024,Depot C,Zone 2,99.6,1878.3,1.2,1,41.2,-2.19,1.01,18.77
V026,Semi-Trailer,Diesel,7,450,26000,True,R003,Depot B,Zone 1,297.8,20558.0,1.33,2,58.5,-1.31,1.06,150.33
V021,Van,Diesel,10,75,1500,True,R016,Central Hub,Industrial Park,23.2,208.4,1.56,1,29.3,1.28,1.01,3.74
V060,Light Commercial,Diesel,7,100,3500,True,R013,Central Hub,Metro Area,191.7,1521.0,1.87,2,44.4,-1.82,1.0,39.24
V034,Van,Diesel,10,75,1500,True,R028,Central Hub,Zone 4,31.4,679.7,1.3,1,37.1,-0.61,1.05,4.25
V037,Van,Petrol,6,75,1500,True,R003,Depot B,Zone 1,295.5,469.9,1.0,2,68.9,-1.83,1.17,34.84
V018,Light Commercial,Hybrid,9,100,3500,True,R020,Central Hub,Port Terminal,200.9,1664.6,1.03,2,78.3,-0.03,1.04,27.79
V013,Truck,Hybrid,5,220,8000,True,R006,Depot C,Zone 1,146.7,4653.1,1.78,2,42.9,5.0,1.11,67.67
V011,Van,Diesel,6,75,1500,True,R027,Depot C,Zone 1,70.9,895.8,1.35,2,40.6,-1.65,1.02,9.52
V014,Light Commercial,Diesel,4,100,3500,True,R026,Central Hub,Zone 4,110.2,2342.8,1.37,3,58.4,1.13,1.2,23.95
V012,Van,Petrol,1,75,1500,True,R008,Depot B,Metro Area,130.0,247.9,1.68,2,40.9,-2.59,1.02,16.54
V045,Light Commercial,Diesel,9,100,3500,True,R027,Depot C,Zone 1,70.4,1718.5,1.34,2,35.2,-1.46,1.12,15.18
V004,Van,Diesel,10,75,1500,True,R015,Central Hub,Zone 3,164.4,1116.0,1.89,2,43.8,2.76,1.01,34.8
V038,Light Commercial,Diesel,6,100,3500,True,R030,Central Hub,Industrial Park,313.6,1703.8,1.49,2,57.7,3.58,1.35,81.76
V057,Light Commercial,Diesel,6,100,3500,True,R022,Central Hub,Metro Area,263.7,2303.0,1.22,2,61.9,-1.99,1.12,47.51
V046,Truck,Diesel,4,220,8000,True,R002,Hub North,Metro Area,99.5,4815.1,1.63,3,28.1,1.46,1.3,52.65
V025,Truck,Diesel,11,220,8000,True,R007,Central Hub,Industrial Park,288.7,3960.1,1.39,3,60.7,1.53,1.15,119.81
V004,Van,Diesel,10,75,1500,True,R013,Central Hub,Metro Area,194.4,250.6,1.67,2,42.4,-1.93,1.05,24.49
V051,Light Commercial,Diesel,8,100,3500,True,R007,Central Hub,Industrial Park,286.7,2233.8,1.36,3,56.6,0.56,1.12,59.54
V001,Semi-Trailer,Diesel,6,450,26000,True,R004,Depot C,Zone 3,268.9,14412.7,1.47,3,49.4,2.11,1.05,158.79
V041,Bus,Petrol,6,280,6000,True,R030,Central Hub,Industrial Park,314.4,629.0,1.64,2,46.8,3.05,1.08,180.09
V041,Bus,Petrol,6,280,6000,True,R027,Depot C,Zone 1,70.4,1655.0,1.29,2,34.9,-2.04,1.01,31.18
V012,Van,Petrol,1,75,1500,True,R014,Depot A,Metro Area,52.7,228.3,1.98,2,23.8,-2.35,1.26,9.03
V045,Light Commercial,Diesel,9,100,3500,True,R007,Central Hub,Industrial Park,285.5,2046.4,1.28,3,56.1,0.19,1.11,59.5
V011,Van,Diesel,6,75,1500,True,R006,Depot C,Zone 1,146.5,169.3,1.59,2,49.8,5.16,1.01,24.33
V014,Light Commercial,Diesel,4,100,3500,True,R028,Central Hub,Zone 4,26.8,2856.2,1.57,1,32.5,-0.29,1.13,6.36
V049,Truck,Diesel,8,220,8000,True,R010,Hub North,Zone 2,199.9,7242.7,1.43,2,56.1,4.41,1.07,109.24
V059,Light Commercial,Diesel,7,100,3500,True,R001,Depot B,Port Terminal,288.9,3252.3,1.68,1,41.3,-2.79,1.08,64.91
V016,Van,Petrol,6,75,1500,True,R012,Depot A,Zone 2,55.2,438.9,1.26,2,38.9,2.54,1.09,9.96
V056,Semi-Trailer,Diesel,6,450,26000,True,R014,Depot A,Metro Area,51.7,13542.6,1.44,2,37.3,-3.23,1.02,24.74
V055,Van,CNG,6,75,1500,True,R019,Depot B,Port Terminal,255.3,1286.2,1.37,2,58.0,-1.56,1.09,41.87
V047,Semi-Trailer,Diesel,6,450,26000,True,R011,Central Hub,Port Terminal,311.4,17790.1,1.08,1,63.5,0.26,1.15,141.07
V009,Semi-Trailer,Diesel,1,450,26000,True,R028,Central Hub,Zone 4,33.0,9202.3,1.48,1,35.1,-0.69,1.08,15.73
V018,Light Commercial,Hybrid,9,100,3500,True,R020,Central Hub,Port Terminal,197.9,2831.0,1.6,2,43.5,-0.41,1.02,34.6
V041,Bus,Petrol,6,280,6000,True,R030,Central Hub,Industrial Park,315.1,3527.1,1.51,2,53.4,2.55,1.13,189.97
V060,Light Commercial,Diesel,7,100,3500,True,R012,Depot A,Zone 2,54.5,2521.7,1.49,2,41.1,1.42,1.17,14.85
V049,Truck,Diesel,8,220,8000,True,R020,Central Hub,Port Terminal,199.0,7392.0,1.29,2,47.6,-0.38,1.24,80.89
V026,Semi-Trailer,Diesel,7,450,26000,True,R011,Central Hub,Port Terminal,313.2,24645.0,1.05,1,68.5,0.56,1.34,167.58
V015,Van,Diesel,9,75,1500,True,R021,Depot A,Metro Area,279.1,793.6,1.38,1,55.5,0.6,1.27,39.65
V058,Truck,Diesel,12,220,8000,True,R023,Depot B,Zone 2,265.5,1865.0,1.31,3,57.3,-0.9,1.11,86.17
V017,Light Commercial,Hybrid,8,100,3500,True,R010,Hub North,Zone 2,199.9,2193.2,1.31,2,61.1,3.97,1.02,36.85
V021,Van,Diesel,10,75,1500,True,R029,Depot A,Port Terminal,30.9,970.9,1.01,3,49.6,3.31,1.11,5.04
V058,Truck,Diesel,12,220,8000,True,R026,Central Hub,Zone 4,113.6,4690.6,1.83,3,39.0,0.37,1.0,56.21
V034,Van,Diesel,10,75,1500,True,R027,Depot C,Zone 1,69.4,688.1,1.09,2,41.6,-1.33,1.15,8.76
V016,Van,Petrol,6,75,1500,True,R007,Central Hub,Industrial Park,289.6,891.5,1.18,3,58.8,0.79,1.22,44.34
V001,Semi-Trailer,Diesel,6,450,26000,True,R022,Central Hub,Metro Area,264.5,14402.3,1.09,2,66.1,-3.0,1.0,103.11
V026,Semi-Trailer,Diesel,7,450,26000,True,R004,Depot C,Zone 3,268.8,23477.7,1.18,3,61.5,3.34,1.22,171.71
V060,Light Commercial,Diesel,7,100,3500,True,R004,Depot C,Zone 3,268.3,2841.9,1.46,3,53.0,2.76,1.04,72.61
V026,Semi-Trailer,Diesel,7,450,26000,True,R030,Central Hub,Industrial Park,313.0,11300.5,1.58,2,46.7,2.61,1.07,204.69
V042,Bus,Hybrid,4,280,6000,True,R005,Hub North,Zone 3,172.1,3511.4,1.77,1,39.8,-1.26,1.0,54.91
V016,Van,Petrol,6,75,1500,True,R026,Central Hub,Zone 4,111.3,871.7,1.62,3,42.3,0.54,1.09,20.23
V047,Semi-Trailer,Diesel,6,450,26000,True,R013,Central Hub,Metro Area,193.6,13886.9,1.85,2,37.8,-2.11,1.01,103.04
V047,Semi-Trailer,Diesel,6,450,26000,True,R010,Hub North,Zone 2,197.5,3883.2,1.11,2,65.3,3.28,1.02,97.77
V037,Van,Petrol,6,75,1500,True,R003,Depot B,Zone 1,292.2,1058.6,1.25,2,56.9,-2.09,1.17,41.52
V047,Semi-Trailer,Diesel,6,450,26000,True,R021,Depot A,Metro Area,277.1,18761.1,1.41,1,55.9,-0.03,1.15,139.94
V035,Van,Petrol,9,75,1500,True,R022,Central Hub,Metro Area,261.5,767.3,1.03,2,78.1,-2.22,1.11,35.62
V023,Semi-Trailer,Diesel,7,450,26000,True,R015,Central Hub,Zone 3,164.9,22524.8,1.81,2,36.6,1.9,1.05,124.84
V045,Light Commercial,Diesel,9,100,3500,True,R025,Hub North,Zone 1,66.6,3277.2,1.45,2,39.0,-2.69,1.12,14.7
V051,Light Commercial,Diesel,8,100,3500,True,R010,Hub North,Zone 2,198.3,2768.4,1.29,2,60.8,3.71,1.02,52.26
V051,Light Commercial,Diesel,8,100,3500,True,R017,Hub North,Zone 2,143.0,3110.4,1.5,3,50.7,3.99,1.09,41.81
V013,Truck,Hybrid,5,220,8000,True,R009,Depot A,Industrial Park,88.4,4115.0,1.65,1,36.5,-3.18,1.01,24.83
V041,Bus,Petrol,6,280,6000,True,R018,Hub North,Port Terminal,158.3,5262.6,1.07,1,69.6,2.41,1.08,83.11
V001,Semi-Trailer,Diesel,6,450,26000,True,R005,Hub North,Zone 3,172.3,23264.1,1.56,1,49.6,-1.72,1.06,86.32
V035,Van,Petrol,9,75,1500,True,R015,Central Hub,Zone 3,159.9,945.0,1.8,2,42.2,1.5,1.01,32.4
V035,Van,Petrol,9,75,1500,True,R017,Hub North,Zone 2,142.3,342.2,1.63,3,46.3,4.62,1.03,29.44
V022,Truck,Diesel,10,220,8000,True,R017,Hub North,Zone 2,143.4,1835.7,1.55,3,50.2,4.62,1.11,67.07
V060,Light Commercial,Diesel,7,100,3500,True,R014,Depot A,Metro Area,57.5,1755.1,1.93,2,26.1,-1.63,1.01,14.12
V053,Van,CNG,12,75,1500,True,R020,Central Hub,Port Terminal,201.4,1087.9,1.29,2,59.9,-0.51,1.12,33.26
V003,Bus,Hybrid,9,280,6000,True,R016,Central Hub,Industrial Park,20.6,3157.1,1.49,1,30.9,1.58,1.03,8.48
V013,Truck,Hybrid,5,220,8000,True,R009,Depot A,Industrial Park,88.0,6239.0,1.54,1,29.9,-1.88,1.02,29.84
V013,Truck,Hybrid,5,220,8000,True,R007,Central Hub,Industrial Park,285.2,6034.6,1.24,3,57.8,0.56,1.2,90.36
V054,Light Commercial,Petrol,7,100,3500,True,R020,Central Hub,Port Terminal,201.2,955.7,1.64,2,44.1,-0.01,1.03,47.37
V032,Truck,Diesel,8,220,8000,True,R029,Depot A,Port Terminal,32.3,1702.8,1.17,3,46.7,4.4,1.1,13.72
V044,Van,CNG,4,75,1500,True,R023,Depot B,Zone 2,267.0,1049.9,1.08,3,67.5,-1.04,1.03,37.83
V049,Truck,Diesel,8,220,8000,True,R020,Central Hub,Port Terminal,199.1,2978.6,1.2,2,65.2,-0.25,1.08,68.01
V047,Semi-Trailer,Diesel,6,450,26000,True,R028,Central Hub,Zone 4,32.1,23183.9,1.23,1,41.7,-0.76,1.11,16.83
V006,Semi-Trailer,Diesel,8,450,26000,True,R027,Depot C,Zone 1,72.2,21794.0,1.13,2,42.7,-2.55,1.01,33.73
V009,Semi-Trailer,Diesel,1,450,26000,True,R016,Central Hub,Industrial Park,24.3,12572.4,1.67,1,35.1,0.97,1.01,13.58
V024,Van,Diesel,7,75,1500,True,R004,Depot C,Zone 3,268.8,890.1,1.24,3,63.6,2.69,1.03,40.07
V021,Van,Diesel,10,75,1500,True,R020,Central Hub,Port Terminal,198.4,1230.1,1.21,2,62.2,-0.63,1.04,27.04
V045,Light Commercial,Diesel,9,100,3500,True,R019,Depot B,Port Terminal,259.2,2942.3,1.34,2,55.5,-1.47,1.01,54.82
V010,Semi-Trailer,Diesel,12,450,26000,True,R009,Depot A,Industrial Park,89.7,14909.1,1.81,1,28.0,-3.1,1.05,56.11
V023,Semi-Trailer,Diesel,7,450,26000,True,R026,Central Hub,Zone 4,111.7,24079.3,1.74,3,37.0,0.86,1.03,79.51
V015,Van,Diesel,9,75,1500,True,R027,Depot C,Zone 1,69.9,814.2,1.16,2,40.0,-1.42,1.04,8.99
V012,Van,Petrol,1,75,1500,True,R010,Hub North,Zone 2,199.5,202.4,1.16,2,66.3,3.34,1.11,29.86
V011,Van,Diesel,6,75,1500,True,R015,Central Hub,Zone 3,166.5,867.4,2.14,2,28.7,1.77,1.35,36.89
V012,Van,Petrol,1,75,1500,True,R006,Depot C,Zone 1,146.6,1140.7,1.94,2,35.6,3.96,1.09,38.48
V034,Van,Diesel,10,75,1500,True,R006,Depot C,Zone 1,147.3,1405.8,1.98,2,36.3,4.74,1.08,38.7
V025,Truck,Diesel,11,220,8000,True,R008,Depot B,Metro Area,129.5,1516.5,1.39,2,65.7,-2.67,1.11,39.66
V027,Truck,Diesel,10,220,8000,True,R011,Central Hub,Port Terminal,312.1,3795.7,1.15,1,68.1,0.61,1.15,112.32
V029,Van,Diesel,12,75,1500,True,R009,Depot A,Industrial Park,87.7,898.0,1.61,1,35.4,-2.32,1.07,13.33
V045,Light Commercial,Diesel,9,100,3500,True,R005,Hub North,Zone 3,174.9,2972.4,1.88,1,36.6,-1.71,1.1,44.48
V052,Van,Petrol,2,75,1500,True,R014,Depot A,Metro Area,55.6,1062.8,1.95,2,27.1,-3.12,1.06,9.78
V032,Truck,Diesel,8,220,8000,True,R019,Depot B,Port Terminal,258.8,2372.5,1.52,2,42.3,-1.26,1.05,94.85
V039,Truck,Diesel,12,220,8000,True,R010,Hub North,Zone 2,200.4,6643.8,1.08,2,68.2,3.78,1.03,101.91
V045,Light Commercial,Diesel,9,100,3500,True,R017,Hub North,Zone 2,142.1,2326.1,1.43,3,54.4,4.02,1.04,39.04
V042,Bus,Hybrid,4,280,6000,True,R009,Depot A,Industrial Park,88.4,5165.3,1.8,1,22.1,-2.36,1.16,37.06
V009,Semi-Trailer,Diesel,1,450,26000,True,R022,Central Hub,Metro Area,262.2,21039.7,1.21,2,63.7,-2.16,1.07,116.02
V059,Light Commercial,Diesel,7,100,3500,True,R020,Central Hub,Port Terminal,198.6,734.6,1.37,2,56.6,0.26,1.01,35.39
V010,Semi-Trailer,Diesel,12,450,26000,True,R029,Depot A,Port Terminal,28.6,23826.4,1.15,3,41.1,3.67,1.05,21.46
V025,Truck,Diesel,11,220,8000,True,R002,Hub North,Metro Area,101.9,3889.2,1.64,3,42.5,1.18,1.18,47.55
V040,Van,CNG,2,75,1500,True,R026,Central Hub,Zone 4,112.6,1402.8,1.79,3,39.0,0.01,1.02,21.96
V025,Truck,Diesel,11,220,8000,True,R011,Central Hub,Port Terminal,311.0,2071.6,1.28,1,57.3,0.39,1.11,110.8
V015,Van,Diesel,9,75,1500,True,R002,Hub North,Metro Area,100.6,1161.5,1.72,3,42.2,2.36,1.28,20.6
V056,Semi-Trailer,Diesel,6,450,26000,True,R021,Depot A,Metro Area,280.7,9338.1,1.25,1,61.9,-0.16,1.04,126.83
V005,Light Commercial,CNG,10,100,3500,True,R006,Depot C,Zone 1,146.0,483.3,1.75,2,40.7,4.2,1.05,44.92
V015,Van,Diesel,9,75,1500,True,R006,Depot C,Zone 1,148.0,1417.4,1.75,2,49.3,4.19,1.12,31.78
V060,Light Commercial,Diesel,7,100,3500,True,R030,Central Hub,Industrial Park,314.8,1253.0,1.55,2,54.7,2.71,1.02,75.83
V044,Van,CNG,4,75,1500,True,R007,Central Hub,Industrial Park,284.8,252.7,1.18,3,64.4,0.65,1.14,37.53
V006,Semi-Trailer,Diesel,8,450,26000,True,R017,Hub North,Zone 2,143.8,21617.0,1.61,3,45.2,3.72,1.03,107.82
V046,Truck,Diesel,4,220,8000,True,R007,Central Hub,Industrial Park,285.0,3737.7,1.19,3,60.7,1.08,1.0,97.71
V059,Light Commercial,Diesel,7,100,3500,True,R004,Depot C,Zone 3,267.9,2064.9,1.42,3,54.0,2.91,1.3,64.94
V006,Semi-Trailer,Diesel,8,450,26000,True,R001,Depot B,Port Terminal,286.6,24365.0,1.48,1,52.6,-1.39,1.05,155.58
V025,Truck,Diesel,11,220,8000,True,R001,Depot B,Port Terminal,290.4,4068.8,1.61,1,45.7,-2.85,1.06,109.05
V029,Van,Diesel,12,75,1500,True,R015,Central Hub,Zone 3,162.3,235.6,1.91,2,37.8,2.44,1.02,28.75
V008,Semi-Trailer,Diesel,1,450,26000,True,R014,Depot A,Metro Area,52.5,17875.2,1.92,2,27.5,-1.95,1.03,32.87
V013,Truck,Hybrid,5,220,8000,True,R002,Hub North,Metro Area,101.0,5632.1,1.56,3,48.4,1.62,1.06,36.82
V011,Van,Diesel,6,75,1500,True,R011,Central Hub,Port Terminal,310.8,397.6,1.23,1,58.6,0.35,1.23,38.29
V012,Van,Petrol,1,75,1500,True,R009,Depot A,Industrial Park,86.2,845.4,1.82,1,27.9,-2.89,1.07,13.7
V025,Truck,Diesel,11,220,8000,True,R018,Hub North,Port Terminal,158.4,3310.7,1.0,1,72.6,2.42,1.01,63.88
V028,Van,Diesel,4,75,1500,True,R030,Central Hub,Industrial Park,310.8,213.7,1.93,2,35.9,2.92,1.1,53.63
V015,Van,Diesel,9,75,1500,True,R021,Depot A,Metro Area,278.0,547.3,1.59,1,47.2,0.14,1.14,41.36
V018,Light Commercial,Hybrid,9,100,3500,True,R028,Central Hub,Zone 4,29.1,3055.9,1.61,1,28.7,-1.15,1.16,5.67
V012,Van,Petrol,1,75,1500,True,R006,Depot C,Zone 1,148.9,532.8,1.88,2,36.9,5.36,1.11,35.16
V048,Light Commercial,Petrol,9,100,3500,True,R007,Central Hub,Industrial Park,289.4,1013.6,1.39,3,58.2,0.55,1.04,64.2
V013,Truck,Hybrid,5,220,8000,True,R023,Depot B,Zone 2,268.2,7198.2,1.12,3,65.3,-0.99,1.05,70.85
V055,Van,CNG,6,75,1500,True,R010,Hub North,Zone 2,197.6,637.5,1.19,2,70.2,3.25,1.02,33.01
V033,Truck,Diesel,6,220,8000,True,R026,Central Hub,Zone 4,108.4,7195.8,1.89,3,42.1,0.43,1.03,49.58
V049,Truck,Diesel,8,220,8000,True,R014,Depot A,Metro Area,55.6,6785.6,1.64,2,27.1,-2.65,1.12,28.07
V039,Truck,Diesel,12,220,8000,True,R007,Central Hub,Industrial Park,289.7,3999.2,1.14,3,70.4,0.65,1.11,102.93
V016,Van,Petrol,6,75,1500,True,R026,Central Hub,Zone 4,113.9,640.8,1.69,3,41.5,0.53,1.13,19.17
V037,Van,Petrol,6,75,1500,True,R017,Hub North,Zone 2,143.5,325.6,1.63,3,53.9,4.55,1.1,28.83
V017,Light Commercial,Hybrid,8,100,3500,True,R025,Hub North,Zone 1,66.5,917.1,1.39,2,36.9,-2.98,1.05,8.39
V008,Semi-Trailer,Diesel,1,450,26000,True,R014,Depot A,Metro Area,54.2,7737.0,1.76,2,30.6,-2.23,1.02,25.53
V016,Van,Petrol,6,75,1500,True,R004,Depot C,Zone 3,271.0,749.7,1.28,3,58.5,2.97,1.03,43.66
V017,Light Commercial,Hybrid,8,100,3500,True,R021,Depot A,Metro Area,277.5,1457.0,1.1,1,69.4,0.22,1.01,36.87
V009,Semi-Trailer,Diesel,1,450,26000,True,R004,Depot C,Zone 3,266.4,20288.5,1.0,3,74.1,2.87,1.03,139.67
V002,Truck,Diesel,11,220,8000,True,R020,Central Hub,Port Terminal,200.3,2817.4,1.2,2,59.0,0.2,1.17,71.63
V057,Light Commercial,Diesel,6,100,3500,True,R013,Central Hub,Metro Area,191.6,1612.9,1.73,2,44.7,-1.77,1.07,38.54
V031,Light Commercial,Diesel,6,100,3500,True,R024,Depot C,Zone 2,100.0,715.1,1.21,1,65.9,-2.33,1.01,14.96
V025,Truck,Diesel,11,220,8000,True,R027,Depot C,Zone 1,72.7,2644.3,1.32,2,33.0,-1.69,1.02,26.65
V056,Semi-Trailer,Diesel,6,450,26000,True,R013,Central Hub,Metro Area,192.9,19904.7,1.78,2,48.3,-1.94,1.02,103.91
V014,Light Commercial,Diesel,4,100,3500,True,R027,Depot C,Zone 1,69.8,2453.6,1.16,2,45.7,-1.6,1.08,12.5
V025,Truck,Diesel,11,220,8000,True,R004,Depot C,Zone 3,266.4,3535.1,1.17,3,62.1,2.95,1.08,110.28
V051,Light Commercial,Diesel,8,100,3500,True,R004,Depot C,Zone 3,271.2,2068.0,1.36,3,53.5,2.75,1.06,63.89
V038,Light Commercial,Diesel,6,100,3500,True,R030,Central Hub,Industrial Park,313.8,1713.5,1.64,2,53.2,3.23,1.26,86.35
V024,Van,Diesel,7,75,1500,True,R018,Hub North,Port Terminal,159.7,1291.4,1.2,1,66.5,3.11,1.04,26.24
V016,Van,Petrol,6,75,1500,True,R014,Depot A,Metro Area,56.3,653.2,1.85,2,31.6,-1.8,1.11,9.28
V003,Bus,Hybrid,9,280,6000,True,R005,Hub North,Zone 3,171.3,4282.8,1.99,1,36.6,-1.69,1.06,67.62
V006,Semi-Trailer,Diesel,8,450,26000,True,R009,Depot A,Industrial Park,87.7,7429.5,1.64,1,32.7,-2.25,1.04,43.81
V010,Semi-Trailer,Diesel,12,450,26000,True,R021,Depot A,Metro Area,281.8,12193.5,1.41,1,54.6,-0.63,1.08,142.33
V048,Light Commercial,Petrol,9,100,3500,True,R025,Hub North,Zone 1,70.5,1924.8,1.83,2,26.7,-2.74,1.02,19.22
V039,Truck,Diesel,12,220,8000,True,R028,Central Hub,Zone 4,27.2,1511.6,1.48,1,34.3,-1.09,1.03,10.77
V027,Truck,Diesel,10,220,8000,True,R013,Central Hub,Metro Area,193.0,4794.4,1.76,2,46.9,-2.29,1.13,76.19
V047,Semi-Trailer,Diesel,6,450,26000,True,R014,Depot A,Metro Area,54.8,15300.1,1.65,2,36.7,-2.38,1.23,30.59
V010,Semi-Trailer,Diesel,12,450,26000,True,R005,Hub North,Zone 3,170.6,6108.4,1.93,1,37.8,-1.7,1.12,97.51
V013,Truck,Hybrid,5,220,8000,True,R003,Depot B,Zone 1,294.8,7590.8,1.25,2,54.8,-1.96,1.07,78.81
V024,Van,Diesel,7,75,1500,True,R014,Depot A,Metro Area,53.0,267.9,1.72,2,35.7,-2.7,1.04,6.71
V056,Semi-Trailer,Diesel,6,450,26000,True,R018,Hub North,Port Terminal,156.9,22386.2,1.15,1,72.0,3.07,1.02,94.1
V037,Van,Petrol,6,75,1500,True,R004,Depot C,Zone 3,266.9,776.7,1.34,3,57.5,2.6,1.03,45.33
V052,Van,Petrol,2,75,1500,True,R013,Central Hub,Metro Area,191.5,433.9,1.75,2,50.1,-1.92,1.05,25.39
V015,Van,Diesel,9,75,1500,True,R020,Central Hub,Port Terminal,198.8,293.8,1.47,2,52.3,-0.35,1.16,25.42
V051,Light Commercial,Diesel,8,100,3500,True,R025,Hub North,Zone 1,66.8,2430.8,1.6,2,27.7,-2.74,1.0,16.67
V005,Light Commercial,CNG,10,100,3500,True,R029,Depot A,Port Terminal,33.2,2594.5,1.11,3,39.8,4.24,1.06,10.27
V014,Light Commercial,Diesel,4,100,3500,True,R011,Central Hub,Port Terminal,312.1,2353.5,1.29,1,52.6,-0.22,1.17,61.78
V032,Truck,Diesel,8,220,8000,True,R012,Depot A,Zone 2,57.9,3655.1,1.32,2,38.0,2.34,1.21,27.21
V004,Van,Diesel,10,75,1500,True,R027,Depot C,Zone 1,70.2,370.0,1.17,2,41.0,-1.85,1.22,8.22
V052,Van,Petrol,2,75,1500,True,R021,Depot A,Metro Area,278.8,1156.7,1.25,1,57.7,0.22,1.02,43.62
V053,Van,CNG,12,75,1500,True,R009,Depot A,Industrial Park,91.1,1260.8,1.44,1,34.2,-2.9,1.03,17.73
V033,Truck,Diesel,6,220,8000,True,R021,Depot A,Metro Area,278.7,3464.7,1.34,1,59.5,0.28,1.17,97.31
V019,Semi-Trailer,Diesel,11,450,26000,True,R005,Hub North,Zone 3,171.8,21190.9,1.98,1,35.6,-0.43,1.08,128.21
V006,Semi-Trailer,Diesel,8,450,26000,True,R014,Depot A,Metro Area,56.1,16646.8,1.75,2,25.7,-2.46,1.02,33.92
V038,Light Commercial,Diesel,6,100,3500,True,R010,Hub North,Zone 2,195.9,1917.8,1.23,2,59.1,3.32,1.1,44.47
V033,Truck,Diesel,6,220,8000,True,R030,Central Hub,Industrial Park,314.9,4952.1,1.64,2,49.5,2.83,1.05,152.46
V046,Truck,Diesel,4,220,8000,True,R002,Hub North,Metro Area,101.7,1532.7,1.57,3,47.4,1.19,1.1,39.15
V037,Van,Petrol,6,75,1500,True,R026,Central Hub,Zone 4,113.9,309.9,1.78,3,43.1,1.12,1.09,19.69
V008,Semi-Trailer,Diesel,1,450,26000,True,R009,Depot A,Industrial Park,89.8,18660.2,1.59,1,37.6,-2.39,1.06,46.81
V008,Semi-Trailer,Diesel,1,450,26000,True,R002,Hub North,Metro Area,102.7,24035.8,1.59,3,58.4,1.36,1.02,61.15
V047,Semi-Trailer,Diesel,6,450,26000,True,R020,Central Hub,Port Terminal,198.7,13822.5,1.21,2,64.3,-0.61,1.06,93.3
V010,Semi-Trailer,Diesel,12,450,26000,True,R021,Depot A,Metro Area,278.3,3793.4,1.34,1,58.2,0.14,1.06,129.83
V057,Light Commercial,Diesel,6,100,3500,True,R005,Hub North,Zone 3,175.3,552.5,1.84,1,36.1,-1.08,1.21,38.36
V007,Van,Petrol,11,75,1500,True,R002,Hub North,Metro Area,98.5,745.9,1.57,3,33.4,1.32,1.03,19.68
V044,Van,CNG,4,75,1500,True,R004,Depot C,Zone 3,266.0,988.5,1.31,3,57.7,3.42,1.08,51.21
V059,Light Commercial,Diesel,7,100,3500,True,R013,Central Hub,Metro Area,193.0,810.8,1.66,2,48.8,-1.94,1.07,35.05
V027,Truck,Diesel,10,220,8000,True,R004,Depot C,Zone 3,270.5,1024.6,1.47,3,49.4,2.6,1.23,111.85
V004,Van,Diesel,10,75,1500,True,R022,Central Hub,Metro Area,264.4,1080.1,1.03,2,73.3,-2.85,1.01,29.31
V053,Van,CNG,12,75,1500,True,R003,Depot B,Zone 1,295.9,336.3,1.18,2,66.2,-0.96,1.01,40.29
V012,Van,Petrol,1,75,1500,True,R024,Depot C,Zone 2,98.8,708.7,1.03,1,55.9,-2.83,1.12,11.51
V032,Truck,Diesel,8,220,8000,True,R027,Depot C,Zone 1,69.7,5792.1,1.37,2,42.7,-1.9,1.04,26.47
V060,Light Commercial,Diesel,7,100,3500,True,R022,Central Hub,Metro Area,261.3,722.8,1.26,2,64.8,-2.28,1.0,41.21
V045,Light Commercial,Diesel,9,100,3500,True,R029,Depot A,Port Terminal,32.0,1667.2,1.29,3,41.6,3.99,1.18,8.43
V003,Bus,Hybrid,9,280,6000,True,R029,Depot A,Port Terminal,28.5,1168.4,1.35,3,35.3,3.58,1.27,11.49
V050,Light Commercial,Diesel,2,100,3500,True,R002,Hub North,Metro Area,98.9,1383.8,1.67,3,32.8,2.17,1.09,24.3
V010,Semi-Trailer,Diesel,12,450,26000,True,R011,Central Hub,Port Terminal,312.2,22764.8,1.36,1,52.2,0.91,1.14,195.74
V045,Light Commercial,Diesel,9,100,3500,True,R023,Depot B,Zone 2,268.1,2391.2,1.41,3,52.2,-0.89,1.09,56.33
V038,Light Commercial,Diesel,6,100,3500,True,R011,Central Hub,Port Terminal,311.2,418.7,1.0,1,82.0,0.27,1.08,52.55
V018,Light Commercial,Hybrid,9,100,3500,True,R023,Depot B,Zone 2,267.4,750.1,1.08,3,71.6,-1.2,1.03,30.2
V026,Semi-Trailer,Diesel,7,450,26000,True,R024,Depot C,Zone 2,102.6,9093.4,1.0,1,75.9,-2.16,1.01,40.0
V008,Semi-Trailer,Diesel,1,450,26000,True,R030,Central Hub,Industrial Park,313.5,22391.6,1.83,2,42.4,2.4,1.01,229.61
V060,Light Commercial,Diesel,7,100,3500,True,R010,Hub North,Zone 2,196.2,2572.6,1.0,2,74.6,4.03,1.04,46.5
V015,Van,Diesel,9,75,1500,True,R011,Central Hub,Port Terminal,312.2,937.3,1.0,1,66.4,1.19,1.03,40.0
V019,Semi-Trailer,Diesel,11,450,26000,True,R001,Depot B,Port Terminal,289.2,5972.3,1.33,1,51.5,-2.47,1.03,116.54
V031,Light Commercial,Diesel,6,100,3500,True,R009,Depot A,Industrial Park,89.8,3113.4,1.45,1,37.0,-2.38,1.06,19.95
V041,Bus,Petrol,6,280,6000,True,R009,Depot A,Industrial Park,89.0,4721.5,1.75,1,24.9,-2.05,1.11,54.25
V031,Light Commercial,Diesel,6,100,3500,True,R014,Depot A,Metro Area,53.2,1062.3,1.63,2,30.3,-1.73,1.01,11.18
V031,Light Commercial,Diesel,6,100,3500,True,R013,Central Hub,Metro Area,193.2,1552.9,1.44,2,47.3,-1.28,1.06,36.12
V035,Van,Petrol,9,75,1500,True,R026,Central Hub,Zone 4,112.0,696.2,1.74,3,40.1,-0.15,1.01,20.98
V052,Van,Petrol,2,75,1500,True,R024,Depot C,Zone 2,101.1,899.1,1.14,1,65.6,-2.4,1.14,12.91
V024,Van,Diesel,7,75,1500,True,R022,Central Hub,Metro Area,263.7,627.9,1.0,2,78.7,-2.46,1.06,26.94
V050,Light Commercial,Diesel,2,100,3500,True,R001,Depot B,Port Terminal,287.3,974.8,1.38,1,58.7,-2.58,1.25,44.73
V048,Light Commercial,Petrol,9,100,3500,True,R015,Central Hub,Zone 3,165.3,2334.3,1.8,2,38.8,2.51,1.06,58.01
V058,Truck,Diesel,12,220,8000,True,R022,Central Hub,Metro Area,262.0,5407.4,1.05,2,72.9,-2.01,1.05,84.95
V055,Van,CNG,6,75,1500,True,R008,Depot B,Metro Area,127.5,714.0,1.6,2,41.2,-3.07,1.02,19.88
V048,Light Commercial,Petrol,9,100,3500,True,R013,Central Hub,Metro Area,191.7,1797.8,1.87,2,40.4,-1.96,1.08,48.7
V015,Van,Diesel,9,75,1500,True,R022,Central Hub,Metro Area,266.5,214.6,1.42,2,56.6,-2.96,1.15,29.11
V047,Semi-Trailer,Diesel,6,450,26000,True,R024,Depot C,Zone 2,103.4,12679.8,1.09,1,68.3,-2.35,1.11,41.5
V045,Light Commercial,Diesel,9,100,3500,True,R026,Central Hub,Zone 4,109.5,2731.2,1.55,3,53.6,0.45,1.04,25.13
V018,Light Commercial,Hybrid,9,100,3500,True,R013,Central Hub,Metro Area,194.2,2109.7,1.65,2,48.7,-1.52,1.16,30.22
V041,Bus,Petrol,6,280,6000,True,R012,Depot A,Zone 2,57.2,5295.6,1.18,2,43.4,1.56,1.08,34.87
V016,Van,Petrol,6,75,1500,True,R012,Depot A,Zone 2,53.4,1063.6,1.14,2,42.8,0.87,1.08,8.96
V032,Truck,Diesel,8,220,8000,True,R021,Depot A,Metro Area,275.8,6087.9,1.34,1,53.8,-0.51,1.3,119.52
V048,Light Commercial,Petrol,9,100,3500,True,R013,Central Hub,Metro Area,192.1,1713.8,2.02,2,31.3,-2.31,1.01,53.13
V012,Van,Petrol,1,75,1500,True,R013,Central Hub,Metro Area,193.9,371.1,1.43,2,47.2,-2.16,1.09,23.73
V021,Van,Diesel,10,75,1500,True,R006,Depot C,Zone 1,150.1,1313.0,1.68,2,48.5,4.51,1.09,31.66
V048,Light Commercial,Petrol,9,100,3500,True,R015,Central Hub,Zone 3,162.7,2311.1,2.04,2,42.8,1.37,1.11,55.49
V028,Van,Diesel,4,75,1500,True,R008,Depot B,Metro Area,131.6,1309.6,1.57,2,43.4,-3.22,1.05,17.54
V058,Truck,Diesel,12,220,8000,True,R016,Central Hub,Industrial Park,19.3,4999.2,1.68,1,30.1,0.57,1.15,10.33
V001,Semi-Trailer,Diesel,6,450,26000,True,R027,Depot C,Zone 1,69.8,12644.0,1.34,2,30.9,-2.06,1.31,39.4
V044,Van,CNG,4,75,1500,True,R024,Depot C,Zone 2,101.2,321.8,1.33,1,52.7,-2.49,1.16,12.93
V049,Truck,Diesel,8,220,8000,True,R015,Central Hub,Zone 3,165.7,3504.4,2.1,2,36.8,1.56,1.15,88.43
V056,Semi-Trailer,Diesel,6,450,26000,True,R030,Central Hub,Industrial Park,315.7,15805.9,1.72,2,41.5,3.2,1.03,234.46
V010,Semi-Trailer,Diesel,12,450,26000,True,R030,Central Hub,Industrial Park,315.2,23169.9,1.41,2,45.6,2.52,1.16,236.09
V060,Light Commercial,Diesel,7,100,3500,True,R014,Depot A,Metro Area,53.0,2817.2,1.68,2,36.6,-2.65,1.35,12.02
V024,Van,Diesel,7,75,1500,True,R023,Depot B,Zone 2,267.8,804.3,1.5,3,49.9,-1.24,1.13,36.84
V022,Truck,Diesel,10,220,8000,True,R011,Central Hub,Port Terminal,312.2,3846.3,1.0,1,70.6,0.83,1.05,109.67
V022,Truck,Diesel,10,220,8000,True,R027,Depot C,Zone 1,67.9,1026.3,1.32,2,38.3,-1.67,1.15,23.97
V039,Truck,Diesel,12,220,8000,True,R012,Depot A,Zone 2,52.1,3188.1,1.0,2,49.7,2.34,1.11,21.31
V040,Van,CNG,2,75,1500,True,R008,Depot B,Metro Area,130.6,1401.2,1.45,2,53.5,-3.2,1.02,19.91
V029,Van,Diesel,12,75,1500,True,R005,Hub North,Zone 3,171.8,1094.8,1.93,1,37.4,-1.47,1.01,29.22
V005,Light Commercial,CNG,10,100,3500,True,R026,Central Hub,Zone 4,110.1,1911.1,1.76,3,44.0,0.31,1.2,28.63
V060,Light Commercial,Diesel,7,100,3500,True,R009,Depot A,Industrial Park,88.2,2915.3,1.65,1,34.0,-3.01,1.12,20.53
V014,Light Commercial,Diesel,4,100,3500,True,R025,Hub North,Zone 1,68.8,418.6,1.4,2,30.5,-3.1,1.03,12.04
V006,Semi-Trailer,Diesel,8,450,26000,True,R003,Depot B,Zone 1,294.3,23763.5,1.0,2,72.2,-0.97,1.1,139.94
V036,Van,Diesel,6,75,1500,True,R016,Central Hub,Industrial Park,20.3,1042.1,1.66,1,33.4,0.6,1.14,3.52
V025,Truck,Diesel,11,220,8000,True,R013,Central Hub,Metro Area,195.0,890.5,1.65,2,43.3,-1.95,1.02,62.64
V037,Van,Petrol,6,75,1500,True,R014,Depot A,Metro Area,56.5,1049.6,1.56,2,31.7,-3.03,1.01,9.36
V053,Van,CNG,12,75,1500,True,R006,Depot C,Zone 1,147.2,256.0,1.76,2,40.6,3.86,1.04,31.82
V006,Semi-Trailer,Diesel,8,450,26000,True,R003,Depot B,Zone 1,294.0,16735.1,1.17,2,62.6,-1.97,1.14,134.26
V018,Light Commercial,Hybrid,9,100,3500,True,R011,Central Hub,Port Terminal,311.9,1245.1,1.14,1,63.8,0.33,1.0,41.83
V031,Light Commercial,Diesel,6,100,3500,True,R015,Central Hub,Zone 3,162.3,981.0,1.83,2,36.0,1.64,1.07,40.63
V048,Light Commercial,Petrol,9,100,3500,True,R024,Depot C,Zone 2,102.3,2218.5,1.15,1,67.3,-2.36,1.11,21.41
V037,Van,Petrol,6,75,1500,True,R014,Depot A,Metro Area,53.0,703.4,1.68,2,33.9,-3.17,1.01,8.35
V023,Semi-Trailer,Diesel,7,450,26000,True,R008,Depot B,Metro Area,128.9,4026.0,1.66,2,44.5,-2.99,1.14,56.98
V037,Van,Petrol,6,75,1500,True,R008,Depot B,Metro Area,127.2,1198.5,1.76,2,46.4,-2.54,1.06,21.39
V059,Light Commercial,Diesel,7,100,3500,True,R019,Depot B,Port Terminal,256.3,1141.7,1.63,2,44.2,-2.18,1.06,47.34
V029,Van,Diesel,12,75,1500,True,R014,Depot A,Metro Area,57.5,938.2,1.91,2,24.0,-2.65,1.02,10.45
V054,Light Commercial,Petrol,7,100,3500,True,R028,Central Hub,Zone 4,30.1,2162.8,1.37,1,38.2,-0.39,1.05,7.24
V047,Semi-Trailer,Diesel,6,450,26000,True,R014,Depot A,Metro Area,55.3,3841.2,1.89,2,28.2,-2.82,1.08,28.95
V019,Semi-Trailer,Diesel,11,450,26000,True,R018,Hub North,Port Terminal,154.6,24640.7,1.13,1,65.9,2.92,1.1,105.31
V015,Van,Diesel,9,75,1500,True,R002,Hub North,Metro Area,99.9,720.8,1.52,3,35.5,1.17,1.08,16.1
V047,Semi-Trailer,Diesel,6,450,26000,True,R006,Depot C,Zone 1,148.4,7138.4,1.69,2,39.2,4.8,1.09,102.82
V013,Truck,Hybrid,5,220,8000,True,R026,Central Hub,Zone 4,112.3,3769.9,1.85,3,39.3,0.69,1.03,37.65
V021,Van,Diesel,10,75,1500,True,R011,Central Hub,Port Terminal,308.2,918.9,1.38,1,58.3,0.53,1.01,46.12
V015,Van,Diesel,9,75,1500,True,R013,Central Hub,Metro Area,192.5,153.9,1.42,2,56.7,-1.45,1.04,20.87
V037,Van,Petrol,6,75,1500,True,R018,Hub North,Port Terminal,158.1,532.7,1.31,1,60.8,2.65,1.02,25.24
V018,Light Commercial,Hybrid,9,100,3500,True,R002,Hub North,Metro Area,102.7,1945.6,1.8,3,45.6,1.53,1.04,19.95
V040,Van,CNG,2,75,1500,True,R016,Central Hub,Industrial Park,21.6,1035.5,1.59,1,30.0,1.49,1.05,4.21
V057,Light Commercial,Diesel,6,100,3500,True,R011,Central Hub,Port Terminal,308.0,1282.1,1.13,1,59.3,1.25,1.16,57.01
V050,Light Commercial,Diesel,2,100,3500,True,R005,Hub North,Zone 3,170.6,1551.6,1.86,1,39.3,-1.73,1.0,36.06
V057,Light Commercial,Diesel,6,100,3500,True,R013,Central Hub,Metro Area,190.6,1008.2,1.59,2,49.6,-1.95,1.1,33.35
V002,Truck,Diesel,11,220,8000,True,R014,Depot A,Metro Area,56.1,2792.7,1.76,2,31.6,-2.09,1.21,23.68
V028,Van,Diesel,4,75,1500,True,R006,Depot C,Zone 1,143.6,1026.4,1.54,2,46.6,4.41,1.13,27.79
V014,Light Commercial,Diesel,4,100,3500,True,R017,Hub North,Zone 2,142.1,1353.4,1.27,3,55.2,4.47,1.2,34.54
V056,Semi-Trailer,Diesel,6,450,26000,True,R023,Depot B,Zone 2,268.6,8779.6,1.52,3,45.9,-0.71,1.05,127.41
V043,Truck,Diesel,9,220,8000,True,R009,Depot A,Industrial Park,88.5,2830.2,1.72,1,26.9,-2.74,1.03,36.62
V020,Truck,Diesel,4,220,8000,True,R029,Depot A,Port Terminal,32.1,4966.0,1.16,3,35.5,4.07,1.04,16.6
V034,Van,Diesel,10,75,1500,True,R019,Depot B,Port Terminal,255.5,865.0,1.47,2,49.1,-1.64,1.08,33.26
V037,Van,Petrol,6,75,1500,True,R024,Depot C,Zone 2,99.4,668.8,1.02,1,49.4,-2.76,1.14,12.05
V030,Van,Diesel,11,75,1500,True,R003,Depot B,Zone 1,296.6,956.2,1.03,2,72.1,-2.06,1.01,34.42
V029,Van,Diesel,12,75,1500,True,R024,Depot C,Zone 2,102.0,969.6,1.15,1,63.7,-2.53,1.07,12.45
V004,Van,Diesel,10,75,1500,True,R011,Central Hub,Port Terminal,311.6,166.7,1.14,1,63.0,0.88,1.01,36.26
V028,Van,Diesel,4,75,1500,True,R022,Central Hub,Metro Area,262.4,582.3,1.0,2,72.7,-2.28,1.02,25.78
V021,Van,Diesel,10,75,1500,True,R025,Hub North,Zone 1,68.5,461.5,1.59,2,29.2,-2.77,1.04,9.07
V050,Light Commercial,Diesel,2,100,3500,True,R008,Depot B,Metro Area,127.3,2816.6,1.68,2,47.5,-2.56,1.19,25.02
V052,Van,Petrol,2,75,1500,True,R008,Depot B,Metro Area,130.8,501.2,1.71,2,43.9,-2.57,1.05,18.26
V046,Truck,Diesel,4,220,8000,True,R002,Hub North,Metro Area,104.9,2957.6,1.74,3,55.9,1.89,1.07,43.04
V002,Truck,Diesel,11,220,8000,True,R019,Depot B,Port Terminal,258.7,4457.0,1.44,2,50.6,-1.48,1.07,95.42
V051,Light Commercial,Diesel,8,100,3500,True,R024,Depot C,Zone 2,100.8,1978.5,1.11,1,69.0,-2.08,1.01,16.95
V024,Van,Diesel,7,75,1500,True,R013,Central Hub,Metro Area,188.4,1184.0,1.91,2,38.0,-2.46,1.12,32.11
V025,Truck,Diesel,11,220,8000,True,R005,Hub North,Zone 3,169.6,3437.9,1.66,1,43.9,-1.77,1.03,64.15
V057,Light Commercial,Diesel,6,100,3500,True,R010,Hub North,Zone 2,200.1,1186.5,1.0,2,81.2,3.09,1.04,43.5
V053,Van,CNG,12,75,1500,True,R013,Central Hub,Metro Area,190.7,925.5,1.77,2,46.3,-1.46,1.21,37.05
V004,Van,Diesel,10,75,1500,True,R028,Central Hub,Zone 4,29.4,1078.6,1.38,1,29.3,0.15,1.01,5.07
V022,Truck,Diesel,10,220,8000,True,R004,Depot C,Zone 3,269.1,7549.7,1.14,3,61.8,2.1,1.07,118.95
V045,Light Commercial,Diesel,9,100,3500,True,R011,Central Hub,Port Terminal,313.6,2189.4,1.3,1,57.0,1.14,1.04,68.67
V033,Truck,Diesel,6,220,8000,True,R020,Central Hub,Port Terminal,198.6,4137.0,1.33,2,54.4,-0.17,1.06,69.09
V016,Van,Petrol,6,75,1500,True,R008,Depot B,Metro Area,128.4,319.7,1.46,2,45.3,-2.33,1.08,18.04
V032,Truck,Diesel,8,220,8000,True,R027,Depot C,Zone 1,70.5,7511.1,1.54,2,32.9,-1.41,1.12,33.19
V052,Van,Petrol,2,75,1500,True,R028,Central Hub,Zone 4,29.1,1023.4,1.23,1,33.2,0.07,1.1,4.81
V014,Light Commercial,Diesel,4,100,3500,True,R012,Depot A,Zone 2,54.3,840.9,1.14,2,44.5,2.0,1.02,11.19
V045,Light Commercial,Diesel,9,100,3500,True,R023,Depot B,Zone 2,267.1,1717.5,1.0,3,77.9,-1.57,1.3,46.49
V045,Light Commercial,Diesel,9,100,3500,True,R023,Depot B,Zone 2,266.8,2016.9,1.21,3,65.4,-1.06,1.04,49.7
V054,Light Commercial,Petrol,7,100,3500,True,R021,Depot A,Metro Area,282.8,995.2,1.15,1,64.4,0.34,1.02,57.18
V018,Light Commercial,Hybrid,9,100,3500,True,R006,Depot C,Zone 1,148.4,2529.1,1.88,2,45.9,4.35,1.02,36.43
V013,Truck,Hybrid,5,220,8000,True,R002,Hub North,Metro Area,102.5,5222.3,1.63,3,47.4,2.04,1.0,36.82
V033,Truck,Diesel,6,220,8000,True,R011,Central Hub,Port Terminal,309.8,2389.5,1.37,1,58.0,0.48,1.01,108.53
V032,Truck,Diesel,8,220,8000,True,R004,Depot C,Zone 3,268.9,7530.3,1.24,3,57.8,2.73,1.02,124.68
V025,Truck,Diesel,11,220,8000,True,R009,Depot A,Industrial Park,87.4,7250.9,1.47,1,40.1,-2.95,1.08,37.16
V047,Semi-Trailer,Diesel,6,450,26000,True,R020,Central Hub,Port Terminal,199.5,8468.0,1.39,2,54.1,-0.36,1.15,91.33
V048,Light Commercial,Petrol,9,100,3500,True,R018,Hub North,Port Terminal,158.6,1664.4,1.02,1,79.7,2.86,1.0,41.72
V015,Van,Diesel,9,75,1500,True,R007,Central Hub,Industrial Park,287.6,1290.9,1.03,3,78.5,-0.13,1.1,40.23
V048,Light Commercial,Petrol,9,100,3500,True,R001,Depot B,Port Terminal,291.9,1558.7,1.33,1,57.3,-2.69,1.01,58.07
V014,Light Commercial,Diesel,4,100,3500,True,R007,Central Hub,Industrial Park,289.6,3190.6,1.19,3,64.7,-0.15,1.02,56.62
V025,Truck,Diesel,11,220,8000,True,R014,Depot A,Metro Area,56.8,2162.8,2.02,2,24.0,-2.76,1.35,27.41
V002,Truck,Diesel,11,220,8000,True,R024,Depot C,Zone 2,102.9,5723.4,1.25,1,56.9,-1.79,1.08,37.59
V021,Van,Diesel,10,75,1500,True,R011,Central Hub,Port Terminal,314.0,914.4,1.12,1,69.5,0.04,1.04,36.26
V058,Truck,Diesel,12,220,8000,True,R009,Depot A,Industrial Park,86.3,3154.1,1.78,1,30.3,-2.24,1.14,36.66
V027,Truck,Diesel,10,220,8000,True,R017,Hub North,Zone 2,144.9,5681.0,1.22,3,54.8,5.37,1.0,77.1
V043,Truck,Diesel,9,220,8000,True,R003,Depot B,Zone 1,292.9,964.6,1.0,2,74.7,-1.08,1.31,86.56
V007,Van,Petrol,11,75,1500,True,R007,Central Hub,Industrial Park,286.7,444.4,1.36,3,58.6,0.7,1.01,44.87
V039,Truck,Diesel,12,220,8000,True,R002,Hub North,Metro Area,101.6,2576.8,1.65,3,51.2,2.12,1.03,47.97
V023,Semi-Trailer,Diesel,7,450,26000,True,R016,Central Hub,Industrial Park,24.4,5196.1,1.48,1,36.7,0.39,1.07,12.97
V045,Light Commercial,Diesel,9,100,3500,True,R014,Depot A,Metro Area,53.3,451.0,1.78,2,22.0,-3.14,1.14,10.86
V056,Semi-Trailer,Diesel,6,450,26000,True,R018,Hub North,Port Terminal,156.8,10400.1,1.11,1,63.3,2.79,1.05,82.32
V032,Truck,Diesel,8,220,8000,True,R019,Depot B,Port Terminal,258.1,2284.3,1.47,2,49.7,-1.48,1.11,90.31
V007,Van,Petrol,11,75,1500,True,R012,Depot A,Zone 2,54.9,319.4,1.28,2,44.7,2.36,1.02,9.52
V029,Van,Diesel,12,75,1500,True,R027,Depot C,Zone 1,71.7,350.6,1.3,2,36.1,-1.84,1.02,9.1
V008,Semi-Trailer,Diesel,1,450,26000,True,R028,Central Hub,Zone 4,35.2,20860.5,1.55,1,36.6,-0.43,1.09,19.66
V027,Truck,Diesel,10,220,8000,True,R004,Depot C,Zone 3,268.7,1445.3,1.56,3,45.7,3.03,1.02,123.66
V004,Van,Diesel,10,75,1500,True,R028,Central Hub,Zone 4,28.9,1074.2,1.59,1,33.5,-0.56,1.12,4.81
V039,Truck,Diesel,12,220,8000,True,R006,Depot C,Zone 1,145.8,1166.9,2.02,2,33.3,4.41,1.15,89.77
V019,Semi-Trailer,Diesel,11,450,26000,True,R008,Depot B,Metro Area,128.5,3498.0,1.55,2,47.6,-3.08,1.13,56.55
V013,Truck,Hybrid,5,220,8000,True,R016,Central Hub,Industrial Park,21.2,3807.3,1.32,1,33.3,1.05,1.15,7.08
V002,Truck,Diesel,11,220,8000,True,R001,Depot B,Port Terminal,289.0,3396.6,1.47,1,56.8,-2.3,1.04,99.53
V054,Light Commercial,Petrol,7,100,3500,True,R011,Central Hub,Port Terminal,312.1,1973.6,1.14,1,63.2,0.33,1.02,67.48
V051,Light Commercial,Diesel,8,100,3500,True,R006,Depot C,Zone 1,147.0,2440.4,1.98,2,31.7,4.71,1.14,57.69
V049,Truck,Diesel,8,220,8000,True,R015,Central Hub,Zone 3,167.0,2906.7,1.64,2,39.2,2.21,1.01,79.69
V004,Van,Diesel,10,75,1500,True,R025,Hub North,Zone 1,67.2,397.9,1.51,2,32.8,-2.8,1.04,9.0
V021,Van,Diesel,10,75,1500,True,R028,Central Hub,Zone 4,29.8,1198.2,1.53,1,30.8,-0.93,1.01,4.89
V059,Light Commercial,Diesel,7,100,3500,True,R007,Central Hub,Industrial Park,288.5,841.8,1.32,3,59.6,0.69,1.07,51.86
V035,Van,Petrol,9,75,1500,True,R017,Hub North,Zone 2,144.1,1168.0,1.5,3,48.9,3.87,1.03,32.82
V008,Semi-Trailer,Diesel,1,450,26000,True,R015,Central Hub,Zone 3,165.9,15575.9,1.86,2,44.9,1.84,1.04,106.45
V009,Semi-Trailer,Diesel,1,450,26000,True,R013,Central Hub,Metro Area,192.8,8995.1,1.85,2,39.0,-2.26,1.0,93.79
V016,Van,Petrol,6,75,1500,True,R019,Depot B,Port Terminal,259.6,550.7,1.7,2,48.2,-1.13,1.2,39.52
V059,Light Commercial,Diesel,7,100,3500,True,R030,Central Hub,Industrial Park,312.8,1452.6,1.67,2,41.0,3.23,1.05,86.81
V011,Van,Diesel,6,75,1500,True,R013,Central Hub,Metro Area,193.6,903.6,1.57,2,41.8,-1.44,1.16,26.81
V055,Van,CNG,6,75,1500,True,R002,Hub North,Metro Area,102.2,1399.0,1.86,3,37.0,2.2,1.09,26.22
V041,Bus,Petrol,6,280,6000,True,R028,Central Hub,Zone 4,32.3,2223.2,1.31,1,33.7,-0.62,1.08,15.75
V056,Semi-Trailer,Diesel,6,450,26000,True,R028,Central Hub,Zone 4,27.5,23415.3,1.74,1,23.8,-0.68,1.07,19.49
V050,Light Commercial,Diesel,2,100,3500,True,R010,Hub North,Zone 2,196.4,960.3,1.41,2,54.8,4.2,1.04,43.87
V020,Truck,Diesel,4,220,8000,True,R016,Central Hub,Industrial Park,23.8,1568.1,1.78,1,27.0,0.87,1.02,10.62
V050,Light Commercial,Diesel,2,100,3500,True,R026,Central Hub,Zone 4,108.0,1933.0,1.85,3,41.0,-0.0,1.17,24.65
V011,Van,Diesel,6,75,1500,True,R016,Central Hub,Industrial Park,23.3,1395.0,1.24,1,42.3,1.34,1.02,3.67
V018,Light Commercial,Hybrid,9,100,3500,True,R015,Central Hub,Zone 3,165.6,1792.5,1.65,2,38.6,1.86,1.03,32.96
V013,Truck,Hybrid,5,220,8000,True,R028,Central Hub,Zone 4,29.1,6239.4,1.52,1,35.3,0.09,1.09,10.49
V008,Semi-Trailer,Diesel,1,450,26000,True,R025,Hub North,Zone 1,67.7,13043.3,1.42,2,30.4,-2.97,1.17,33.44
V006,Semi-Trailer,Diesel,8,450,26000,True,R016,Central Hub,Industrial Park,21.0,21385.0,1.51,1,30.7,0.93,1.03,14.71
V012,Van,Petrol,1,75,1500,True,R005,Hub North,Zone 3,171.3,1186.2,1.89,1,32.1,-0.84,1.04,32.4
V008,Semi-Trailer,Diesel,1,450,26000,True,R014,Depot A,Metro Area,54.3,17764.9,1.76,2,31.0,-3.13,1.09,29.36
V023,Semi-Trailer,Diesel,7,450,26000,True,R021,Depot A,Metro Area,278.6,16200.6,1.07,1,63.5,-0.1,1.0,126.51
V005,Light Commercial,CNG,10,100,3500,True,R009,Depot A,Industrial Park,87.4,1891.5,1.84,1,22.3,-2.87,1.02,24.49
V004,Van,Diesel,10,75,1500,True,R017,Hub North,Zone 2,142.4,1369.9,1.61,3,42.2,3.35,1.02,30.85
V060,Light Commercial,Diesel,7,100,3500,True,R020,Central Hub,Port Terminal,198.5,2008.2,1.31,2,56.6,0.15,1.03,38.81
V006,Semi-Trailer,Diesel,8,450,26000,True,R003,Depot B,Zone 1,297.2,10050.8,1.19,2,62.6,-1.88,1.06,116.67
V005,Light Commercial,CNG,10,100,3500,True,R018,Hub North,Port Terminal,157.0,2974.6,1.07,1,73.1,3.14,1.06,45.05
V002,Truck,Diesel,11,220,8000,True,R023,Depot B,Zone 2,267.0,5288.2,1.37,3,54.3,-0.86,1.08,103.31
V008,Semi-Trailer,Diesel,1,450,26000,True,R007,Central Hub,Industrial Park,286.6,14935.6,1.32,3,60.6,0.89,1.01,139.13
V032,Truck,Diesel,8,220,8000,True,R017,Hub North,Zone 2,141.9,5438.8,1.73,3,44.9,4.05,1.1,78.45
V050,Light Commercial,Diesel,2,100,3500,True,R022,Central Hub,Metro Area,261.5,1387.9,1.0,2,71.2,-2.97,1.2,36.68
V045,Light Commercial,Diesel,9,100,3500,True,R002,Hub North,Metro Area,98.4,1602.0,1.7,3,26.8,1.82,1.08,28.02
V035,Van,Petrol,9,75,1500,True,R020,Central Hub,Port Terminal,197.1,399.4,1.29,2,64.2,0.17,1.03,27.08
V006,Semi-Trailer,Diesel,8,450,26000,True,R008,Depot B,Metro Area,129.3,21496.0,1.52,2,54.2,-2.76,1.03,63.76
V047,Semi-Trailer,Diesel,6,450,26000,True,R012,Depot A,Zone 2,56.8,17309.6,1.32,2,41.1,1.64,1.02,32.84
V003,Bus,Hybrid,9,280,6000,True,R020,Central Hub,Port Terminal,196.2,4803.7,1.48,2,54.4,-0.68,1.08,70.7
V038,Light Commercial,Diesel,6,100,3500,True,R001,Depot B,Port Terminal,287.5,1294.2,1.19,1,64.9,-2.3,1.06,47.34
V025,Truck,Diesel,11,220,8000,True,R001,Depot B,Port Terminal,286.2,7569.0,1.6,1,48.3,-2.6,1.01,118.64
V053,Van,CNG,12,75,1500,True,R014,Depot A,Metro Area,54.6,605.4,1.88,2,26.8,-2.54,1.1,10.66
V019,Semi-Trailer,Diesel,11,450,26000,True,R029,Depot A,Port Terminal,32.4,10417.1,1.02,3,55.7,3.8,1.19,20.21
V039,Truck,Diesel,12,220,8000,True,R001,Depot B,Port Terminal,287.6,7332.3,1.36,1,53.1,-2.56,1.01,115.22
V027,Truck,Diesel,10,220,8000,True,R024,Depot C,Zone 2,101.7,5254.4,1.0,1,76.0,-2.15,1.08,32.24
V032,Truck,Diesel,8,220,8000,True,R003,Depot B,Zone 1,296.6,7147.4,1.03,2,66.0,-1.44,1.04,102.75
V057,Light Commercial,Diesel,6,100,3500,True,R015,Central Hub,Zone 3,164.7,2203.8,1.78,2,36.3,2.59,1.0,47.33
V043,Truck,Diesel,9,220,8000,True,R013,Central Hub,Metro Area,191.1,2476.0,1.81,2,48.7,-1.6,1.21,71.64
V025,Truck,Diesel,11,220,8000,True,R015,Central Hub,Zone 3,164.2,3457.0,1.85,2,43.0,2.44,1.35,88.01
V027,Truck,Diesel,10,220,8000,True,R003,Depot B,Zone 1,293.2,6640.6,1.0,2,74.1,-1.99,1.09,99.79
V043,Truck,Diesel,9,220,8000,True,R023,Depot B,Zone 2,267.1,4128.3,1.21,3,62.5,-1.66,1.26,90.26
V021,Van,Diesel,10,75,1500,True,R009,Depot A,Industrial Park,89.3,1053.9,1.67,1,24.5,-2.53,1.13,15.32
V011,Van,Diesel,6,75,1500,True,R024,Depot C,Zone 2,99.7,362.3,1.0,1,48.3,-1.93,1.06,10.57
V029,Van,Diesel,12,75,1500,True,R020,Central Hub,Port Terminal,199.2,659.7,1.11,2,61.6,0.08,1.17,24.59
V005,Light Commercial,CNG,10,100,3500,True,R017,Hub North,Zone 2,142.6,2847.4,1.62,3,45.0,4.71,1.12,54.34
V011,Van,Diesel,6,75,1500,True,R010,Hub North,Zone 2,198.6,1349.8,1.28,2,61.5,2.49,1.07,31.54
V026,Semi-Trailer,Diesel,7,450,26000,True,R020,Central Hub,Port Terminal,200.1,9767.0,1.43,2,54.1,0.3,1.03,98.6
V048,Light Commercial,Petrol,9,100,3500,True,R030,Central Hub,Industrial Park,314.5,863.4,1.56,2,54.4,3.05,1.05,88.22
V047,Semi-Trailer,Diesel,6,450,26000,True,R028,Central Hub,Zone 4,29.5,3117.6,1.5,1,34.6,-1.13,1.02,14.17
V016,Van,Petrol,6,75,1500,True,R028,Central Hub,Zone 4,31.4,312.4,1.26,1,29.7,-0.22,1.01,4.75
V026,Semi-Trailer,Diesel,7,450,26000,True,R007,Central Hub,Industrial Park,286.2,21068.3,1.15,3,72.9,0.72,1.04,152.3
V010,Semi-Trailer,Diesel,12,450,26000,True,R018,Hub North,Port Terminal,155.6,12670.6,1.07,1,67.1,2.93,1.1,93.76
V046,Truck,Diesel,4,220,8000,True,R012,Depot A,Zone 2,50.4,2783.0,1.19,2,42.7,2.32,1.1,19.63
V015,Van,Diesel,9,75,1500,True,R030,Central Hub,Industrial Park,313.7,1139.0,1.43,2,53.0,3.09,1.27,59.01
V048,Light Commercial,Petrol,9,100,3500,True,R029,Depot A,Port Terminal,29.6,2710.5,1.0,3,51.0,3.31,1.02,8.56
V051,Light Commercial,Diesel,8,100,3500,True,R027,Depot C,Zone 1,71.0,1427.4,1.2,2,42.0,-1.67,1.03,12.66
V042,Bus,Hybrid,4,280,6000,True,R005,Hub North,Zone 3,169.1,5197.0,1.94,1,38.8,-2.1,1.02,65.41
V020,Truck,Diesel,4,220,8000,True,R010,Hub North,Zone 2,196.8,3949.2,1.09,2,63.6,3.76,1.17,86.55
V058,Truck,Diesel,12,220,8000,True,R022,Central Hub,Metro Area,264.8,2576.4,1.12,2,77.2,-2.1,1.0,84.33
V042,Bus,Hybrid,4,280,6000,True,R023,Depot B,Zone 2,265.0,5188.8,1.21,3,64.8,-1.52,1.19,80.22
V039,Truck,Diesel,12,220,8000,True,R011,Central Hub,Port Terminal,312.0,1840.1,1.13,1,66.4,0.24,1.06,97.48
V052,Van,Petrol,2,75,1500,True,R005,Hub North,Zone 3,171.3,1419.8,1.84,1,48.1,-1.8,1.17,28.84
V053,Van,CNG,12,75,1500,True,R005,Hub North,Zone 3,172.1,931.9,1.6,1,42.6,-1.63,1.04,30.49
V005,Light Commercial,CNG,10,100,3500,True,R021,Depot A,Metro Area,280.5,3073.2,1.15,1,68.6,0.29,1.07,65.19
V053,Van,CNG,12,75,1500,True,R014,Depot A,Metro Area,56.4,378.0,2.01,2,22.7,-2.69,1.02,11.25
V046,Truck,Diesel,4,220,8000,True,R015,Central Hub,Zone 3,164.1,3446.0,2.04,2,38.5,2.06,1.05,75.13
V013,Truck,Hybrid,5,220,8000,True,R025,Hub North,Zone 1,67.1,6738.1,1.65,2,32.1,-2.64,1.1,22.8
V019,Semi-Trailer,Diesel,11,450,26000,True,R001,Depot B,Port Terminal,287.6,21099.9,1.66,1,36.0,-1.94,1.11,176.82
V046,Truck,Diesel,4,220,8000,True,R023,Depot B,Zone 2,267.5,6728.6,1.0,3,69.3,-1.47,1.04,84.71
V013,Truck,Hybrid,5,220,8000,True,R009,Depot A,Industrial Park,87.0,2707.1,1.57,1,38.2,-1.97,1.07,25.42
V028,Van,Diesel,4,75,1500,True,R028,Central Hub,Zone 4,29.7,937.5,1.42,1,34.1,0.08,1.01,4.36
V042,Bus,Hybrid,4,280,6000,True,R029,Depot A,Port Terminal,30.2,2587.0,1.49,3,41.5,4.52,1.35,12.65
V040,Van,CNG,2,75,1500,True,R016,Central Hub,Industrial Park,22.4,559.0,1.51,1,38.3,0.88,1.04,3.86
V055,Van,CNG,6,75,1500,True,R010,Hub North,Zone 2,196.3,813.2,1.32,2,55.9,3.2,1.12,38.08
V007,Van,Petrol,11,75,1500,True,R007,Central Hub,Industrial Park,284.7,1061.7,1.36,3,54.0,0.26,1.02,48.05
V018,Light Commercial,Hybrid,9,100,3500,True,R006,Depot C,Zone 1,148.5,1892.6,1.81,2,48.0,4.0,1.01,34.93
V060,Light Commercial,Diesel,7,100,3500,True,R030,Central Hub,Industrial Park,315.2,1035.7,1.67,2,53.4,2.92,1.01,75.7
V035,Van,Petrol,9,75,1500,True,R006,Depot C,Zone 1,145.0,1179.6,1.58,2,46.3,4.78,1.08,37.28
V015,Van,Diesel,9,75,1500,True,R014,Depot A,Metro Area,55.6,1396.7,1.38,2,42.3,-1.99,1.03,8.18
V018,Light Commercial,Hybrid,9,100,3500,True,R015,Central Hub,Zone 3,165.6,1429.6,2.0,2,41.6,1.61,1.03,33.98
V021,Van,Diesel,10,75,1500,True,R021,Depot A,Metro Area,280.5,1232.8,1.16,1,69.6,0.11,1.03,38.27
V034,Van,Diesel,10,75,1500,True,R026,Central Hub,Zone 4,111.4,1251.4,1.47,3,51.4,0.5,1.14,17.29
V018,Light Commercial,Hybrid,9,100,3500,True,R017,Hub North,Zone 2,141.4,1125.1,1.6,3,44.3,3.98,1.0,28.75
V038,Light Commercial,Diesel,6,100,3500,True,R023,Depot B,Zone 2,266.6,2448.3,1.23,3,56.6,-0.73,1.02,50.81
V027,Truck,Diesel,10,220,8000,True,R018,Hub North,Port Terminal,158.0,7181.2,1.18,1,58.6,2.93,1.04,77.08
V037,Van,Petrol,6,75,1500,True,R014,Depot A,Metro Area,55.1,1093.3,1.96,2,33.2,-2.45,1.19,10.36
V010,Semi-Trailer,Diesel,12,450,26000,True,R005,Hub North,Zone 3,171.8,3263.5,1.66,1,45.2,-1.31,1.03,84.6
V038,Light Commercial,Diesel,6,100,3500,True,R007,Central Hub,Industrial Park,285.9,2148.4,1.17,3,59.6,0.9,1.02,53.89
V056,Semi-Trailer,Diesel,6,450,26000,True,R013,Central Hub,Metro Area,192.8,19803.8,1.64,2,49.7,-1.66,1.02,100.35
V009,Semi-Trailer,Diesel,1,450,26000,True,R002,Hub North,Metro Area,101.5,16260.8,1.75,3,40.9,1.44,1.02,61.01
V020,Truck,Diesel,4,220,8000,True,R010,Hub North,Zone 2,198.1,995.4,1.0,2,72.4,3.86,1.31,74.74
V042,Bus,Hybrid,4,280,6000,True,R014,Depot A,Metro Area,55.2,1212.9,1.81,2,35.9,-2.41,1.03,16.07
V038,Light Commercial,Diesel,6,100,3500,True,R015,Central Hub,Zone 3,166.5,2734.8,1.95,2,33.1,1.63,1.04,48.42
V041,Bus,Petrol,6,280,6000,True,R025,Hub North,Zone 1,67.4,3089.1,1.65,2,31.2,-2.98,1.01,33.28
V034,Van,Diesel,10,75,1500,True,R030,Central Hub,Industrial Park,315.7,1371.4,1.78,2,39.9,3.06,1.18,71.95
V041,Bus,Petrol,6,280,6000,True,R022,Central Hub,Metro Area,263.0,2716.4,1.26,2,56.5,-2.23,1.18,108.12
V037,Van,Petrol,6,75,1500,True,R003,Depot B,Zone 1,296.1,1197.7,1.0,2,69.1,-2.08,1.02,38.43
V005,Light Commercial,CNG,10,100,3500,True,R013,Central Hub,Metro Area,194.1,455.6,1.93,2,39.1,-1.37,1.13,46.77
V046,Truck,Diesel,4,220,8000,True,R022,Central Hub,Metro Area,263.7,6518.9,1.15,2,61.7,-2.65,1.35,91.26
V027,Truck,Diesel,10,220,8000,True,R018,Hub North,Port Terminal,160.1,6641.6,1.26,1,61.9,2.58,1.01,76.25
V004,Van,Diesel,10,75,1500,True,R014,Depot A,Metro Area,55.7,611.6,1.61,2,30.8,-2.72,1.15,7.5
V025,Truck,Diesel,11,220,8000,True,R014,Depot A,Metro Area,53.7,2904.3,1.53,2,31.5,-2.91,1.01,20.46
V027,Truck,Diesel,10,220,8000,True,R013,Central Hub,Metro Area,191.6,6987.4,1.96,2,34.8,-2.6,1.03,90.49
V006,Semi-Trailer,Diesel,8,450,26000,True,R018,Hub North,Port Terminal,159.3,19787.3,1.0,1,80.7,3.05,1.04,90.55
V060,Light Commercial,Diesel,7,100,3500,True,R006,Depot C,Zone 1,149.1,2128.9,1.71,2,46.7,5.23,1.25,46.32
V014,Light Commercial,Diesel,4,100,3500,True,R016,Central Hub,Industrial Park,21.0,1648.1,1.64,1,27.8,0.29,1.13,5.26
V020,Truck,Diesel,4,220,8000,True,R007,Central Hub,Industrial Park,287.3,7002.2,1.42,3,47.5,0.27,1.09,119.4
V027,Truck,Diesel,10,220,8000,True,R021,Depot A,Metro Area,279.9,5881.1,1.41,1,45.6,0.43,1.04,120.94
V050,Light Commercial,Diesel,2,100,3500,True,R026,Central Hub,Zone 4,111.2,1590.1,1.78,3,46.6,0.52,1.02,23.33
V045,Light Commercial,Diesel,9,100,3500,True,R016,Central Hub,Industrial Park,26.1,1827.7,1.4,1,39.3,1.27,1.09,6.48
V047,Semi-Trailer,Diesel,6,450,26000,True,R012,Depot A,Zone 2,55.6,4775.3,1.26,2,44.0,1.88,1.01,27.09
V015,Van,Diesel,9,75,1500,True,R029,Depot A,Port Terminal,30.7,1183.7,1.24,3,39.9,3.67,1.12,5.77
V051,Light Commercial,Diesel,8,100,3500,True,R020,Central Hub,Port Terminal,200.7,2854.1,1.08,2,72.8,-0.29,1.08,38.99
V050,Light Commercial,Diesel,2,100,3500,True,R013,Central Hub,Metro Area,191.7,1408.0,1.9,2,43.5,-2.85,1.04,34.42
V028,Van,Diesel,4,75,1500,True,R001,Depot B,Port Terminal,289.8,544.8,1.12,1,66.9,-2.84,1.03,27.58
V033,Truck,Diesel,6,220,8000,True,R001,Depot B,Port Terminal,285.8,2515.2,1.65,1,44.2,-2.0,1.35,106.83
V003,Bus,Hybrid,9,280,6000,True,R007,Central Hub,Industrial Park,286.8,1484.6,1.2,3,58.3,1.13,1.0,81.64
V046,Truck,Diesel,4,220,8000,True,R008,Depot B,Metro Area,130.6,7244.9,1.76,2,44.4,-2.18,1.13,55.34
V058,Truck,Diesel,12,220,8000,True,R022,Central Hub,Metro Area,266.5,5961.4,1.18,2,66.0,-2.48,1.01,92.71
V029,Van,Diesel,12,75,1500,True,R016,Central Hub,Industrial Park,21.4,702.6,1.55,1,30.5,0.04,1.03,3.5
V033,Truck,Diesel,6,220,8000,True,R030,Central Hub,Industrial Park,312.5,1549.2,1.74,2,42.0,2.67,1.05,134.88
V030,Van,Diesel,11,75,1500,True,R017,Hub North,Zone 2,143.7,327.8,1.52,3,48.6,4.76,1.21,26.3
V005,Light Commercial,CNG,10,100,3500,True,R028,Central Hub,Zone 4,29.1,2461.6,1.58,1,34.9,0.14,1.02,7.62
V038,Light Commercial,Diesel,6,100,3500,True,R017,Hub North,Zone 2,142.4,954.2,1.86,3,34.9,4.78,1.02,42.67
V044,Van,CNG,4,75,1500,True,R011,Central Hub,Port Terminal,312.7,593.5,1.0,1,70.6,0.42,1.17,43.1
V056,Semi-Trailer,Diesel,6,450,26000,True,R022,Central Hub,Metro Area,263.3,23749.9,1.0,2,70.7,-3.18,1.26,118.34
V056,Semi-Trailer,Diesel,6,450,26000,True,R014,Depot A,Metro Area,52.1,15444.5,1.73,2,28.3,-2.53,1.18,30.48
V030,Van,Diesel,11,75,1500,True,R009,Depot A,Industrial Park,86.5,1180.6,1.64,1,31.8,-2.51,1.03,13.7
V058,Truck,Diesel,12,220,8000,True,R015,Central Hub,Zone 3,164.0,1506.4,1.75,2,38.5,2.43,1.02,77.65
V032,Truck,Diesel,8,220,8000,True,R020,Central Hub,Port Terminal,196.1,3046.6,1.21,2,65.6,-0.11,1.02,63.5
V039,Truck,Diesel,12,220,8000,True,R012,Depot A,Zone 2,54.8,6890.1,1.28,2,44.9,1.93,1.1,27.57
V037,Van,Petrol,6,75,1500,True,R022,Central Hub,Metro Area,262.0,1183.3,1.0,2,76.7,-2.63,1.06,35.02
V060,Light Commercial,Diesel,7,100,3500,True,R030,Central Hub,Industrial Park,316.3,2502.3,1.74,2,47.7,3.08,1.12,91.34
V045,Light Commercial,Diesel,9,100,3500,True,R013,Central Hub,Metro Area,195.4,2097.5,1.79,2,38.3,-1.65,1.02,45.59
V008,Semi-Trailer,Diesel,1,450,26000,True,R009,Depot A,Industrial Park,86.9,8543.6,1.76,1,24.9,-2.81,1.17,45.68
V005,Light Commercial,CNG,10,100,3500,True,R013,Central Hub,Metro Area,192.6,2091.8,1.76,2,44.6,-2.32,1.26,45.66
V025,Truck,Diesel,11,220,8000,True,R026,Central Hub,Zone 4,110.6,1145.2,1.89,3,39.5,1.09,1.1,47.85
V031,Light Commercial,Diesel,6,100,3500,True,R006,Depot C,Zone 1,147.2,951.8,1.77,2,38.8,3.78,1.07,41.27
V041,Bus,Petrol,6,280,6000,True,R030,Central Hub,Industrial Park,316.5,3243.2,1.62,2,52.1,3.58,1.13,195.41
V029,Van,Diesel,12,75,1500,True,R013,Central Hub,Metro Area,191.5,152.5,1.76,2,43.7,-2.66,1.01,23.41
V031,Light Commercial,Diesel,6,100,3500,True,R026,Central Hub,Zone 4,111.6,1040.9,1.84,3,43.6,0.31,1.02,24.05
V056,Semi-Trailer,Diesel,6,450,26000,True,R024,Depot C,Zone 2,100.4,5964.7,1.27,1,56.2,-1.88,1.02,38.66
V021,Van,Diesel,10,75,1500,True,R024,Depot C,Zone 2,103.5,590.5,1.0,1,81.7,-2.27,1.01,10.69
V030,Van,Diesel,11,75,1500,True,R028,Central Hub,Zone 4,25.1,1244.4,1.44,1,34.0,-1.04,1.33,4.12
V034,Van,Diesel,10,75,1500,True,R006,Depot C,Zone 1,147.0,1358.0,1.6,2,50.9,4.61,1.04,30.05
V029,Van,Diesel,12,75,1500,True,R018,Hub North,Port Terminal,157.5,360.4,1.14,1,63.2,2.81,1.11,22.92
V059,Light Commercial,Diesel,7,100,3500,True,R003,Depot B,Zone 1,293.4,1037.4,1.19,2,63.8,-1.75,1.23,48.63
V058,Truck,Diesel,12,220,8000,True,R009,Depot A,Industrial Park,89.8,6558.8,1.67,1,32.2,-2.77,1.08,40.07
V031,Light Commercial,Diesel,6,100,3500,True,R002,Hub North,Metro Area,102.6,863.7,1.52,3,57.3,1.77,1.05,20.39
V028,Van,Diesel,4,75,1500,True,R021,Depot A,Metro Area,277.5,1095.2,1.34,1,54.2,-0.1,1.06,38.06
V036,Van,Diesel,6,75,1500,True,R019,Depot B,Port Terminal,261.1,259.0,1.45,2,52.5,-0.67,1.1,30.8
V011,Van,Diesel,6,75,1500,True,R023,Depot B,Zone 2,264.4,976.6,1.38,3,56.6,-1.12,1.07,33.21
V026,Semi-Trailer,Diesel,7,450,26000,True,R006,Depot C,Zone 1,149.6,8472.0,2.03,2,31.4,4.29,1.01,126.85
V014,Light Commercial,Diesel,4,100,3500,True,R010,Hub North,Zone 2,198.0,2579.9,1.36,2,46.4,3.28,1.17,52.35
V009,Semi-Trailer,Diesel,1,450,26000,True,R021,Depot A,Metro Area,278.8,14078.1,1.28,1,54.4,0.84,1.08,136.17
V006,Semi-Trailer,Diesel,8,450,26000,True,R025,Hub North,Zone 1,67.7,6553.6,1.79,2,31.7,-3.73,1.07,32.6
V036,Van,Diesel,6,75,1500,True,R027,Depot C,Zone 1,70.3,662.8,1.29,2,45.7,-1.47,1.04,8.08
V001,Semi-Trailer,Diesel,6,450,26000,True,R003,Depot B,Zone 1,294.7,13967.2,1.01,2,70.7,-1.76,1.07,115.06
V039,Truck,Diesel,12,220,8000,True,R013,Central Hub,Metro Area,190.8,7572.6,1.59,2,42.3,-2.47,1.02,87.58
V026,Semi-Trailer,Diesel,7,450,26000,True,R001,Depot B,Port Terminal,287.9,13216.0,1.38,1,60.3,-2.71,1.07,122.12
V022,Truck,Diesel,10,220,8000,True,R025,Hub North,Zone 1,67.1,1828.4,1.52,2,30.7,-2.94,1.25,25.09
V047,Semi-Trailer,Diesel,6,450,26000,True,R004,Depot C,Zone 3,266.3,14870.5,1.37,3,53.3,2.62,1.02,159.6
V033,Truck,Diesel,6,220,8000,True,R025,Hub North,Zone 1,67.1,2297.4,1.31,2,44.1,-2.97,1.01,20.21
V045,Light Commercial,Diesel,9,100,3500,True,R005,Hub North,Zone 3,170.4,2966.7,1.73,1,48.5,-0.76,1.11,40.66
V043,Truck,Diesel,9,220,8000,True,R001,Depot B,Port Terminal,287.7,6471.7,1.52,1,53.0,-2.31,1.02,108.36
V002,Truck,Diesel,11,220,8000,True,R027,Depot C,Zone 1,71.0,1674.8,1.35,2,30.3,-2.19,1.16,26.5
V013,Truck,Hybrid,5,220,8000,True,R014,Depot A,Metro Area,55.2,4801.0,1.79,2,23.0,-2.85,1.04,18.39
V035,Van,Petrol,9,75,1500,True,R013,Central Hub,Metro Area,195.2,1038.0,1.73,2,47.9,-2.01,1.04,32.33
V059,Light Commercial,Diesel,7,100,3500,True,R020,Central Hub,Port Terminal,195.6,1098.7,1.16,2,65.7,-0.34,1.17,31.31
V010,Semi-Trailer,Diesel,12,450,26000,True,R009,Depot A,Industrial Park,89.2,16442.9,1.57,1,28.7,-2.46,1.01,50.26
V007,Van,Petrol,11,75,1500,True,R021,Depot A,Metro Area,279.6,739.9,1.24,1,59.1,0.25,1.04,41.19
V057,Light Commercial,Diesel,6,100,3500,True,R013,Central Hub,Metro Area,193.4,1784.2,1.77,2,46.9,-1.21,1.07,41.46
V059,Light Commercial,Diesel,7,100,3500,True,R009,Depot A,Industrial Park,89.6,1990.1,1.74,1,34.8,-2.52,1.18,19.77
V011,Van,Diesel,6,75,1500,True,R012,Depot A,Zone 2,55.0,876.9,1.02,2,48.9,1.46,1.1,7.68
V025,Truck,Diesel,11,220,8000,True,R001,Depot B,Port Terminal,288.6,5626.6,1.45,1,48.8,-1.92,1.01,111.46
V038,Light Commercial,Diesel,6,100,3500,True,R010,Hub North,Zone 2,196.7,1696.0,1.44,2,51.1,4.01,1.0,50.42
V012,Van,Petrol,1,75,1500,True,R018,Hub North,Port Terminal,158.5,1071.4,1.14,1,71.1,2.87,1.04,26.17
V020,Truck,Diesel,4,220,8000,True,R005,Hub North,Zone 3,169.3,4104.4,1.78,1,47.5,-1.55,1.11,63.62
V024,Van,Diesel,7,75,1500,True,R004,Depot C,Zone 3,269.3,995.1,1.15,3,66.2,3.22,1.11,42.83
V039,Truck,Diesel,12,220,8000,True,R020,Central Hub,Port Terminal,198.9,2589.1,1.24,2,58.2,-0.28,1.0,71.79
V019,Semi-Trailer,Diesel,11,450,26000,True,R013,Central Hub,Metro Area,191.5,14571.6,1.69,2,48.7,-2.72,1.07,97.48
V025,Truck,Diesel,11,220,8000,True,R005,Hub North,Zone 3,171.8,3982.4,1.84,1,47.2,-1.22,1.13,73.14
V018,Light Commercial,Hybrid,9,100,3500,True,R023,Depot B,Zone 2,266.3,1249.0,1.25,3,54.0,-0.66,1.01,35.19
V046,Truck,Diesel,4,220,8000,True,R024,Depot C,Zone 2,103.7,1223.7,1.2,1,61.7,-1.69,1.08,27.95
V010,Semi-Trailer,Diesel,12,450,26000,True,R002,Hub North,Metro Area,105.7,13875.2,1.57,3,52.3,1.49,1.01,66.21
V014,Light Commercial,Diesel,4,100,3500,True,R007,Central Hub,Industrial Park,289.3,379.0,1.22,3,61.6,0.74,1.03,50.66
V015,Van,Diesel,9,75,1500,True,R012,Depot A,Zone 2,54.4,647.0,1.46,2,32.4,2.02,1.03,9.51
V055,Van,CNG,6,75,1500,True,R022,Central Hub,Metro Area,265.0,622.6,1.02,2,74.5,-2.63,1.12,31.94
V057,Light Commercial,Diesel,6,100,3500,True,R003,Depot B,Zone 1,295.4,2235.4,1.0,2,76.5,-1.61,1.05,51.01
V031,Light Commercial,Diesel,6,100,3500,True,R025,Hub North,Zone 1,66.9,3287.6,1.27,2,34.7,-3.06,1.11,14.17
V010,Semi-Trailer,Diesel,12,450,26000,True,R010,Hub North,Zone 2,195.9,21561.8,1.16,2,65.2,3.58,1.03,139.55
V046,Truck,Diesel,4,220,8000,True,R004,Depot C,Zone 3,268.0,7430.6,1.44,3,53.5,3.27,1.25,140.78
V030,Van,Diesel,11,75,1500,True,R026,Central Hub,Zone 4,113.2,1362.4,1.66,3,43.1,1.03,1.09,20.51
V051,Light Commercial,Diesel,8,100,3500,True,R003,Depot B,Zone 1,292.0,570.5,1.3,2,54.5,-1.96,1.03,48.39
V022,Truck,Diesel,10,220,8000,True,R004,Depot C,Zone 3,267.0,2717.2,1.3,3,55.6,2.9,1.12,116.58
V060,Light Commercial,Diesel,7,100,3500,True,R029,Depot A,Port Terminal,31.7,1233.5,1.3,3,34.7,3.73,1.02,8.46
V049,Truck,Diesel,8,220,8000,True,R016,Central Hub,Industrial Park,22.7,1282.9,1.45,1,38.0,0.71,1.02,8.77
V014,Light Commercial,Diesel,4,100,3500,True,R014,Depot A,Metro Area,57.1,2868.8,1.68,2,25.9,-3.16,1.01,13.72
V044,Van,CNG,4,75,1500,True,R021,Depot A,Metro Area,277.5,1291.5,1.26,1,60.1,0.14,1.05,45.43
V018,Light Commercial,Hybrid,9,100,3500,True,R019,Depot B,Port Terminal,261.5,2149.8,1.54,2,47.1,-1.45,1.26,41.25
V021,Van,Diesel,10,75,1500,True,R019,Depot B,Port Terminal,255.7,1286.0,1.44,2,49.1,-1.7,1.03,36.74
V016,Van,Petrol,6,75,1500,True,R001,Depot B,Port Terminal,285.3,1060.8,1.53,1,54.4,-2.38,1.06,42.61
V041,Bus,Petrol,6,280,6000,True,R017,Hub North,Zone 2,142.7,2846.8,1.62,3,45.8,4.4,1.11,98.07
V016,Van,Petrol,6,75,1500,True,R009,Depot A,Industrial Park,86.8,341.1,1.5,1,30.7,-1.96,1.05,13.16
V039,Truck,Diesel,12,220,8000,True,R025,Hub North,Zone 1,68.2,7317.8,1.47,2,31.0,-3.24,1.05,29.72
V035,Van,Petrol,9,75,1500,True,R016,Central Hub,Industrial Park,22.5,1032.7,1.48,1,35.1,0.47,1.04,4.33
V046,Truck,Diesel,4,220,8000,True,R004,Depot C,Zone 3,267.8,3208.5,1.23,3,64.3,2.93,1.04,104.58
V060,Light Commercial,Diesel,7,100,3500,True,R027,Depot C,Zone 1,69.1,732.6,1.31,2,43.2,-0.86,1.0,11.56
V001,Semi-Trailer,Diesel,6,450,26000,True,R009,Depot A,Industrial Park,89.1,20257.2,1.63,1,29.9,-2.98,1.08,52.99
V060,Light Commercial,Diesel,7,100,3500,True,R009,Depot A,Industrial Park,88.0,2736.0,1.41,1,34.6,-2.26,1.07,19.34
V007,Van,Petrol,11,75,1500,True,R029,Depot A,Port Terminal,32.5,842.3,1.09,3,46.2,4.36,1.13,6.63
V032,Truck,Diesel,8,220,8000,True,R024,Depot C,Zone 2,101.5,7599.7,1.0,1,75.7,-3.22,1.02,33.53
V021,Van,Diesel,10,75,1500,True,R026,Central Hub,Zone 4,110.6,642.7,1.82,3,38.0,0.7,1.0,18.14
V039,Truck,Diesel,12,220,8000,True,R020,Central Hub,Port Terminal,196.4,7206.0,1.47,2,56.8,0.04,1.02,83.61
V044,Van,CNG,4,75,1500,True,R028,Central Hub,Zone 4,29.7,953.6,1.14,1,43.8,-0.62,1.06,4.55
V052,Van,Petrol,2,75,1500,True,R004,Depot C,Zone 3,266.2,1088.9,1.18,3,65.5,2.71,1.01,47.45
V025,Truck,Diesel,11,220,8000,True,R018,Hub North,Port Terminal,155.6,7036.1,1.11,1,69.1,2.54,1.03,71.79
V056,Semi-Trailer,Diesel,6,450,26000,True,R009,Depot A,Industrial Park,89.3,20968.4,1.5,1,35.0,-2.65,1.07,47.62
V020,Truck,Diesel,4,220,8000,True,R012,Depot A,Zone 2,52.5,2762.9,1.27,2,35.4,1.8,1.02,21.12
V013,Truck,Hybrid,5,220,8000,True,R008,Depot B,Metro Area,131.1,6697.2,1.81,2,41.5,-2.94,1.02,42.23
V023,Semi-Trailer,Diesel,7,450,26000,True,R007,Central Hub,Industrial Park,287.7,14527.6,1.28,3,67.9,0.51,1.01,143.9
V032,Truck,Diesel,8,220,8000,True,R014,Depot A,Metro Area,54.9,1104.8,1.67,2,36.2,-2.03,1.03,20.02
V041,Bus,Petrol,6,280,6000,True,R028,Central Hub,Zone 4,28.4,4036.5,1.12,1,45.1,-1.0,1.03,13.09
V050,Light Commercial,Diesel,2,100,3500,True,R020,Central Hub,Port Terminal,200.0,1836.6,1.47,2,49.5,-0.9,1.11,38.52
V014,Light Commercial,Diesel,4,100,3500,True,R011,Central Hub,Port Terminal,311.4,1946.5,1.47,1,42.1,0.99,1.09,74.2
V019,Semi-Trailer,Diesel,11,450,26000,True,R014,Depot A,Metro Area,54.0,11694.7,2.06,2,22.3,-2.59,1.02,34.25
V057,Light Commercial,Diesel,6,100,3500,True,R016,Central Hub,Industrial Park,22.9,540.7,1.53,1,32.3,0.78,1.06,5.33
V027,Truck,Diesel,10,220,8000,True,R008,Depot B,Metro Area,126.5,2025.5,1.49,2,49.2,-2.78,1.03,41.68
V015,Van,Diesel,9,75,1500,True,R016,Central Hub,Industrial Park,20.1,1114.5,1.69,1,28.7,1.02,1.02,4.21
V060,Light Commercial,Diesel,7,100,3500,True,R021,Depot A,Metro Area,277.9,1046.8,1.23,1,63.4,-0.08,1.07,46.8
V027,Truck,Diesel,10,220,8000,True,R008,Depot B,Metro Area,129.5,5068.5,1.72,2,39.6,-2.54,1.02,53.23
V060,Light Commercial,Diesel,7,100,3500,True,R018,Hub North,Port Terminal,157.6,1962.0,1.11,1,68.9,2.4,1.04,33.96
V056,Semi-Trailer,Diesel,6,450,26000,True,R022,Central Hub,Metro Area,265.7,7492.9,1.11,2,66.9,-2.78,1.21,103.53
V055,Van,CNG,6,75,1500,True,R016,Central Hub,Industrial Park,21.2,507.7,1.71,1,25.6,0.05,1.06,4.17
V035,Van,Petrol,9,75,1500,True,R009,Depot A,Industrial Park,89.4,639.0,1.87,1,33.4,-2.05,1.07,16.01
V048,Light Commercial,Petrol,9,100,3500,True,R017,Hub North,Zone 2,142.6,2968.6,1.45,3,54.7,4.16,1.04,49.13
V058,Truck,Diesel,12,220,8000,True,R024,Depot C,Zone 2,100.4,7200.9,1.0,1,71.7,-2.0,1.06,35.2
V017,Light Commercial,Hybrid,8,100,3500,True,R007,Central Hub,Industrial Park,288.1,1500.6,1.0,3,77.1,0.84,1.11,39.45
V003,Bus,Hybrid,9,280,6000,True,R018,Hub North,Port Terminal,157.5,835.4,1.01,1,68.8,3.0,1.14,48.92
V020,Truck,Diesel,4,220,8000,True,R021,Depot A,Metro Area,278.7,4886.1,1.09,1,66.4,0.13,1.01,90.3
V039,Truck,Diesel,12,220,8000,True,R010,Hub North,Zone 2,197.9,3639.5,1.27,2,64.2,3.66,1.01,89.84
V033,Truck,Diesel,6,220,8000,True,R012,Depot A,Zone 2,55.0,4147.7,1.1,2,46.9,1.54,1.02,20.1
V005,Light Commercial,CNG,10,100,3500,True,R027,Depot C,Zone 1,70.2,1664.8,1.22,2,42.2,-2.08,1.0,14.45
V034,Van,Diesel,10,75,1500,True,R011,Central Hub,Port Terminal,310.8,984.6,1.29,1,62.0,0.47,1.1,42.65
V011,Van,Diesel,6,75,1500,True,R018,Hub North,Port Terminal,155.6,538.2,1.12,1,69.4,2.51,1.05,20.95
V031,Light Commercial,Diesel,6,100,3500,True,R005,Hub North,Zone 3,172.2,3005.6,1.78,1,41.0,-0.88,1.07,40.51
V035,Van,Petrol,9,75,1500,True,R028,Central Hub,Zone 4,28.8,687.1,1.72,1,32.8,-0.36,1.06,5.37
V039,Truck,Diesel,12,220,8000,True,R018,Hub North,Port Terminal,156.1,3123.3,1.17,1,57.3,2.49,1.35,68.81
V025,Truck,Diesel,11,220,8000,True,R023,Depot B,Zone 2,266.1,7076.0,1.11,3,65.0,-1.13,1.09,96.63
V025,Truck,Diesel,11,220,8000,True,R019,Depot B,Port Terminal,259.1,3235.4,1.41,2,52.6,-1.59,1.05,87.7
V041,Bus,Petrol,6,280,6000,True,R011,Central Hub,Port Terminal,311.7,1023.7,1.29,1,60.4,0.48,1.23,136.82
V045,Light Commercial,Diesel,9,100,3500,True,R011,Central Hub,Port Terminal,310.6,812.1,1.2,1,61.2,0.62,1.05,57.57
V049,Truck,Diesel,8,220,8000,True,R022,Central Hub,Metro Area,263.2,5657.2,1.0,2,67.9,-2.63,1.12,83.15
V021,Van,Diesel,10,75,1500,True,R026,Central Hub,Zone 4,113.0,867.0,1.88,3,32.1,-0.02,1.03,19.64
V026,Semi-Trailer,Diesel,7,450,26000,True,R004,Depot C,Zone 3,264.5,14415.0,1.49,3,50.1,2.11,1.18,159.48
V020,Truck,Diesel,4,220,8000,True,R026,Central Hub,Zone 4,113.2,1357.5,1.93,3,37.0,0.39,1.04,45.37
V032,Truck,Diesel,8,220,8000,True,R025,Hub North,Zone 1,65.5,1915.7,1.75,2,24.9,-2.85,1.03,25.94
V008,Semi-Trailer,Diesel,1,450,26000,True,R004,Depot C,Zone 3,266.0,11356.3,1.61,3,42.3,2.83,1.13,155.95
V026,Semi-Trailer,Diesel,7,450,26000,True,R004,Depot C,Zone 3,267.3,12500.9,1.56,3,48.6,3.46,1.0,169.46
V012,Van,Petrol,1,75,1500,True,R021,Depot A,Metro Area,282.9,630.1,1.3,1,62.9,0.11,1.06,39.49
V032,Truck,Diesel,8,220,8000,True,R026,Central Hub,Zone 4,114.5,4218.7,1.72,3,44.2,1.08,1.17,53.02
V052,Van,Petrol,2,75,1500,True,R012,Depot A,Zone 2,56.3,1085.3,1.0,2,55.3,2.38,1.11,9.55
V060,Light Commercial,Diesel,7,100,3500,True,R020,Central Hub,Port Terminal,199.4,2241.2,1.35,2,54.0,0.22,1.04,42.09
V027,Truck,Diesel,10,220,8000,True,R030,Central Hub,Industrial Park,311.0,4956.7,1.75,2,44.7,2.44,1.1,161.84
V004,Van,Diesel,10,75,1500,True,R010,Hub North,Zone 2,198.0,861.2,1.22,2,67.1,3.51,1.21,32.83
V014,Light Commercial,Diesel,4,100,3500,True,R007,Central Hub,Industrial Park,286.7,947.8,1.02,3,73.1,1.14,1.05,50.67
V007,Van,Petrol,11,75,1500,True,R030,Central Hub,Industrial Park,312.6,920.9,1.63,2,46.2,3.03,1.04,70.51
V046,Truck,Diesel,4,220,8000,True,R009,Depot A,Industrial Park,88.7,1877.5,1.81,1,26.2,-2.3,1.01,35.41
V060,Light Commercial,Diesel,7,100,3500,True,R015,Central Hub,Zone 3,163.3,2470.9,1.66,2,47.7,1.24,1.01,40.37
V034,Van,Diesel,10,75,1500,True,R014,Depot A,Metro Area,56.3,726.7,1.81,2,31.2,-1.74,1.19,9.17
V011,Van,Diesel,6,75,1500,True,R016,Central Hub,Industrial Park,19.7,891.4,1.62,1,32.2,0.62,1.1,3.3
V002,Truck,Diesel,11,220,8000,True,R009,Depot A,Industrial Park,88.6,6667.0,1.88,1,25.7,-3.32,1.04,43.3
V059,Light Commercial,Diesel,7,100,3500,True,R021,Depot A,Metro Area,278.3,1460.0,1.51,1,43.8,-0.01,1.12,56.73
V019,Semi-Trailer,Diesel,11,450,26000,True,R021,Depot A,Metro Area,279.0,4804.8,1.19,1,62.7,-0.85,1.04,116.87
V007,Van,Petrol,11,75,1500,True,R007,Central Hub,Industrial Park,288.0,1286.5,1.33,3,55.7,0.22,1.0,49.78
V011,Van,Diesel,6,75,1500,True,R015,Central Hub,Zone 3,162.3,615.4,1.84,2,41.7,2.82,1.18,29.41
V016,Van,Petrol,6,75,1500,True,R002,Hub North,Metro Area,101.0,668.3,1.73,3,43.9,1.63,1.05,19.55
V040,Van,CNG,2,75,1500,True,R007,Central Hub,Industrial Park,287.2,527.4,1.38,3,60.6,0.08,1.05,38.44
V054,Light Commercial,Petrol,7,100,3500,True,R030,Central Hub,Industrial Park,312.8,1600.0,1.88,2,37.0,2.93,1.11,106.37
V017,Light Commercial,Hybrid,8,100,3500,True,R016,Central Hub,Industrial Park,21.9,1899.9,1.21,1,35.0,0.58,1.05,3.51
V042,Bus,Hybrid,4,280,6000,True,R019,Depot B,Port Terminal,257.8,4900.9,1.53,2,44.4,-1.29,1.0,82.43
V004,Van,Diesel,10,75,1500,True,R027,Depot C,Zone 1,69.2,1068.2,1.32,2,35.3,-1.97,1.01,9.71
V001,Semi-Trailer,Diesel,6,450,26000,True,R022,Central Hub,Metro Area,264.1,13943.5,1.06,2,74.8,-2.55,1.04,108.2
V004,Van,Diesel,10,75,1500,True,R024,Depot C,Zone 2,101.4,1123.9,1.0,1,69.8,-2.73,1.2,11.07
V056,Semi-Trailer,Diesel,6,450,26000,True,R022,Central Hub,Metro Area,263.2,21336.2,1.09,2,64.1,-1.62,1.07,120.31
V035,Van,Petrol,9,75,1500,True,R015,Central Hub,Zone 3,166.4,224.1,1.7,2,45.7,2.0,1.03,29.79
V049,Truck,Diesel,8,220,8000,True,R019,Depot B,Port Terminal,258.6,4827.2,1.72,2,47.0,-1.7,1.01,98.04
V002,Truck,Diesel,11,220,8000,True,R009,Depot A,Industrial Park,87.9,1094.2,1.77,1,22.1,-2.64,1.09,36.81
V002,Truck,Diesel,11,220,8000,True,R027,Depot C,Zone 1,70.6,2895.2,1.13,2,37.1,-1.83,1.06,23.47
V051,Light Commercial,Diesel,8,100,3500,True,R006,Depot C,Zone 1,146.2,2618.2,1.45,2,48.5,4.14,1.13,42.71
V007,Van,Petrol,11,75,1500,True,R027,Depot C,Zone 1,69.7,1158.9,1.34,2,40.0,-1.93,1.04,11.27
V010,Semi-Trailer,Diesel,12,450,26000,True,R027,Depot C,Zone 1,69.9,22132.6,1.35,2,37.5,-0.94,1.14,45.06
V032,Truck,Diesel,8,220,8000,True,R005,Hub North,Zone 3,170.2,4188.0,1.77,1,39.4,-1.67,1.05,71.04
V037,Van,Petrol,6,75,1500,True,R022,Central Hub,Metro Area,264.7,257.3,1.19,2,66.0,-3.51,1.01,28.84
V014,Light Commercial,Diesel,4,100,3500,True,R030,Central Hub,Industrial Park,313.0,727.2,1.62,2,46.9,2.45,1.09,68.13
V027,Truck,Diesel,10,220,8000,True,R018,Hub North,Port Terminal,157.1,2461.3,1.22,1,61.0,3.15,1.09,64.44
V041,Bus,Petrol,6,280,6000,True,R011,Central Hub,Port Terminal,310.5,2498.1,1.32,1,50.4,0.41,1.1,144.78
V027,Truck,Diesel,10,220,8000,True,R027,Depot C,Zone 1,74.8,4380.6,1.0,2,46.7,-1.66,1.14,25.21
V023,Semi-Trailer,Diesel,7,450,26000,True,R016,Central Hub,Industrial Park,21.6,16875.2,1.35,1,44.8,1.41,1.05,12.84
V005,Light Commercial,CNG,10,100,3500,True,R004,Depot C,Zone 3,265.0,833.4,1.6,3,45.4,2.66,1.11,73.26
V028,Van,Diesel,4,75,1500,True,R008,Depot B,Metro Area,126.6,390.9,1.79,2,38.1,-2.49,1.07,16.21
V049,Truck,Diesel,8,220,8000,True,R021,Depot A,Metro Area,280.7,1976.3,1.06,1,69.2,-0.14,1.11,85.7
V038,Light Commercial,Diesel,6,100,3500,True,R014,Depot A,Metro Area,57.0,2595.9,1.55,2,32.6,-2.28,1.02,12.78
V054,Light Commercial,Petrol,7,100,3500,True,R007,Central Hub,Industrial Park,286.5,1248.7,1.33,3,59.9,0.49,1.15,61.8
V008,Semi-Trailer,Diesel,1,450,26000,True,R024,Depot C,Zone 2,103.7,6284.3,1.0,1,77.5,-2.37,1.01,34.77
V001,Semi-Trailer,Diesel,6,450,26000,True,R004,Depot C,Zone 3,269.2,12133.4,1.25,3,57.2,3.3,1.04,163.24
V033,Truck,Diesel,6,220,8000,True,R007,Central Hub,Industrial Park,287.2,2483.1,1.29,3,63.1,0.95,1.0,100.26
V011,Van,Diesel,6,75,1500,True,R014,Depot A,Metro Area,54.6,620.9,1.78,2,31.4,-2.58,1.06,8.2
V036,Van,Diesel,6,75,1500,True,R002,Hub North,Metro Area,101.1,1200.6,1.8,3,39.9,1.59,1.08,18.77
V055,Van,CNG,6,75,1500,True,R012,Depot A,Zone 2,56.5,575.7,1.43,2,34.6,2.56,1.02,12.13
V021,Van,Diesel,10,75,1500,True,R028,Central Hub,Zone 4,30.6,372.9,1.4,1,38.2,-0.27,1.03,4.11
V033,Truck,Diesel,6,220,8000,True,R029,Depot A,Port Terminal,29.8,2380.7,1.0,3,54.3,3.74,1.1,12.06
V041,Bus,Petrol,6,280,6000,True,R027,Depot C,Zone 1,70.1,775.2,1.31,2,32.1,-1.87,1.02,29.94
V010,Semi-Trailer,Diesel,12,450,26000,True,R010,Hub North,Zone 2,200.8,22515.0,1.45,2,51.8,3.91,1.22,158.1
V054,Light Commercial,Petrol,7,100,3500,True,R002,Hub North,Metro Area,101.2,2423.5,1.57,3,47.7,1.83,1.12,29.52
V013,Truck,Hybrid,5,220,8000,True,R025,Hub North,Zone 1,69.6,3950.9,1.65,2,28.1,-3.14,1.03,20.78
V049,Truck,Diesel,8,220,8000,True,R012,Depot A,Zone 2,56.0,4613.9,1.02,2,46.5,1.97,1.03,23.15
V040,Van,CNG,2,75,1500,True,R023,Depot B,Zone 2,266.9,474.0,1.17,3,68.1,-0.88,1.05,33.42
V009,Semi-Trailer,Diesel,1,450,26000,True,R004,Depot C,Zone 3,268.3,11521.5,1.13,3,68.8,2.95,1.04,139.33
V044,Van,CNG,4,75,1500,True,R021,Depot A,Metro Area,280.9,557.8,1.25,1,68.3,0.61,1.01,41.48
V012,Van,Petrol,1,75,1500,True,R018,Hub North,Port Terminal,158.7,1201.3,1.04,1,69.7,3.28,1.01,28.5
V036,Van,Diesel,6,75,1500,True,R028,Central Hub,Zone 4,30.4,1097.9,1.56,1,32.6,-0.3,1.18,5.07
V058,Truck,Diesel,12,220,8000,True,R004,Depot C,Zone 3,267.1,2730.4,1.57,3,49.1,3.52,1.02,124.49
V058,Truck,Diesel,12,220,8000,True,R013,Central Hub,Metro Area,192.8,5983.3,1.63,2,49.5,-1.9,1.09,78.7
V053,Van,CNG,12,75,1500,True,R030,Central Hub,Industrial Park,313.7,269.8,1.37,2,60.2,3.2,1.05,56.98
V030,Van,Diesel,11,75,1500,True,R012,Depot A,Zone 2,54.7,408.3,1.12,2,45.0,2.32,1.1,7.98
V034,Van,Diesel,10,75,1500,True,R020,Central Hub,Port Terminal,202.9,285.6,1.39,2,49.4,0.21,1.11,26.96
V019,Semi-Trailer,Diesel,11,450,26000,True,R005,Hub North,Zone 3,169.8,7865.2,1.83,1,38.1,-1.08,1.08,98.89
V056,Semi-Trailer,Diesel,6,450,26000,True,R022,Central Hub,Metro Area,265.5,7598.9,1.08,2,70.2,-2.41,1.18,101.07
V029,Van,Diesel,12,75,1500,True,R009,Depot A,Industrial Park,87.2,1298.2,1.93,1,30.4,-1.74,1.0,17.38
V047,Semi-Trailer,Diesel,6,450,26000,True,R018,Hub North,Port Terminal,157.8,9835.3,1.08,1,63.6,2.56,1.08,79.54
V022,Truck,Diesel,10,220,8000,True,R027,Depot C,Zone 1,74.3,3215.5,1.23,2,35.8,-1.67,1.02,26.44
V045,Light Commercial,Diesel,9,100,3500,True,R020,Central Hub,Port Terminal,197.5,646.8,1.23,2,63.8,-0.29,1.08,32.44
V014,Light Commercial,Diesel,4,100,3500,True,R015,Central Hub,Zone 3,162.9,546.3,1.55,2,43.3,1.65,1.03,32.33
V045,Light Commercial,Diesel,9,100,3500,True,R006,Depot C,Zone 1,147.7,1002.7,1.81,2,37.0,3.64,1.07,41.36
V003,Bus,Hybrid,9,280,6000,True,R011,Central Hub,Port Terminal,310.1,1286.2,1.21,1,66.7,1.06,1.11,92.85
V007,Van,Petrol,11,75,1500,True,R026,Central Hub,Zone 4,113.3,589.4,1.59,3,46.3,0.13,1.04,19.51
V022,Truck,Diesel,10,220,8000,True,R007,Central Hub,Industrial Park,286.7,2065.1,1.29,3,56.8,0.72,1.0,98.2
V029,Van,Diesel,12,75,1500,True,R020,Central Hub,Port Terminal,199.9,377.2,1.33,2,61.9,-0.77,1.03,23.9
V043,Truck,Diesel,9,220,8000,True,R015,Central Hub,Zone 3,162.0,5203.2,1.72,2,39.4,2.05,1.13,87.44
V022,Truck,Diesel,10,220,8000,True,R010,Hub North,Zone 2,195.1,7206.3,1.09,2,63.7,3.19,1.03,86.09
V002,Truck,Diesel,11,220,8000,True,R022,Central Hub,Metro Area,263.8,884.9,1.16,2,71.1,-3.11,1.25,77.93
V020,Truck,Diesel,4,220,8000,True,R011,Central Hub,Port Terminal,309.0,5597.8,1.14,1,66.9,0.59,1.16,115.56
V027,Truck,Diesel,10,220,8000,True,R009,Depot A,Industrial Park,90.8,5282.5,1.62,1,33.6,-2.8,1.06,38.73
V033,Truck,Diesel,6,220,8000,True,R016,Central Hub,Industrial Park,20.3,4778.4,1.43,1,33.7,0.71,1.16,9.45
V039,Truck,Diesel,12,220,8000,True,R023,Depot B,Zone 2,264.9,5507.6,1.15,3,64.8,-0.95,1.02,88.74
V015,Van,Diesel,9,75,1500,True,R026,Central Hub,Zone 4,112.6,798.6,1.89,3,36.9,0.86,1.2,20.26
V037,Van,Petrol,6,75,1500,True,R019,Depot B,Port Terminal,257.1,1331.8,1.5,2,51.2,-1.97,1.04,42.76
V038,Light Commercial,Diesel,6,100,3500,True,R020,Central Hub,Port Terminal,196.6,820.7,1.31,2,60.4,-0.6,1.15,33.53
V047,Semi-Trailer,Diesel,6,450,26000,True,R024,Depot C,Zone 2,104.9,13065.5,1.19,1,64.0,-2.26,1.09,44.54
V032,Truck,Diesel,8,220,8000,True,R009,Depot A,Industrial Park,87.0,5240.7,1.91,1,30.4,-2.3,1.0,41.16
V049,Truck,Diesel,8,220,8000,True,R008,Depot B,Metro Area,128.7,6979.2,1.72,2,46.2,-2.15,1.14,55.56
V014,Light Commercial,Diesel,4,100,3500,True,R015,Central Hub,Zone 3,163.7,1800.1,1.85,2,36.4,1.37,1.13,42.39
V043,Truck,Diesel,9,220,8000,True,R019,Depot B,Port Terminal,259.1,7443.6,1.57,2,47.3,-1.77,1.06,110.0
V003,Bus,Hybrid,9,280,6000,True,R020,Central Hub,Port Terminal,199.6,3948.1,1.33,2,54.8,0.27,1.07,62.05
V007,Van,Petrol,11,75,1500,True,R005,Hub North,Zone 3,170.9,1041.5,1.83,1,44.1,-0.66,1.0,32.75
V052,Van,Petrol,2,75,1500,True,R024,Depot C,Zone 2,101.3,1193.2,1.07,1,72.2,-2.67,1.09,13.24
V029,Van,Diesel,12,75,1500,True,R011,Central Hub,Port Terminal,311.1,1085.7,1.0,1,75.5,0.21,1.1,42.28
V038,Light Commercial,Diesel,6,100,3500,True,R027,Depot C,Zone 1,71.5,1904.8,1.3,2,42.5,-1.46,1.02,14.05
V037,Van,Petrol,6,75,1500,True,R022,Central Hub,Metro Area,262.3,1135.1,1.15,2,57.6,-2.89,1.05,35.26
V042,Bus,Hybrid,4,280,6000,True,R030,Central Hub,Industrial Park,316.8,782.2,1.63,2,43.7,2.62,1.01,110.14
V015,Van,Diesel,9,75,1500,True,R019,Depot B,Port Terminal,256.9,1339.3,1.63,2,44.1,-1.54,1.04,41.95
V011,Van,Diesel,6,75,1500,True,R016,Central Hub,Industrial Park,22.6,1199.5,1.45,1,35.4,1.56,1.2,3.97
V003,Bus,Hybrid,9,280,6000,True,R006,Depot C,Zone 1,146.0,3852.1,1.49,2,52.4,3.92,1.1,66.28
V052,Van,Petrol,2,75,1500,True,R012,Depot A,Zone 2,53.3,237.7,1.05,2,47.8,2.52,1.04,7.95
V014,Light Commercial,Diesel,4,100,3500,True,R026,Central Hub,Zone 4,110.7,1227.4,1.52,3,44.1,0.31,1.35,23.69
V035,Van,Petrol,9,75,1500,True,R012,Depot A,Zone 2,53.7,473.4,1.2,2,43.3,2.06,1.34,9.41
V028,Van,Diesel,4,75,1500,True,R002,Hub North,Metro Area,100.2,477.7,1.52,3,49.9,2.42,1.01,14.86
V010,Semi-Trailer,Diesel,12,450,26000,True,R008,Depot B,Metro Area,127.5,17453.5,1.8,2,35.8,-2.61,1.08,74.72
V025,Truck,Diesel,11,220,8000,True,R018,Hub North,Port Terminal,158.6,6757.7,1.2,1,61.1,2.66,1.22,75.08
V005,Light Commercial,CNG,10,100,3500,True,R019,Depot B,Port Terminal,256.8,2377.8,1.33,2,57.8,-1.35,1.13,56.91
V011,Van,Diesel,6,75,1500,True,R030,Central Hub,Industrial Park,312.5,645.7,1.55,2,55.0,2.85,1.13,48.93
V009,Semi-Trailer,Diesel,1,450,26000,True,R029,Depot A,Port Terminal,30.2,24020.1,1.21,3,37.0,4.11,1.08,21.41
V050,Light Commercial,Diesel,2,100,3500,True,R016,Central Hub,Industrial Park,24.1,2916.2,1.71,1,32.5,0.86,1.17,6.3
V035,Van,Petrol,9,75,1500,True,R017,Hub North,Zone 2,143.1,1023.9,1.23,3,56.8,4.57,1.01,30.39
V056,Semi-Trailer,Diesel,6,450,26000,True,R025,Hub North,Zone 1,68.2,11384.0,1.56,2,26.9,-3.63,1.02,36.3
V027,Truck,Diesel,10,220,8000,True,R002,Hub North,Metro Area,98.7,5450.0,1.3,3,33.6,1.37,1.01,50.14
V013,Truck,Hybrid,5,220,8000,True,R018,Hub North,Port Terminal,155.9,3574.4,1.0,1,77.4,2.22,1.12,43.84
V037,Van,Petrol,6,75,1500,True,R015,Central Hub,Zone 3,162.1,347.9,1.97,2,38.5,1.78,1.07,30.98
V056,Semi-Trailer,Diesel,6,450,26000,True,R024,Depot C,Zone 2,103.8,16276.2,1.59,1,45.9,-2.88,1.11,50.87
V032,Truck,Diesel,8,220,8000,True,R025,Hub North,Zone 1,69.1,5547.1,1.48,2,35.5,-3.35,1.01,26.85
V002,Truck,Diesel,11,220,8000,True,R020,Central Hub,Port Terminal,197.6,3175.3,1.16,2,64.7,-0.64,1.0,64.74
V019,Semi-Trailer,Diesel,11,450,26000,True,R020,Central Hub,Port Terminal,198.1,23137.7,1.27,2,59.4,0.39,1.04,115.6
V056,Semi-Trailer,Diesel,6,450,26000,True,R021,Depot A,Metro Area,278.4,21479.1,1.26,1,58.3,-0.27,1.2,146.76
V032,Truck,Diesel,8,220,8000,True,R018,Hub North,Port Terminal,156.3,4763.4,1.0,1,70.9,2.27,1.16,59.21
V058,Truck,Diesel,12,220,8000,True,R007,Central Hub,Industrial Park,288.2,1209.6,1.16,3,71.3,0.75,1.19,99.61
V031,Light Commercial,Diesel,6,100,3500,True,R009,Depot A,Industrial Park,88.1,401.2,1.65,1,36.0,-1.85,1.02,15.82
V001,Semi-Trailer,Diesel,6,450,26000,True,R023,Depot B,Zone 2,269.6,16741.5,1.23,3,67.4,-1.07,1.23,125.29
V053,Van,CNG,12,75,1500,True,R019,Depot B,Port Terminal,259.9,1187.6,1.44,2,49.8,-1.66,1.1,44.81
V046,Truck,Diesel,4,220,8000,True,R008,Depot B,Metro Area,131.0,4202.4,1.52,2,46.7,-2.22,1.12,46.46
V043,Truck,Diesel,9,220,8000,True,R027,Depot C,Zone 1,71.4,959.7,1.15,2,41.8,-1.26,1.35,23.25
V059,Light Commercial,Diesel,7,100,3500,True,R030,Central Hub,Industrial Park,313.2,780.9,1.61,2,50.9,3.09,1.23,75.08
V012,Van,Petrol,1,75,1500,True,R019,Depot B,Port Terminal,258.9,419.3,1.32,2,56.8,-1.87,1.03,32.94
V055,Van,CNG,6,75,1500,True,R007,Central Hub,Industrial Park,287.0,950.4,1.19,3,60.6,0.83,1.15,45.51
V014,Light Commercial,Diesel,4,100,3500,True,R029,Depot A,Port Terminal,33.2,1796.0,1.23,3,42.2,3.36,1.06,8.13
V059,Light Commercial,Diesel,7,100,3500,True,R008,Depot B,Metro Area,129.6,654.1,1.62,2,43.5,-2.99,1.02,22.9
V012,Van,Petrol,1,75,1500,True,R013,Central Hub,Metro Area,192.6,789.6,1.43,2,47.1,-1.33,1.18,27.87
V034,Van,Diesel,10,75,1500,True,R026,Central Hub,Zone 4,112.2,1258.6,1.9,3,39.9,1.06,1.01,21.19
V048,Light Commercial,Petrol,9,100,3500,True,R016,Central Hub,Industrial Park,25.2,1656.4,1.62,1,28.8,1.11,1.17,7.68
V005,Light Commercial,CNG,10,100,3500,True,R008,Depot B,Metro Area,126.8,795.5,1.44,2,51.9,-3.51,1.35,24.52
V005,Light Commercial,CNG,10,100,3500,True,R003,Depot B,Zone 1,297.2,2069.6,1.03,2,62.4,-2.14,1.01,57.51
V051,Light Commercial,Diesel,8,100,3500,True,R011,Central Hub,Port Terminal,311.1,3114.9,1.05,1,67.8,0.24,1.03,62.83
V004,Van,Diesel,10,75,1500,True,R021,Depot A,Metro Area,277.5,297.8,1.35,1,55.3,0.06,1.14,32.93
V037,Van,Petrol,6,75,1500,True,R022,Central Hub,Metro Area,263.0,349.4,1.04,2,65.8,-3.16,1.07,28.71
V057,Light Commercial,Diesel,6,100,3500,True,R007,Central Hub,Industrial Park,285.0,2036.4,1.29,3,52.3,0.55,1.01,60.1
V037,Van,Petrol,6,75,1500,True,R005,Hub North,Zone 3,173.1,583.5,1.77,1,42.5,-0.74,1.08,27.66
V029,Van,Diesel,12,75,1500,True,R022,Central Hub,Metro Area,262.5,1291.8,1.0,2,77.8,-2.5,1.17,33.06
V026,Semi-Trailer,Diesel,7,450,26000,True,R005,Hub North,Zone 3,172.4,18352.1,2.01,1,33.7,-1.36,1.05,111.52
V039,Truck,Diesel,12,220,8000,True,R002,Hub North,Metro Area,102.5,1800.2,1.73,3,42.3,1.37,1.27,48.77
V035,Van,Petrol,9,75,1500,True,R015,Central Hub,Zone 3,163.0,1260.2,1.7,2,43.2,1.14,1.0,33.7
V031,Light Commercial,Diesel,6,100,3500,True,R018,Hub North,Port Terminal,157.2,2260.8,1.09,1,62.6,2.29,1.09,34.57
V010,Semi-Trailer,Diesel,12,450,26000,True,R008,Depot B,Metro Area,127.0,13509.3,1.8,2,46.5,-3.41,1.01,67.83
V040,Van,CNG,2,75,1500,True,R007,Central Hub,Industrial Park,286.9,477.1,1.31,3,56.6,0.68,1.05,39.31
V045,Light Commercial,Diesel,9,100,3500,True,R008,Depot B,Metro Area,132.9,2282.9,1.88,2,39.1,-2.59,1.04,29.13
V043,Truck,Diesel,9,220,8000,True,R011,Central Hub,Port Terminal,312.6,6909.7,1.61,1,48.1,0.12,1.01,139.11
V005,Light Commercial,CNG,10,100,3500,True,R001,Depot B,Port Terminal,287.9,464.5,1.47,1,44.7,-2.32,1.17,58.4
V043,Truck,Diesel,9,220,8000,True,R001,Depot B,Port Terminal,287.4,3351.0,1.4,1,57.2,-1.79,1.14,98.51
V044,Van,CNG,4,75,1500,True,R012,Depot A,Zone 2,55.1,1343.0,1.0,2,54.1,2.7,1.02,10.42
V012,Van,Petrol,1,75,1500,True,R001,Depot B,Port Terminal,288.5,638.2,1.16,1,65.3,-2.07,1.03,32.28
V051,Light Commercial,Diesel,8,100,3500,True,R010,Hub North,Zone 2,197.2,456.7,1.4,2,55.5,3.43,1.04,44.03
V032,Truck,Diesel,8,220,8000,True,R018,Hub North,Port Terminal,158.4,1489.8,1.01,1,73.2,3.08,1.1,53.63
V029,Van,Diesel,12,75,1500,True,R001,Depot B,Port Terminal,286.9,1030.7,1.62,1,49.7,-1.84,1.0,43.05
V044,Van,CNG,4,75,1500,True,R019,Depot B,Port Terminal,256.6,1042.7,1.63,2,42.7,-2.44,1.04,43.09
V031,Light Commercial,Diesel,6,100,3500,True,R019,Depot B,Port Terminal,258.6,692.3,1.31,2,57.2,-1.05,1.03,41.9
V033,Truck,Diesel,6,220,8000,True,R018,Hub North,Port Terminal,155.8,2290.7,1.0,1,75.1,2.56,1.09,52.64
V019,Semi-Trailer,Diesel,11,450,26000,True,R019,Depot B,Port Terminal,259.1,15061.6,1.73,2,43.2,-1.85,1.02,143.47
V056,Semi-Trailer,Diesel,6,450,26000,True,R025,Hub North,Zone 1,68.3,17772.4,1.51,2,37.4,-3.21,1.02,35.57
V059,Light Commercial,Diesel,7,100,3500,True,R003,Depot B,Zone 1,291.7,816.5,1.0,2,83.8,-1.53,1.01,46.4
V008,Semi-Trailer,Diesel,1,450,26000,True,R006,Depot C,Zone 1,147.9,12686.0,1.6,2,46.3,4.0,1.02,101.15
V044,Van,CNG,4,75,1500,True,R010,Hub North,Zone 2,195.3,866.6,1.19,2,65.0,3.39,1.09,35.33
V002,Truck,Diesel,11,220,8000,True,R021,Depot A,Metro Area,280.6,1138.0,1.48,1,47.6,0.34,1.11,109.56
V023,Semi-Trailer,Diesel,7,450,26000,True,R027,Depot C,Zone 1,70.0,7545.0,1.35,2,41.1,-1.52,1.25,31.17
V059,Light Commercial,Diesel,7,100,3500,True,R028,Central Hub,Zone 4,32.8,3083.7,1.5,1,31.3,-0.36,1.0,8.09
V011,Van,Diesel,6,75,1500,True,R018,Hub North,Port Terminal,159.2,1272.0,1.3,1,70.3,2.65,1.06,25.3
V023,Semi-Trailer,Diesel,7,450,26000,True,R013,Central Hub,Metro Area,190.6,9726.9,1.9,2,32.8,-1.62,1.0,110.25
V014,Light Commercial,Diesel,4,100,3500,True,R013,Central Hub,Metro Area,189.2,2932.2,1.74,2,51.7,-1.48,1.28,40.65
V044,Van,CNG,4,75,1500,True,R002,Hub North,Metro Area,99.7,956.5,2.05,3,28.4,2.18,1.05,25.94
V028,Van,Diesel,4,75,1500,True,R014,Depot A,Metro Area,53.2,1401.6,1.75,2,24.0,-2.34,1.13,9.55
V036,Van,Diesel,6,75,1500,True,R016,Central Hub,Industrial Park,25.3,1381.9,1.72,1,38.3,1.32,1.07,4.82
V057,Light Commercial,Diesel,6,100,3500,True,R007,Central Hub,Industrial Park,287.5,2185.4,1.24,3,56.7,1.0,1.11,59.78
V032,Truck,Diesel,8,220,8000,True,R024,Depot C,Zone 2,103.2,3981.3,1.28,1,57.5,-1.2,1.0,33.37
V045,Light Commercial,Diesel,9,100,3500,True,R025,Hub North,Zone 1,67.9,773.3,1.48,2,28.5,-2.58,1.07,13.78
V006,Semi-Trailer,Diesel,8,450,26000,True,R010,Hub North,Zone 2,197.5,14320.8,1.28,2,58.0,3.46,1.02,119.04
V013,Truck,Hybrid,5,220,8000,True,R028,Central Hub,Zone 4,30.0,3508.4,1.83,1,27.1,-0.87,1.06,10.68
V057,Light Commercial,Diesel,6,100,3500,True,R004,Depot C,Zone 3,269.8,2270.7,1.44,3,55.3,2.87,1.07,70.21
V052,Van,Petrol,2,75,1500,True,R028,Central Hub,Zone 4,30.5,264.1,1.54,1,42.2,-0.64,1.03,4.2
V040,Van,CNG,2,75,1500,True,R024,Depot C,Zone 2,100.2,1214.5,1.02,1,71.2,-2.07,1.1,13.99
V023,Semi-Trailer,Diesel,7,450,26000,True,R007,Central Hub,Industrial Park,289.9,23973.2,1.33,3,45.5,0.37,1.15,172.99
V012,Van,Petrol,1,75,1500,True,R020,Central Hub,Port Terminal,198.5,416.9,1.2,2,65.2,0.28,1.01,25.49
V052,Van,Petrol,2,75,1500,True,R010,Hub North,Zone 2,197.1,956.8,1.34,2,53.6,2.94,1.0,34.08
V048,Light Commercial,Petrol,9,100,3500,True,R024,Depot C,Zone 2,97.6,2735.8,1.27,1,46.7,-2.92,1.17,21.44
V015,Van,Diesel,9,75,1500,True,R005,Hub North,Zone 3,173.1,856.9,1.77,1,42.2,-1.5,1.06,25.3
V036,Van,Diesel,6,75,1500,True,R008,Depot B,Metro Area,129.2,1342.7,1.9,2,36.4,-3.08,1.06,21.22
V038,Light Commercial,Diesel,6,100,3500,True,R010,Hub North,Zone 2,197.9,1872.8,1.44,2,48.1,3.0,1.28,50.48
V029,Van,Diesel,12,75,1500,True,R006,Depot C,Zone 1,147.1,494.9,1.78,2,44.6,4.19,1.03,29.51
V056,Semi-Trailer,Diesel,6,450,26000,True,R010,Hub North,Zone 2,196.9,13022.4,1.29,2,56.8,3.2,1.05,115.36
V008,Semi-Trailer,Diesel,1,450,26000,True,R019,Depot B,Port Terminal,257.4,13381.8,1.38,2,60.2,-1.64,1.09,109.21
V016,Van,Petrol,6,75,1500,True,R019,Depot B,Port Terminal,258.7,473.5,1.43,2,51.6,-1.89,1.02,33.09
V006,Semi-Trailer,Diesel,8,450,26000,True,R017,Hub North,Zone 2,143.8,19991.7,1.37,3,60.5,4.01,1.05,93.29
V042,Bus,Hybrid,4,280,6000,True,R006,Depot C,Zone 1,147.4,3750.5,1.69,2,38.9,4.44,1.11,69.89
V039,Truck,Diesel,12,220,8000,True,R007,Central Hub,Industrial Park,288.9,3318.5,1.28,3,51.4,1.06,1.06,113.67
V060,Light Commercial,Diesel,7,100,3500,True,R028,Central Hub,Zone 4,29.9,1604.4,1.22,1,44.3,0.08,1.09,5.71
V033,Truck,Diesel,6,220,8000,True,R008,Depot B,Metro Area,128.2,3327.6,1.74,2,41.3,-2.68,1.14,47.25
V010,Semi-Trailer,Diesel,12,450,26000,True,R004,Depot C,Zone 3,268.4,12498.6,1.45,3,50.6,3.06,1.01,185.31
V028,Van,Diesel,4,75,1500,True,R014,Depot A,Metro Area,53.0,823.3,1.79,2,23.9,-2.58,1.21,8.84
V006,Semi-Trailer,Diesel,8,450,26000,True,R001,Depot B,Port Terminal,288.6,9913.5,1.09,1,64.8,-2.19,1.13,116.45
V041,Bus,Petrol,6,280,6000,True,R011,Central Hub,Port Terminal,309.1,4772.6,1.13,1,68.8,0.67,1.01,150.96
V041,Bus,Petrol,6,280,6000,True,R026,Central Hub,Zone 4,110.5,5334.7,1.54,3,48.6,1.07,1.06,67.24
V052,Van,Petrol,2,75,1500,True,R009,Depot A,Industrial Park,85.5,816.6,1.62,1,26.7,-3.28,1.01,13.77
V021,Van,Diesel,10,75,1500,True,R022,Central Hub,Metro Area,263.8,1057.0,1.32,2,60.1,-2.75,1.17,33.75
V019,Semi-Trailer,Diesel,11,450,26000,True,R015,Central Hub,Zone 3,166.4,23164.9,1.44,2,56.6,1.94,1.08,111.76
V005,Light Commercial,CNG,10,100,3500,True,R011,Central Hub,Port Terminal,311.2,921.0,1.05,1,71.2,0.5,1.01,60.75
V025,Truck,Diesel,11,220,8000,True,R020,Central Hub,Port Terminal,199.9,2090.1,1.47,2,54.9,-0.58,1.03,68.43
V029,Van,Diesel,12,75,1500,True,R018,Hub North,Port Terminal,161.1,242.6,1.0,1,71.0,2.26,1.14,21.3
V046,Truck,Diesel,4,220,8000,True,R010,Hub North,Zone 2,198.4,3806.3,1.09,2,70.9,3.82,1.01,75.29
V046,Truck,Diesel,4,220,8000,True,R007,Central Hub,Industrial Park,286.4,3051.8,1.6,3,47.4,0.35,1.1,109.41
V009,Semi-Trailer,Diesel,1,450,26000,True,R028,Central Hub,Zone 4,29.1,14987.8,1.53,1,29.6,-1.21,1.01,14.66
V018,Light Commercial,Hybrid,9,100,3500,True,R006,Depot C,Zone 1,147.7,1691.9,1.9,2,47.7,4.78,1.08,34.74
V031,Light Commercial,Diesel,6,100,3500,True,R029,Depot A,Port Terminal,29.9,915.8,1.2,3,42.5,4.08,1.06,6.87
V021,Van,Diesel,10,75,1500,True,R015,Central Hub,Zone 3,163.2,648.8,1.83,2,38.5,1.75,1.09,30.8
V002,Truck,Diesel,11,220,8000,True,R030,Central Hub,Industrial Park,315.3,996.5,1.86,2,40.4,2.55,1.03,151.4
V051,Light Commercial,Diesel,8,100,3500,True,R011,Central Hub,Port Terminal,312.9,1948.7,1.46,1,48.0,0.46,1.03,67.7
V044,Van,CNG,4,75,1500,True,R017,Hub North,Zone 2,140.3,495.6,1.28,3,54.1,4.72,1.0,26.68
V032,Truck,Diesel,8,220,8000,True,R019,Depot B,Port Terminal,256.8,1564.0,1.46,2,49.4,-2.29,1.08,78.92
V020,Truck,Diesel,4,220,8000,True,R011,Central Hub,Port Terminal,310.7,1247.8,1.16,1,62.9,-0.12,1.06,93.44
V051,Light Commercial,Diesel,8,100,3500,True,R007,Central Hub,Industrial Park,288.4,2475.5,1.24,3,57.5,0.4,1.05,60.69
V003,Bus,Hybrid,9,280,6000,True,R016,Central Hub,Industrial Park,24.3,1861.4,1.71,1,34.3,0.93,1.12,9.2
V027,Truck,Diesel,10,220,8000,True,R020,Central Hub,Port Terminal,203.0,5279.8,1.39,2,51.0,-0.4,1.04,76.66
V049,Truck,Diesel,8,220,8000,True,R008,Depot B,Metro Area,128.3,6345.5,1.94,2,35.0,-2.48,1.04,57.69
V058,Truck,Diesel,12,220,8000,True,R024,Depot C,Zone 2,101.2,4199.9,1.31,1,52.7,-1.83,1.08,35.55
V016,Van,Petrol,6,75,1500,True,R020,Central Hub,Port Terminal,199.8,319.6,1.55,2,43.1,-0.09,1.05,29.05
V040,Van,CNG,2,75,1500,True,R005,Hub North,Zone 3,171.1,933.5,1.62,1,50.4,-1.23,1.19,26.93
V012,Van,Petrol,1,75,1500,True,R029,Depot A,Port Terminal,30.6,241.3,1.01,3,50.6,4.01,1.03,4.55
V007,Van,Petrol,11,75,1500,True,R002,Hub North,Metro Area,100.2,1191.9,1.52,3,52.1,1.78,1.03,20.23
V022,Truck,Diesel,10,220,8000,True,R020,Central Hub,Port Terminal,195.0,5978.5,1.55,2,52.5,-0.72,1.03,78.81
V054,Light Commercial,Petrol,7,100,3500,True,R014,Depot A,Metro Area,55.2,1546.2,1.64,2,29.1,-2.92,1.08,13.69
V042,Bus,Hybrid,4,280,6000,True,R020,Central Hub,Port Terminal,198.6,1972.4,1.21,2,67.9,-0.74,1.13,51.14
V030,Van,Diesel,11,75,1500,True,R024,Depot C,Zone 2,103.7,1054.7,1.0,1,72.5,-2.33,1.04,12.26
V017,Light Commercial,Hybrid,8,100,3500,True,R021,Depot A,Metro Area,279.6,2037.4,1.66,1,40.7,0.22,1.19,50.12
V009,Semi-Trailer,Diesel,1,450,26000,True,R020,Central Hub,Port Terminal,197.0,5806.5,1.33,2,57.9,-0.78,1.0,77.48
V017,Light Commercial,Hybrid,8,100,3500,True,R026,Central Hub,Zone 4,111.6,2608.6,1.83,3,41.6,0.57,1.14,22.34
V010,Semi-Trailer,Diesel,12,450,26000,True,R022,Central Hub,Metro Area,261.0,9980.9,1.0,2,75.6,-3.01,1.26,98.19
V012,Van,Petrol,1,75,1500,True,R025,Hub North,Zone 1,66.5,1289.7,1.66,2,34.1,-3.5,1.07,10.71
V042,Bus,Hybrid,4,280,6000,True,R013,Central Hub,Metro Area,193.2,4830.3,1.42,2,53.1,-2.15,1.07,56.55
V008,Semi-Trailer,Diesel,1,450,26000,True,R007,Central Hub,Industrial Park,287.1,8695.5,1.15,3,66.3,0.2,1.19,120.54
V003,Bus,Hybrid,9,280,6000,True,R008,Depot B,Metro Area,130.4,1901.8,1.54,2,54.1,-2.5,1.01,34.92
V033,Truck,Diesel,6,220,8000,True,R019,Depot B,Port Terminal,255.0,3505.6,1.5,2,51.0,-1.71,1.05,88.35
V018,Light Commercial,Hybrid,9,100,3500,True,R016,Central Hub,Industrial Park,22.2,2743.3,1.44,1,36.7,1.27,1.0,4.42
V028,Van,Diesel,4,75,1500,True,R003,Depot B,Zone 1,293.7,316.6,1.31,2,51.6,-1.84,1.11,29.96
V009,Semi-Trailer,Diesel,1,450,26000,True,R007,Central Hub,Industrial Park,288.9,9584.7,1.38,3,69.4,0.49,1.04,130.63
V013,Truck,Hybrid,5,220,8000,True,R030,Central Hub,Industrial Park,314.8,5281.9,1.57,2,41.5,3.67,1.03,123.75
V027,Truck,Diesel,10,220,8000,True,R022,Central Hub,Metro Area,265.1,1027.7,1.25,2,57.9,-3.31,1.26,76.41
V042,Bus,Hybrid,4,280,6000,True,R023,Depot B,Zone 2,268.8,885.1,1.11,3,65.2,-0.51,1.02,62.15
V025,Truck,Diesel,11,220,8000,True,R006,Depot C,Zone 1,147.1,5982.8,1.67,2,53.3,5.1,1.07,86.92
V033,Truck,Diesel,6,220,8000,True,R002,Hub North,Metro Area,102.8,4351.9,1.76,3,40.1,2.09,1.04,48.03
V032,Truck,Diesel,8,220,8000,True,R009,Depot A,Industrial Park,86.9,4591.7,1.34,1,39.0,-2.65,1.13,31.36
V017,Light Commercial,Hybrid,8,100,3500,True,R026,Central Hub,Zone 4,110.4,1090.4,1.86,3,38.1,1.11,1.01,19.33
V017,Light Commercial,Hybrid,8,100,3500,True,R016,Central Hub,Industrial Park,23.7,1932.1,1.45,1,30.3,0.81,1.16,4.29
V026,Semi-Trailer,Diesel,7,450,26000,True,R024,Depot C,Zone 2,99.5,14644.6,1.03,1,50.7,-2.55,1.13,42.04
V002,Truck,Diesel,11,220,8000,True,R015,Central Hub,Zone 3,164.9,3613.6,2.1,2,32.8,1.64,1.07,95.5
V042,Bus,Hybrid,4,280,6000,True,R015,Central Hub,Zone 3,164.2,5518.6,1.73,2,44.2,1.57,1.0,69.32
V037,Van,Petrol,6,75,1500,True,R019,Depot B,Port Terminal,259.6,212.8,1.61,2,49.0,-2.02,1.12,33.41
V019,Semi-Trailer,Diesel,11,450,26000,True,R029,Depot A,Port Terminal,30.7,11769.9,1.17,3,50.3,4.34,1.1,19.86
V023,Semi-Trailer,Diesel,7,450,26000,True,R014,Depot A,Metro Area,55.1,21550.5,1.85,2,22.0,-2.82,1.03,37.62
V020,Truck,Diesel,4,220,8000,True,R018,Hub North,Port Terminal,158.4,2202.6,1.02,1,72.7,2.77,1.09,56.28
V040,Van,CNG,2,75,1500,True,R028,Central Hub,Zone 4,29.0,1342.1,1.42,1,34.7,-1.09,1.05,5.22
V046,Truck,Diesel,4,220,8000,True,R012,Depot A,Zone 2,54.1,3693.3,1.38,2,36.3,1.93,1.15,23.67
V007,Van,Petrol,11,75,1500,True,R026,Central Hub,Zone 4,112.7,349.7,1.89,3,50.0,0.08,1.13,18.97
V025,Truck,Diesel,11,220,8000,True,R017,Hub North,Zone 2,142.8,1433.1,1.46,3,50.9,3.76,1.0,62.66
V001,Semi-Trailer,Diesel,6,450,26000,True,R027,Depot C,Zone 1,69.8,9828.2,1.09,2,35.7,-1.65,1.08,32.09
V028,Van,Diesel,4,75,1500,True,R015,Central Hub,Zone 3,163.9,1322.6,1.72,2,42.8,2.22,1.0,31.11
V015,Van,Diesel,9,75,1500,True,R019,Depot B,Port Terminal,260.4,1347.3,1.62,2,45.9,-1.46,1.1,39.64
V021,Van,Diesel,10,75,1500,True,R010,Hub North,Zone 2,197.1,868.2,1.39,2,53.1,3.7,1.02,35.46
V028,Van,Diesel,4,75,1500,True,R020,Central Hub,Port Terminal,198.2,300.7,1.43,2,49.5,-0.25,1.26,22.87
V020,Truck,Diesel,4,220,8000,True,R010,Hub North,Zone 2,195.2,3904.8,1.0,2,69.7,3.37,1.15,76.53
V024,Van,Diesel,7,75,1500,True,R019,Depot B,Port Terminal,257.9,682.6,1.58,2,56.0,-1.32,1.17,32.0
V046,Truck,Diesel,4,220,8000,True,R024,Depot C,Zone 2,102.8,2371.3,1.34,1,57.4,-2.5,1.07,28.81
V049,Truck,Diesel,8,220,8000,True,R014,Depot A,Metro Area,56.3,1317.0,1.82,2,26.8,-2.18,1.09,21.68
V001,Semi-Trailer,Diesel,6,450,26000,True,R013,Central Hub,Metro Area,192.4,11032.8,1.99,2,46.3,-1.41,1.03,100.53
V023,Semi-Trailer,Diesel,7,450,26000,True,R010,Hub North,Zone 2,199.2,10818.0,1.01,2,70.6,3.16,1.04,107.5
V051,Light Commercial,Diesel,8,100,3500,True,R022,Central Hub,Metro Area,265.2,2444.3,1.2,2,64.8,-2.94,1.02,45.6
V032,Truck,Diesel,8,220,8000,True,R018,Hub North,Port Terminal,159.3,3480.7,1.0,1,70.0,2.56,1.16,60.52
V013,Truck,Hybrid,5,220,8000,True,R016,Central Hub,Industrial Park,24.1,889.3,1.72,1,32.1,0.35,1.02,7.39
V036,Van,Diesel,6,75,1500,True,R001,Depot B,Port Terminal,290.7,175.5,1.58,1,42.9,-2.57,1.02,30.79
V009,Semi-Trailer,Diesel,1,450,26000,True,R004,Depot C,Zone 3,267.8,17794.1,1.57,3,49.6,3.49,1.06,177.69
V002,Truck,Diesel,11,220,8000,True,R001,Depot B,Port Terminal,286.3,5293.3,1.56,1,55.7,-2.8,1.02,97.25
V038,Light Commercial,Diesel,6,100,3500,True,R026,Central Hub,Zone 4,113.0,827.0,1.69,3,44.8,1.07,1.21,24.44
V031,Light Commercial,Diesel,6,100,3500,True,R026,Central Hub,Zone 4,113.2,2927.0,1.68,3,36.0,0.37,1.02,29.14
V046,Truck,Diesel,4,220,8000,True,R003,Depot B,Zone 1,296.8,5305.8,1.04,2,72.1,-0.81,1.01,95.93
V021,Van,Diesel,10,75,1500,True,R002,Hub North,Metro Area,102.7,346.4,1.55,3,50.2,1.51,1.05,15.08
V052,Van,Petrol,2,75,1500,True,R024,Depot C,Zone 2,104.7,516.7,1.34,1,59.5,-2.33,1.04,12.66
V026,Semi-Trailer,Diesel,7,450,26000,True,R016,Central Hub,Industrial Park,23.5,24117.9,1.75,1,34.4,0.58,1.01,17.28
V045,Light Commercial,Diesel,9,100,3500,True,R010,Hub North,Zone 2,198.1,1563.0,1.0,2,81.1,3.22,1.05,47.22
V007,Van,Petrol,11,75,1500,True,R019,Depot B,Port Terminal,255.9,451.9,1.48,2,50.3,-1.1,1.09,38.1
V006,Semi-Trailer,Diesel,8,450,26000,True,R008,Depot B,Metro Area,129.5,14183.3,1.66,2,42.6,-2.55,1.19,67.43
V047,Semi-Trailer,Diesel,6,450,26000,True,R006,Depot C,Zone 1,146.9,7142.7,1.64,2,41.2,4.85,1.23,105.57
V051,Light Commercial,Diesel,8,100,3500,True,R012,Depot A,Zone 2,55.5,2705.4,1.22,2,39.0,1.39,1.03,13.28
V057,Light Commercial,Diesel,6,100,3500,True,R027,Depot C,Zone 1,70.5,2713.0,1.47,2,35.9,-1.35,1.07,15.99
V020,Truck,Diesel,4,220,8000,True,R024,Depot C,Zone 2,102.5,6245.7,1.27,1,53.5,-2.66,1.01,34.87
V002,Truck,Diesel,11,220,8000,True,R006,Depot C,Zone 1,147.6,4997.4,1.96,2,34.5,3.91,1.04,88.55
V059,Light Commercial,Diesel,7,100,3500,True,R017,Hub North,Zone 2,144.2,2414.8,1.42,3,55.0,4.33,1.04,39.39
V037,Van,Petrol,6,75,1500,True,R027,Depot C,Zone 1,66.3,559.8,1.26,2,37.2,-1.52,1.03,9.94
V015,Van,Diesel,9,75,1500,True,R029,Depot A,Port Terminal,31.1,1270.6,1.02,3,50.7,3.92,1.05,5.49
V046,Truck,Diesel,4,220,8000,True,R023,Depot B,Zone 2,268.3,1780.3,1.21,3,58.9,-0.73,1.22,81.77
V055,Van,CNG,6,75,1500,True,R004,Depot C,Zone 3,270.9,474.5,1.35,3,56.7,3.32,1.05,46.3
V018,Light Commercial,Hybrid,9,100,3500,True,R008,Depot B,Metro Area,130.1,3303.2,1.79,2,38.7,-2.15,1.14,24.64
V047,Semi-Trailer,Diesel,6,450,26000,True,R007,Central Hub,Industrial Park,290.0,23824.8,1.5,3,42.5,0.17,1.05,180.06
V048,Light Commercial,Petrol,9,100,3500,True,R005,Hub North,Zone 3,172.4,1860.2,1.9,1,43.2,-0.85,1.02,45.89
V031,Light Commercial,Diesel,6,100,3500,True,R006,Depot C,Zone 1,147.7,1834.8,1.63,2,43.2,5.19,1.35,45.72
V038,Light Commercial,Diesel,6,100,3500,True,R010,Hub North,Zone 2,198.6,697.5,1.01,2,73.5,3.35,1.02,39.63
V017,Light Commercial,Hybrid,8,100,3500,True,R017,Hub North,Zone 2,142.8,2312.5,1.61,3,43.9,3.56,1.02,29.62
V056,Semi-Trailer,Diesel,6,450,26000,True,R012,Depot A,Zone 2,54.0,3285.8,1.38,2,38.5,1.37,1.0,26.72
V059,Light Commercial,Diesel,7,100,3500,True,R013,Central Hub,Metro Area,191.4,1285.2,1.69,2,45.8,-2.08,1.16,38.23
V059,Light Commercial,Diesel,7,100,3500,True,R008,Depot B,Metro Area,127.3,1594.7,1.42,2,55.0,-1.93,1.0,23.36
V045,Light Commercial,Diesel,9,100,3500,True,R005,Hub North,Zone 3,172.9,3009.6,2.11,1,33.3,-1.44,1.23,48.4
V003,Bus,Hybrid,9,280,6000,True,R030,Central Hub,Industrial Park,313.8,5539.1,1.74,2,42.8,2.67,1.02,145.65
V022,Truck,Diesel,10,220,8000,True,R018,Hub North,Port Terminal,157.1,7423.2,1.09,1,70.7,2.51,1.03,69.67
V027,Truck,Diesel,10,220,8000,True,R007,Central Hub,Industrial Park,286.6,6232.1,1.12,3,72.9,0.12,1.01,108.53
V058,Truck,Diesel,12,220,8000,True,R025,Hub North,Zone 1,69.1,2772.0,1.52,2,34.1,-2.72,1.06,25.17
V033,Truck,Diesel,6,220,8000,True,R025,Hub North,Zone 1,69.5,1108.4,1.62,2,26.8,-3.11,1.01,25.46
V033,Truck,Diesel,6,220,8000,True,R030,Central Hub,Industrial Park,312.1,3694.2,1.75,2,44.0,3.76,1.07,159.85
V009,Semi-Trailer,Diesel,1,450,26000,True,R005,Hub North,Zone 3,170.2,9172.5,1.7,1,43.5,-1.2,1.08,81.87
V048,Light Commercial,Petrol,9,100,3500,True,R020,Central Hub,Port Terminal,200.3,2299.2,1.34,2,47.9,0.13,1.02,47.9
V021,Van,Diesel,10,75,1500,True,R030,Central Hub,Industrial Park,311.7,623.1,1.58,2,40.2,2.82,1.01,56.44
V006,Semi-Trailer,Diesel,8,450,26000,True,R025,Hub North,Zone 1,69.1,22285.7,1.77,2,28.0,-3.51,1.03,43.25
V060,Light Commercial,Diesel,7,100,3500,True,R007,Central Hub,Industrial Park,289.9,1462.7,1.43,3,52.4,0.3,1.04,54.55
V012,Van,Petrol,1,75,1500,True,R027,Depot C,Zone 1,72.8,631.9,1.17,2,41.5,-2.16,1.15,9.22
V001,Semi-Trailer,Diesel,6,450,26000,True,R013,Central Hub,Metro Area,193.3,19376.5,1.51,2,53.1,-1.54,1.11,98.61
V005,Light Commercial,CNG,10,100,3500,True,R015,Central Hub,Zone 3,165.1,2105.3,1.85,2,36.8,1.65,1.09,52.2
V028,Van,Diesel,4,75,1500,True,R017,Hub North,Zone 2,146.2,475.5,1.46,3,46.0,4.61,1.07,25.42
V007,Van,Petrol,11,75,1500,True,R024,Depot C,Zone 2,98.3,1012.8,1.08,1,43.1,-2.22,1.08,14.32
V051,Light Commercial,Diesel,8,100,3500,True,R004,Depot C,Zone 3,267.4,2024.9,1.13,3,63.9,2.85,1.11,62.17
V031,Light Commercial,Diesel,6,100,3500,True,R017,Hub North,Zone 2,144.1,659.6,1.38,3,54.2,3.76,1.02,32.62
V020,Truck,Diesel,4,220,8000,True,R025,Hub North,Zone 1,67.8,3977.4,1.54,2,29.2,-2.95,1.05,25.38
V001,Semi-Trailer,Diesel,6,450,26000,True,R017,Hub North,Zone 2,144.7,22903.4,1.49,3,41.8,4.14,1.01,113.77
V029,Van,Diesel,12,75,1500,True,R009,Depot A,Industrial Park,88.4,420.0,2.08,1,18.0,-2.16,1.03,15.19
V010,Semi-Trailer,Diesel,12,450,26000,True,R002,Hub North,Metro Area,101.0,11763.0,1.72,3,44.1,1.49,1.02,64.8
V059,Light Commercial,Diesel,7,100,3500,True,R017,Hub North,Zone 2,142.4,1171.0,1.36,3,50.7,4.48,1.29,35.93
V018,Light Commercial,Hybrid,9,100,3500,True,R022,Central Hub,Metro Area,263.3,1947.3,1.0,2,67.0,-2.0,1.13,32.62
V029,Van,Diesel,12,75,1500,True,R017,Hub North,Zone 2,142.0,1393.3,1.59,3,49.7,4.34,1.13,31.15
V002,Truck,Diesel,11,220,8000,True,R030,Central Hub,Industrial Park,314.2,2907.0,1.61,2,52.8,3.23,1.14,152.55
V008,Semi-Trailer,Diesel,1,450,26000,True,R019,Depot B,Port Terminal,256.8,21005.7,1.67,2,44.5,-1.41,1.01,135.23
V013,Truck,Hybrid,5,220,8000,True,R016,Central Hub,Industrial Park,24.0,6500.4,1.6,1,32.3,1.7,1.02,9.82
V004,Van,Diesel,10,75,1500,True,R002,Hub North,Metro Area,101.8,480.8,1.33,3,57.4,1.93,1.04,14.56
V044,Van,CNG,4,75,1500,True,R017,Hub North,Zone 2,144.4,1135.1,1.38,3,45.2,4.51,1.08,33.34
V057,Light Commercial,Diesel,6,100,3500,True,R006,Depot C,Zone 1,146.0,3289.7,1.66,2,48.8,4.43,1.1,44.98
V060,Light Commercial,Diesel,7,100,3500,True,R022,Central Hub,Metro Area,261.6,3188.2,1.17,2,69.3,-2.97,1.03,47.61
V016,Van,Petrol,6,75,1500,True,R005,Hub North,Zone 3,172.1,922.3,1.64,1,53.0,-1.93,1.07,25.25
V048,Light Commercial,Petrol,9,100,3500,True,R028,Central Hub,Zone 4,34.3,801.4,1.49,1,31.7,-0.0,1.07,7.82
V031,Light Commercial,Diesel,6,100,3500,True,R010,Hub North,Zone 2,199.7,705.0,1.01,2,69.7,3.1,1.07,41.07
V003,Bus,Hybrid,9,280,6000,True,R014,Depot A,Metro Area,54.2,1960.8,1.79,2,33.4,-2.21,1.08,17.69
V006,Semi-Trailer,Diesel,8,450,26000,True,R005,Hub North,Zone 3,172.7,15889.0,1.86,1,42.4,-1.28,1.33,102.45
V033,Truck,Diesel,6,220,8000,True,R007,Central Hub,Industrial Park,288.6,3426.3,1.52,3,52.9,1.02,1.04,106.35
V026,Semi-Trailer,Diesel,7,450,26000,True,R028,Central Hub,Zone 4,27.9,18048.4,1.51,1,30.6,-0.72,1.03,16.56
V001,Semi-Trailer,Diesel,6,450,26000,True,R009,Depot A,Industrial Park,90.6,20009.9,1.59,1,32.6,-2.84,1.03,50.64
V056,Semi-Trailer,Diesel,6,450,26000,True,R016,Central Hub,Industrial Park,22.3,6587.3,1.78,1,23.8,1.09,1.26,15.36
V044,Van,CNG,4,75,1500,True,R030,Central Hub,Industrial Park,313.7,1304.2,1.64,2,45.6,2.8,1.04,67.7
V031,Light Commercial,Diesel,6,100,3500,True,R019,Depot B,Port Terminal,258.0,530.2,1.59,2,45.9,-2.13,1.02,43.7
V060,Light Commercial,Diesel,7,100,3500,True,R002,Hub North,Metro Area,102.5,1138.2,1.54,3,58.1,2.56,1.01,23.37
V059,Light Commercial,Diesel,7,100,3500,True,R011,Central Hub,Port Terminal,310.3,2774.0,1.18,1,65.6,0.19,1.07,62.97
V059,Light Commercial,Diesel,7,100,3500,True,R012,Depot A,Zone 2,52.6,896.6,1.03,2,39.9,1.52,1.09,10.49
V016,Van,Petrol,6,75,1500,True,R009,Depot A,Industrial Park,89.0,430.7,1.76,1,28.4,-2.62,1.04,14.78
V053,Van,CNG,12,75,1500,True,R008,Depot B,Metro Area,125.9,1394.0,1.77,2,43.8,-2.24,1.04,24.44
V031,Light Commercial,Diesel,6,100,3500,True,R016,Central Hub,Industrial Park,22.1,3064.3,1.49,1,31.8,0.07,1.0,5.81
V044,Van,CNG,4,75,1500,True,R012,Depot A,Zone 2,57.0,1186.3,1.07,2,42.4,2.39,1.03,10.6
V052,Van,Petrol,2,75,1500,True,R009,Depot A,Industrial Park,89.4,371.6,1.76,1,31.0,-2.88,1.18,13.79
V010,Semi-Trailer,Diesel,12,450,26000,True,R013,Central Hub,Metro Area,193.8,8238.6,1.57,2,44.0,-1.79,1.13,99.98
V027,Truck,Diesel,10,220,8000,True,R011,Central Hub,Port Terminal,312.3,2399.1,1.0,1,77.3,0.24,1.12,97.35
V008,Semi-Trailer,Diesel,1,450,26000,True,R007,Central Hub,Industrial Park,291.1,6779.6,1.35,3,51.2,1.45,1.07,140.17
V017,Light Commercial,Hybrid,8,100,3500,True,R014,Depot A,Metro Area,54.1,3237.1,1.77,2,26.1,-2.46,1.04,10.44
V025,Truck,Diesel,11,220,8000,True,R029,Depot A,Port Terminal,31.4,1929.0,1.11,3,48.8,3.62,1.05,12.82
V052,Van,Petrol,2,75,1500,True,R016,Central Hub,Industrial Park,21.9,1102.1,1.64,1,32.5,0.82,1.07,4.29
V052,Van,Petrol,2,75,1500,True,R018,Hub North,Port Terminal,159.0,215.0,1.16,1,64.8,2.82,1.02,22.89
V024,Van,Diesel,7,75,1500,True,R030,Central Hub,Industrial Park,313.7,843.4,1.65,2,45.4,2.99,1.13,54.38
V020,Truck,Diesel,4,220,8000,True,R019,Depot B,Port Terminal,260.6,1281.8,1.3,2,58.0,-1.46,1.01,74.3
V032,Truck,Diesel,8,220,8000,True,R007,Central Hub,Industrial Park,286.7,1219.9,1.2,3,59.1,0.65,1.05,92.28
V055,Van,CNG,6,75,1500,True,R012,Depot A,Zone 2,57.3,443.5,1.24,2,34.3,1.37,1.03,10.17
V059,Light Commercial,Diesel,7,100,3500,True,R015,Central Hub,Zone 3,164.9,3103.7,1.83,2,43.2,1.66,1.12,46.91
V014,Light Commercial,Diesel,4,100,3500,True,R015,Central Hub,Zone 3,164.0,2250.5,1.73,2,49.5,2.04,1.12,43.1
V012,Van,Petrol,1,75,1500,True,R005,Hub North,Zone 3,172.9,980.5,1.68,1,47.0,-1.72,1.02,26.66
V043,Truck,Diesel,9,220,8000,True,R004,Depot C,Zone 3,268.5,2824.1,1.39,3,54.9,3.24,1.02,117.29
V019,Semi-Trailer,Diesel,11,450,26000,True,R011,Central Hub,Port Terminal,311.9,18591.9,1.14,1,61.1,0.52,1.0,168.61
V012,Van,Petrol,1,75,1500,True,R028,Central Hub,Zone 4,29.7,1019.0,1.58,1,35.1,-0.6,1.07,5.38
V002,Truck,Diesel,11,220,8000,True,R022,Central Hub,Metro Area,263.0,3939.5,1.23,2,62.8,-2.18,1.01,84.49
V025,Truck,Diesel,11,220,8000,True,R026,Central Hub,Zone 4,111.5,5441.7,1.7,3,47.1,-0.16,1.08,48.21
V024,Van,Diesel,7,75,1500,True,R006,Depot C,Zone 1,145.2,1255.6,1.9,2,43.6,4.17,1.13,33.24
V034,Van,Diesel,10,75,1500,True,R013,Central Hub,Metro Area,193.5,1374.5,1.71,2,50.2,-1.41,1.12,29.34
V013,Truck,Hybrid,5,220,8000,True,R018,Hub North,Port Terminal,155.7,7576.8,1.1,1,63.7,3.51,1.1,54.3
V043,Truck,Diesel,9,220,8000,True,R014,Depot A,Metro Area,54.7,4120.5,1.46,2,29.1,-1.6,1.1,23.81
V041,Bus,Petrol,6,280,6000,True,R013,Central Hub,Metro Area,193.2,767.0,1.54,2,49.2,-1.88,1.19,81.29
V028,Van,Diesel,4,75,1500,True,R011,Central Hub,Port Terminal,312.7,442.2,1.03,1,68.9,0.69,1.15,34.49
V011,Van,Diesel,6,75,1500,True,R002,Hub North,Metro Area,98.1,401.0,1.58,3,27.2,2.11,1.05,18.67
V031,Light Commercial,Diesel,6,100,3500,True,R026,Central Hub,Zone 4,111.9,1244.1,1.77,3,47.3,1.05,1.24,24.79
V041,Bus,Petrol,6,280,6000,True,R028,Central Hub,Zone 4,30.7,2438.6,1.49,1,29.4,-0.38,1.02,16.63
V023,Semi-Trailer,Diesel,7,450,26000,True,R003,Depot B,Zone 1,294.5,17377.8,1.12,2,66.7,-1.29,1.06,129.43
V016,Van,Petrol,6,75,1500,True,R013,Central Hub,Metro Area,194.2,820.3,1.59,2,40.7,-1.72,1.06,32.68
V031,Light Commercial,Diesel,6,100,3500,True,R016,Central Hub,Industrial Park,21.4,2283.0,1.66,1,30.3,1.15,1.19,5.85
V022,Truck,Diesel,10,220,8000,True,R024,Depot C,Zone 2,98.7,7408.5,1.41,1,40.2,-2.64,1.25,41.02
V025,Truck,Diesel,11,220,8000,True,R030,Central Hub,Industrial Park,315.0,1133.7,1.62,2,51.2,2.79,1.02,129.42
V021,Van,Diesel,10,75,1500,True,R013,Central Hub,Metro Area,191.4,168.4,1.59,2,51.3,-2.11,1.16,23.94
V019,Semi-Trailer,Diesel,11,450,26000,True,R023,Depot B,Zone 2,263.9,17307.7,1.07,3,70.0,-1.5,1.25,122.63
V044,Van,CNG,4,75,1500,True,R029,Depot A,Port Terminal,30.6,846.5,1.14,3,48.2,3.24,1.09,5.74
V028,Van,Diesel,4,75,1500,True,R025,Hub North,Zone 1,70.1,765.5,1.44,2,36.4,-3.24,1.02,8.59
V028,Van,Diesel,4,75,1500,True,R009,Depot A,Industrial Park,86.6,1238.0,1.45,1,32.7,-2.63,1.21,12.44
V040,Van,CNG,2,75,1500,True,R025,Hub North,Zone 1,71.8,352.6,1.3,2,39.9,-3.03,1.04,8.42
V022,Truck,Diesel,10,220,8000,True,R013,Central Hub,Metro Area,190.9,4700.6,1.84,2,44.2,-1.68,1.02,78.83
V007,Van,Petrol,11,75,1500,True,R001,Depot B,Port Terminal,288.4,1338.2,1.68,1,39.3,-2.3,1.04,53.37
V052,Van,Petrol,2,75,1500,True,R023,Depot B,Zone 2,264.7,718.5,1.41,3,49.0,-1.12,1.06,37.43
V004,Van,Diesel,10,75,1500,True,R026,Central Hub,Zone 4,112.1,889.4,1.78,3,41.5,0.17,1.01,19.45
V035,Van,Petrol,9,75,1500,True,R011,Central Hub,Port Terminal,311.2,239.2,1.02,1,68.5,0.86,1.06,42.2
V016,Van,Petrol,6,75,1500,True,R014,Depot A,Metro Area,52.8,595.2,1.72,2,24.1,-2.55,1.01,9.4
V013,Truck,Hybrid,5,220,8000,True,R011,Central Hub,Port Terminal,315.6,1081.5,1.0,1,73.3,0.34,1.3,73.27
V003,Bus,Hybrid,9,280,6000,True,R004,Depot C,Zone 3,267.4,3519.1,1.07,3,74.0,2.9,1.12,92.14
V055,Van,CNG,6,75,1500,True,R030,Central Hub,Industrial Park,313.1,902.9,1.71,2,47.8,2.63,1.09,66.03
V026,Semi-Trailer,Diesel,7,450,26000,True,R001,Depot B,Port Terminal,289.8,23613.6,1.57,1,49.0,-2.59,1.02,148.96
V021,Van,Diesel,10,75,1500,True,R017,Hub North,Zone 2,145.5,964.0,1.82,3,41.8,4.01,1.23,32.11
V045,Light Commercial,Diesel,9,100,3500,True,R001,Depot B,Port Terminal,290.0,358.9,1.48,1,59.1,-2.49,1.12,46.23
V003,Bus,Hybrid,9,280,6000,True,R021,Depot A,Metro Area,277.8,4849.5,1.05,1,69.5,0.39,1.03,82.78
V034,Van,Diesel,10,75,1500,True,R028,Central Hub,Zone 4,30.3,570.3,1.45,1,35.4,-0.35,1.02,4.53
V030,Van,Diesel,11,75,1500,True,R020,Central Hub,Port Terminal,196.1,1060.7,1.31,2,55.0,0.42,1.01,28.26
V034,Van,Diesel,10,75,1500,True,R019,Depot B,Port Terminal,259.4,486.6,1.4,2,48.6,-1.16,1.04,31.99
V008,Semi-Trailer,Diesel,1,450,26000,True,R025,Hub North,Zone 1,65.8,19401.0,1.57,2,36.6,-2.29,1.02,32.75
V058,Truck,Diesel,12,220,8000,True,R030,Central Hub,Industrial Park,312.6,7106.9,1.49,2,49.2,3.14,1.01,168.55
V015,Van,Diesel,9,75,1500,True,R026,Central Hub,Zone 4,112.0,251.1,1.77,3,45.2,0.76,1.04,15.76
V041,Bus,Petrol,6,280,6000,True,R007,Central Hub,Industrial Park,288.2,3376.2,1.4,3,52.7,0.46,1.35,143.35
V045,Light Commercial,Diesel,9,100,3500,True,R017,Hub North,Zone 2,142.4,1957.7,1.74,3,48.0,4.56,1.09,43.89
V021,Van,Diesel,10,75,1500,True,R025,Hub North,Zone 1,70.6,515.2,1.57,2,27.9,-3.33,1.02,9.55
V008,Semi-Trailer,Diesel,1,450,26000,True,R009,Depot A,Industrial Park,89.6,10151.0,1.87,1,31.4,-3.11,1.21,46.97
V018,Light Commercial,Hybrid,9,100,3500,True,R021,Depot A,Metro Area,280.6,2361.6,1.18,1,67.0,0.74,1.03,42.42
V049,Truck,Diesel,8,220,8000,True,R001,Depot B,Port Terminal,286.5,2789.8,1.44,1,44.7,-2.88,1.0,93.33
V055,Van,CNG,6,75,1500,True,R027,Depot C,Zone 1,72.9,189.0,1.45,2,32.4,-1.43,1.02,10.93
V057,Light Commercial,Diesel,6,100,3500,True,R019,Depot B,Port Terminal,256.8,2638.3,1.26,2,63.4,-1.99,1.05,47.32
V014,Light Commercial,Diesel,4,100,3500,True,R023,Depot B,Zone 2,269.1,2209.9,1.11,3,74.1,-0.57,1.0,46.24
V037,Van,Petrol,6,75,1500,True,R025,Hub North,Zone 1,71.3,469.3,1.69,2,32.5,-2.56,1.15,11.61
V010,Semi-Trailer,Diesel,12,450,26000,True,R007,Central Hub,Industrial Park,288.3,23850.1,1.27,3,57.5,0.86,1.29,171.97
V043,Truck,Diesel,9,220,8000,True,R014,Depot A,Metro Area,56.5,6909.3,1.75,2,24.7,-2.01,1.01,28.26
V025,Truck,Diesel,11,220,8000,True,R026,Central Hub,Zone 4,107.4,7357.8,1.71,3,46.1,0.54,1.01,50.98
V043,Truck,Diesel,9,220,8000,True,R005,Hub North,Zone 3,171.8,4283.2,1.82,1,39.6,-0.56,1.35,78.12
V042,Bus,Hybrid,4,280,6000,True,R025,Hub North,Zone 1,70.0,1799.3,1.68,2,28.2,-2.77,1.24,23.07
V060,Light Commercial,Diesel,7,100,3500,True,R009,Depot A,Industrial Park,89.9,867.1,1.85,1,26.2,-2.88,1.09,19.78
V030,Van,Diesel,11,75,1500,True,R018,Hub North,Port Terminal,155.8,1359.4,1.06,1,74.2,2.81,1.01,26.95
V021,Van,Diesel,10,75,1500,True,R016,Central Hub,Industrial Park,22.2,1285.8,1.72,1,36.2,0.88,1.11,4.21
V032,Truck,Diesel,8,220,8000,True,R021,Depot A,Metro Area,275.8,5838.4,1.3,1,61.7,0.03,1.11,107.76
V010,Semi-Trailer,Diesel,12,450,26000,True,R026,Central Hub,Zone 4,112.6,13882.4,1.88,3,40.0,-0.12,1.02,69.29
V007,Van,Petrol,11,75,1500,True,R011,Central Hub,Port Terminal,308.6,640.1,1.02,1,70.2,0.66,1.17,45.16
V032,Truck,Diesel,8,220,8000,True,R006,Depot C,Zone 1,149.4,5583.4,2.02,2,39.8,3.89,1.06,93.88
V050,Light Commercial,Diesel,2,100,3500,True,R013,Central Hub,Metro Area,194.0,378.3,1.72,2,50.2,-2.91,1.11,31.82
V032,Truck,Diesel,8,220,8000,True,R019,Depot B,Port Terminal,257.3,4365.1,1.06,2,74.9,-1.78,1.06,79.76
V047,Semi-Trailer,Diesel,6,450,26000,True,R023,Depot B,Zone 2,267.3,17598.4,1.42,3,53.7,-1.32,1.15,135.66
V011,Van,Diesel,6,75,1500,True,R023,Depot B,Zone 2,266.2,1111.0,1.17,3,62.1,-1.36,1.06,32.61
V027,Truck,Diesel,10,220,8000,True,R011,Central Hub,Port Terminal,311.8,3867.4,1.11,1,68.9,-0.73,1.02,103.77
V037,Van,Petrol,6,75,1500,True,R029,Depot A,Port Terminal,29.1,1100.1,1.04,3,52.7,3.56,1.13,5.35
V021,Van,Diesel,10,75,1500,True,R003,Depot B,Zone 1,295.3,272.2,1.15,2,66.4,-1.73,1.15,30.99
V001,Semi-Trailer,Diesel,6,450,26000,True,R004,Depot C,Zone 3,265.6,7755.4,1.17,3,63.9,2.72,1.03,134.92
V005,Light Commercial,CNG,10,100,3500,True,R001,Depot B,Port Terminal,285.6,780.2,1.4,1,50.7,-2.23,1.06,55.1
V056,Semi-Trailer,Diesel,6,450,26000,True,R028,Central Hub,Zone 4,29.8,10110.4,1.39,1,46.4,0.05,1.35,14.84
V037,Van,Petrol,6,75,1500,True,R006,Depot C,Zone 1,147.4,588.8,1.72,2,40.1,4.65,1.1,32.59
V016,Van,Petrol,6,75,1500,True,R019,Depot B,Port Terminal,258.4,626.8,1.39,2,49.9,-1.23,1.22,35.18
V016,Van,Petrol,6,75,1500,True,R025,Hub North,Zone 1,67.3,743.9,1.65,2,31.0,-2.63,1.35,11.87
V003,Bus,Hybrid,9,280,6000,True,R024,Depot C,Zone 2,104.6,2825.3,1.18,1,62.7,-2.68,1.08,27.69
V057,Light Commercial,Diesel,6,100,3500,True,R029,Depot A,Port Terminal,31.0,1809.2,1.19,3,46.1,4.08,1.04,7.26
V007,Van,Petrol,11,75,1500,True,R002,Hub North,Metro Area,101.1,1109.6,1.72,3,47.8,2.18,1.2,22.82
V046,Truck,Diesel,4,220,8000,True,R013,Central Hub,Metro Area,192.5,1765.7,1.68,2,39.9,-2.07,1.05,64.62
V015,Van,Diesel,9,75,1500,True,R016,Central Hub,Industrial Park,24.1,597.2,1.41,1,32.5,0.62,1.02,3.84
V021,Van,Diesel,10,75,1500,True,R021,Depot A,Metro Area,280.5,150.2,1.52,1,45.8,0.34,1.07,36.43
V017,Light Commercial,Hybrid,8,100,3500,True,R019,Depot B,Port Terminal,258.7,434.0,1.61,2,49.7,-2.23,1.22,34.25
V050,Light Commercial,Diesel,2,100,3500,True,R017,Hub North,Zone 2,143.9,2154.1,1.77,3,44.0,3.79,1.0,39.76
V002,Truck,Diesel,11,220,8000,True,R010,Hub North,Zone 2,195.1,6756.8,1.37,2,53.5,3.23,1.16,100.18
V022,Truck,Diesel,10,220,8000,True,R004,Depot C,Zone 3,265.4,2880.2,1.23,3,61.8,3.15,1.0,112.9
V017,Light Commercial,Hybrid,8,100,3500,True,R013,Central Hub,Metro Area,192.1,1545.6,1.34,2,51.6,-1.81,1.17,26.82
V017,Light Commercial,Hybrid,8,100,3500,True,R008,Depot B,Metro Area,128.7,974.4,1.47,2,48.2,-2.33,1.04,16.0
V012,Van,Petrol,1,75,1500,True,R017,Hub North,Zone 2,143.7,332.1,1.63,3,40.9,3.86,1.16,28.71
V055,Van,CNG,6,75,1500,True,R024,Depot C,Zone 2,101.8,1277.2,1.12,1,67.3,-2.66,1.02,13.79
V023,Semi-Trailer,Diesel,7,450,26000,True,R017,Hub North,Zone 2,143.7,15243.9,1.47,3,51.7,4.44,1.05,92.59
V026,Semi-Trailer,Diesel,7,450,26000,True,R018,Hub North,Port Terminal,155.7,18177.7,1.0,1,71.1,2.46,1.05,85.74
V024,Van,Diesel,7,75,1500,True,R002,Hub North,Metro Area,100.8,1274.4,1.63,3,47.8,1.54,1.16,18.17
V059,Light Commercial,Diesel,7,100,3500,True,R020,Central Hub,Port Terminal,196.9,2100.5,1.19,2,67.4,-0.94,1.06,34.06
V021,Van,Diesel,10,75,1500,True,R014,Depot A,Metro Area,55.6,379.9,1.68,2,25.6,-2.39,1.08,7.7
V021,Van,Diesel,10,75,1500,True,R004,Depot C,Zone 3,265.3,1059.5,1.43,3,51.2,3.59,1.05,48.38
V020,Truck,Diesel,4,220,8000,True,R007,Central Hub,Industrial Park,288.0,5885.1,1.15,3,67.5,0.24,1.17,101.18
V020,Truck,Diesel,4,220,8000,True,R024,Depot C,Zone 2,99.6,3614.9,1.0,1,50.0,-1.86,1.0,30.11
V006,Semi-Trailer,Diesel,8,450,26000,True,R028,Central Hub,Zone 4,29.4,16231.6,1.5,1,27.9,-0.53,1.15,18.4
V037,Van,Petrol,6,75,1500,True,R016,Central Hub,Industrial Park,23.9,767.8,1.69,1,27.8,0.23,1.05,4.8
V002,Truck,Diesel,11,220,8000,True,R030,Central Hub,Industrial Park,314.1,3064.4,1.61,2,44.7,2.56,1.02,150.86
V014,Light Commercial,Diesel,4,100,3500,True,R006,Depot C,Zone 1,145.2,2350.4,1.98,2,37.2,4.06,1.12,50.15
V013,Truck,Hybrid,5,220,8000,True,R009,Depot A,Industrial Park,87.5,2482.7,1.52,1,32.4,-2.65,1.05,23.33
V018,Light Commercial,Hybrid,9,100,3500,True,R028,Central Hub,Zone 4,27.7,1324.2,1.25,1,46.2,-0.34,1.07,3.9
V046,Truck,Diesel,4,220,8000,True,R006,Depot C,Zone 1,145.2,3558.7,1.53,2,48.2,5.18,1.02,69.77
V036,Van,Diesel,6,75,1500,True,R020,Central Hub,Port Terminal,199.1,933.6,1.1,2,61.2,-0.77,1.06,24.14
V060,Light Commercial,Diesel,7,100,3500,True,R007,Central Hub,Industrial Park,288.3,2885.3,1.35,3,55.9,0.46,1.17,66.27
V022,Truck,Diesel,10,220,8000,True,R010,Hub North,Zone 2,198.5,4981.4,1.06,2,77.5,3.14,1.02,89.69
V056,Semi-Trailer,Diesel,6,450,26000,True,R015,Central Hub,Zone 3,164.9,18646.4,1.6,2,46.3,1.29,1.03,101.43
V003,Bus,Hybrid,9,280,6000,True,R011,Central Hub,Port Terminal,311.4,2092.6,1.23,1,59.4,0.55,1.08,87.38
V031,Light Commercial,Diesel,6,100,3500,True,R027,Depot C,Zone 1,70.0,2097.6,1.37,2,35.2,-1.61,1.07,14.46
V048,Light Commercial,Petrol,9,100,3500,True,R030,Central Hub,Industrial Park,312.2,659.0,1.83,2,43.4,2.19,1.06,86.77
V032,Truck,Diesel,8,220,8000,True,R016,Central Hub,Industrial Park,21.9,3950.2,1.69,1,28.3,0.95,1.07,11.24
V056,Semi-Trailer,Diesel,6,450,26000,True,R016,Central Hub,Industrial Park,20.6,17846.3,1.42,1,29.1,0.46,1.08,12.85
V019,Semi-Trailer,Diesel,11,450,26000,True,R002,Hub North,Metro Area,99.5,6571.9,1.67,3,27.2,1.78,1.07,68.03
V002,Truck,Diesel,11,220,8000,True,R008,Depot B,Metro Area,129.1,6934.3,1.72,2,43.2,-2.23,1.15,60.83
V047,Semi-Trailer,Diesel,6,450,26000,True,R002,Hub North,Metro Area,100.6,11820.0,1.56,3,50.3,1.97,1.23,61.71
V005,Light Commercial,CNG,10,100,3500,True,R026,Central Hub,Zone 4,116.6,2346.6,1.77,3,39.9,0.61,1.06,35.08
V046,Truck,Diesel,4,220,8000,True,R007,Central Hub,Industrial Park,285.5,3995.3,1.11,3,66.2,0.44,1.0,92.25
V045,Light Commercial,Diesel,9,100,3500,True,R011,Central Hub,Port Terminal,311.2,2528.5,1.08,1,69.9,0.54,1.02,60.27
V051,Light Commercial,Diesel,8,100,3500,True,R026,Central Hub,Zone 4,109.9,2088.3,1.81,3,38.4,0.77,1.18,29.83
V029,Van,Diesel,12,75,1500,True,R022,Central Hub,Metro Area,263.5,306.3,1.33,2,56.2,-2.47,1.1,30.69
V054,Light Commercial,Petrol,7,100,3500,True,R019,Depot B,Port Terminal,257.5,3101.0,1.64,2,47.5,-1.68,1.08,63.43
V011,Van,Diesel,6,75,1500,True,R002,Hub North,Metro Area,102.1,991.6,1.73,3,38.6,1.87,1.01,18.11
V027,Truck,Diesel,10,220,8000,True,R017,Hub North,Zone 2,142.1,4010.1,1.54,3,49.9,3.7,1.19,71.24
V008,Semi-Trailer,Diesel,1,450,26000,True,R017,Hub North,Zone 2,142.5,17553.0,1.52,3,45.0,3.94,1.17,99.12
V047,Semi-Trailer,Diesel,6,450,26000,True,R010,Hub North,Zone 2,197.2,8365.8,1.0,2,70.7,3.78,1.18,109.42
V043,Truck,Diesel,9,220,8000,True,R023,Depot B,Zone 2,264.4,6028.9,1.04,3,69.1,-0.68,1.01,90.56
V049,Truck,Diesel,8,220,8000,True,R028,Central Hub,Zone 4,29.0,3596.3,1.35,1,42.5,-0.47,1.15,10.78
V046,Truck,Diesel,4,220,8000,True,R008,Depot B,Metro Area,128.4,6274.2,1.74,2,36.3,-2.15,1.09,50.67
V019,Semi-Trailer,Diesel,11,450,26000,True,R010,Hub North,Zone 2,197.9,8656.6,1.35,2,53.6,3.7,1.04,118.98
V005,Light Commercial,CNG,10,100,3500,True,R010,Hub North,Zone 2,198.6,2701.1,1.32,2,56.7,3.41,1.06,61.78
V056,Semi-Trailer,Diesel,6,450,26000,True,R026,Central Hub,Zone 4,111.6,22637.9,1.93,3,43.6,0.05,1.01,72.92
V030,Van,Diesel,11,75,1500,True,R003,Depot B,Zone 1,294.0,1400.5,1.09,2,76.5,-1.08,1.12,41.61
V006,Semi-Trailer,Diesel,8,450,26000,True,R027,Depot C,Zone 1,67.8,19765.3,1.1,2,43.7,-1.3,1.22,34.08
V056,Semi-Trailer,Diesel,6,450,26000,True,R024,Depot C,Zone 2,102.6,18158.7,1.13,1,68.4,-1.55,1.24,46.63
V060,Light Commercial,Diesel,7,100,3500,True,R015,Central Hub,Zone 3,163.0,1896.8,1.7,2,43.7,2.67,1.02,43.63
V027,Truck,Diesel,10,220,8000,True,R018,Hub North,Port Terminal,158.7,1519.0,1.16,1,64.3,2.27,1.09,59.23
V047,Semi-Trailer,Diesel,6,450,26000,True,R027,Depot C,Zone 1,72.4,14972.8,1.2,2,42.9,-2.12,1.04,34.42
V003,Bus,Hybrid,9,280,6000,True,R024,Depot C,Zone 2,101.5,3472.6,1.13,1,60.3,-3.42,1.06,25.17
V006,Semi-Trailer,Diesel,8,450,26000,True,R009,Depot A,Industrial Park,87.0,4030.6,1.81,1,27.4,-2.15,1.01,46.35
V017,Light Commercial,Hybrid,8,100,3500,True,R002,Hub North,Metro Area,100.8,2404.6,1.52,3,51.2,2.04,1.27,18.91
V040,Van,CNG,2,75,1500,True,R020,Central Hub,Port Terminal,199.4,339.9,1.49,2,46.7,-0.16,1.01,26.66
V009,Semi-Trailer,Diesel,1,450,26000,True,R005,Hub North,Zone 3,171.6,15785.1,1.6,1,48.8,-1.94,1.03,82.79
V003,Bus,Hybrid,9,280,6000,True,R003,Depot B,Zone 1,293.6,3010.4,1.13,2,59.7,-1.7,1.02,82.17
V041,Bus,Petrol,6,280,6000,True,R030,Central Hub,Industrial Park,314.6,5062.8,1.66,2,45.7,2.99,1.02,223.02
V047,Semi-Trailer,Diesel,6,450,26000,True,R015,Central Hub,Zone 3,164.7,7732.6,1.93,2,44.1,2.11,1.15,106.28
V045,Light Commercial,Diesel,9,100,3500,True,R020,Central Hub,Port Terminal,198.4,859.3,1.14,2,64.7,-0.09,1.06,35.57
V048,Light Commercial,Petrol,9,100,3500,True,R007,Central Hub,Industrial Park,285.0,1989.7,1.07,3,66.2,0.92,1.2,66.83
V049,Truck,Diesel,8,220,8000,True,R004,Depot C,Zone 3,268.8,3929.7,1.41,3,47.4,2.92,1.03,126.41
V037,Van,Petrol,6,75,1500,True,R002,Hub North,Metro Area,99.6,355.7,1.57,3,33.4,2.25,1.01,19.04
V032,Truck,Diesel,8,220,8000,True,R011,Central Hub,Port Terminal,311.7,4973.2,1.16,1,68.6,0.76,1.02,116.38
V052,Van,Petrol,2,75,1500,True,R001,Depot B,Port Terminal,288.5,1304.9,1.39,1,53.7,-2.85,1.07,40.83
V021,Van,Diesel,10,75,1500,True,R013,Central Hub,Metro Area,189.4,1093.8,1.83,2,39.2,-1.34,1.05,31.71
V006,Semi-Trailer,Diesel,8,450,26000,True,R010,Hub North,Zone 2,197.9,7231.2,1.25,2,52.0,3.99,1.11,113.63
V046,Truck,Diesel,4,220,8000,True,R016,Central Hub,Industrial Park,23.4,2421.2,1.6,1,31.8,1.13,1.02,10.14
V017,Light Commercial,Hybrid,8,100,3500,True,R018,Hub North,Port Terminal,158.6,2008.7,1.0,1,72.2,2.89,1.02,25.02
V059,Light Commercial,Diesel,7,100,3500,True,R010,Hub North,Zone 2,198.0,2365.6,1.29,2,55.8,4.16,1.03,52.47
V025,Truck,Diesel,11,220,8000,True,R014,Depot A,Metro Area,52.0,7457.2,1.64,2,36.9,-3.16,1.04,24.24
V052,Van,Petrol,2,75,1500,True,R003,Depot B,Zone 1,296.3,283.6,1.0,2,67.8,-1.16,1.05,33.37
V003,Bus,Hybrid,9,280,6000,True,R010,Hub North,Zone 2,198.4,3386.4,1.01,2,67.9,3.31,1.01,71.77
V040,Van,CNG,2,75,1500,True,R030,Central Hub,Industrial Park,312.0,1408.9,1.65,2,46.5,3.36,1.12,74.49
V027,Truck,Diesel,10,220,8000,True,R030,Central Hub,Industrial Park,312.6,1554.1,1.83,2,39.4,2.97,1.06,145.19
V028,Van,Diesel,4,75,1500,True,R015,Central Hub,Zone 3,164.3,1390.0,1.84,2,38.6,1.3,1.01,30.71
V016,Van,Petrol,6,75,1500,True,R029,Depot A,Port Terminal,31.8,739.3,1.06,3,48.1,3.7,1.1,5.86
V059,Light Commercial,Diesel,7,100,3500,True,R016,Central Hub,Industrial Park,21.9,2484.2,1.58,1,32.7,1.35,1.06,5.59
V024,Van,Diesel,7,75,1500,True,R004,Depot C,Zone 3,269.3,692.2,1.32,3,53.1,2.89,1.07,41.36
V052,Van,Petrol,2,75,1500,True,R027,Depot C,Zone 1,67.7,1222.3,1.26,2,37.3,-1.86,1.11,10.5
V026,Semi-Trailer,Diesel,7,450,26000,True,R013,Central Hub,Metro Area,190.6,22678.2,1.72,2,43.9,-2.15,1.19,106.35
V003,Bus,Hybrid,9,280,6000,True,R019,Depot B,Port Terminal,254.9,1450.0,1.31,2,57.7,-1.38,1.01,64.81
V053,Van,CNG,12,75,1500,True,R020,Central Hub,Port Terminal,197.6,1102.7,1.37,2,56.8,0.5,1.23,38.16
V012,Van,Petrol,1,75,1500,True,R010,Hub North,Zone 2,200.1,176.4,1.0,2,72.7,2.64,1.01,23.91
V017,Light Commercial,Hybrid,8,100,3500,True,R023,Depot B,Zone 2,269.6,1173.7,1.26,3,61.1,0.1,1.09,36.49
V052,Van,Petrol,2,75,1500,True,R016,Central Hub,Industrial Park,23.0,854.2,1.39,1,39.7,1.02,1.01,4.02
V054,Light Commercial,Petrol,7,100,3500,True,R011,Central Hub,Port Terminal,310.4,2144.5,1.35,1,55.9,0.74,1.05,74.79
V056,Semi-Trailer,Diesel,6,450,26000,True,R009,Depot A,Industrial Park,88.2,10672.4,1.34,1,36.8,-2.69,1.14,42.8
V026,Semi-Trailer,Diesel,7,450,26000,True,R023,Depot B,Zone 2,267.2,8576.7,1.42,3,51.8,-1.02,1.2,122.93
V046,Truck,Diesel,4,220,8000,True,R008,Depot B,Metro Area,126.7,1967.2,1.4,2,50.9,-2.66,1.03,36.04
V020,Truck,Diesel,4,220,8000,True,R004,Depot C,Zone 3,267.2,2430.0,1.12,3,63.2,2.55,1.17,97.89
V045,Light Commercial,Diesel,9,100,3500,True,R027,Depot C,Zone 1,72.6,737.4,1.29,2,37.4,-1.93,1.12,13.05
V031,Light Commercial,Diesel,6,100,3500,True,R010,Hub North,Zone 2,196.2,1127.0,1.3,2,59.4,3.97,1.01,43.97
V004,Van,Diesel,10,75,1500,True,R020,Central Hub,Port Terminal,197.8,1197.1,1.31,2,53.8,-0.82,1.11,27.59
V026,Semi-Trailer,Diesel,7,450,26000,True,R022,Central Hub,Metro Area,264.1,8954.2,1.23,2,60.5,-2.48,1.14,104.65
V029,Van,Diesel,12,75,1500,True,R026,Central Hub,Zone 4,112.4,1307.3,1.63,3,45.2,0.39,1.02,18.94
V016,Van,Petrol,6,75,1500,True,R019,Depot B,Port Terminal,257.1,462.7,1.41,2,60.3,-2.02,1.08,32.21
V023,Semi-Trailer,Diesel,7,450,26000,True,R022,Central Hub,Metro Area,264.2,13472.4,1.05,2,74.0,-1.87,1.28,115.43
V031,Light Commercial,Diesel,6,100,3500,True,R026,Central Hub,Zone 4,112.9,848.5,1.67,3,47.8,0.16,1.02,21.64
V003,Bus,Hybrid,9,280,6000,True,R029,Depot A,Port Terminal,33.7,687.2,1.0,3,53.7,3.45,1.09,10.21
V010,Semi-Trailer,Diesel,12,450,26000,True,R002,Hub North,Metro Area,100.6,16424.4,1.63,3,43.9,1.71,1.02,65.61
V047,Semi-Trailer,Diesel,6,450,26000,True,R023,Depot B,Zone 2,266.4,10064.6,1.15,3,70.6,-1.33,1.07,111.15
V022,Truck,Diesel,10,220,8000,True,R006,Depot C,Zone 1,150.0,3146.5,1.92,2,39.7,4.44,1.05,90.3
V037,Van,Petrol,6,75,1500,True,R027,Depot C,Zone 1,69.6,669.9,1.06,2,47.1,-1.55,1.07,9.35
V034,Van,Diesel,10,75,1500,True,R002,Hub North,Metro Area,98.8,1141.6,1.53,3,27.7,1.87,1.19,20.7
V034,Van,Diesel,10,75,1500,True,R008,Depot B,Metro Area,129.4,659.7,1.83,2,39.4,-2.79,1.09,18.65
V025,Truck,Diesel,11,220,8000,True,R006,Depot C,Zone 1,149.3,1387.6,1.8,2,34.5,4.16,1.14,83.64
V029,Van,Diesel,12,75,1500,True,R019,Depot B,Port Terminal,258.5,505.4,1.55,2,47.3,-1.38,1.11,35.01
V050,Light Commercial,Diesel,2,100,3500,True,R001,Depot B,Port Terminal,288.2,2064.0,1.56,1,45.8,-2.42,1.08,54.25
V058,Truck,Diesel,12,220,8000,True,R001,Depot B,Port Terminal,286.1,7555.7,1.56,1,46.5,-2.58,1.05,116.94
V016,Van,Petrol,6,75,1500,True,R016,Central Hub,Industrial Park,22.5,332.5,1.83,1,21.7,1.53,1.11,4.73
V041,Bus,Petrol,6,280,6000,True,R030,Central Hub,Industrial Park,315.6,2249.6,1.68,2,47.4,2.87,1.1,199.25
V059,Light Commercial,Diesel,7,100,3500,True,R016,Central Hub,Industrial Park,20.7,1794.6,1.41,1,37.9,1.38,1.08,4.96
V001,Semi-Trailer,Diesel,6,450,26000,True,R014,Depot A,Metro Area,54.6,23476.6,1.89,2,33.3,-2.02,1.17,36.58
V048,Light Commercial,Petrol,9,100,3500,True,R020,Central Hub,Port Terminal,198.3,672.6,1.27,2,65.9,0.32,1.28,40.28
V030,Van,Diesel,11,75,1500,True,R017,Hub North,Zone 2,141.8,1162.1,1.51,3,50.2,4.51,1.29,29.93
V059,Light Commercial,Diesel,7,100,3500,True,R012,Depot A,Zone 2,55.6,2500.8,1.21,2,45.6,1.92,1.22,12.87
V035,Van,Petrol,9,75,1500,True,R018,Hub North,Port Terminal,158.3,540.7,1.0,1,76.0,2.75,1.02,26.05
V051,Light Commercial,Diesel,8,100,3500,True,R001,Depot B,Port Terminal,288.9,2651.9,1.41,1,51.4,-2.48,1.17,56.27
V010,Semi-Trailer,Diesel,12,450,26000,True,R008,Depot B,Metro Area,127.5,15304.7,1.72,2,42.5,-3.61,1.07,65.84
V009,Semi-Trailer,Diesel,1,450,26000,True,R021,Depot A,Metro Area,277.1,6387.1,1.17,1,66.8,0.42,1.03,118.88
V056,Semi-Trailer,Diesel,6,450,26000,True,R011,Central Hub,Port Terminal,311.8,8914.8,1.32,1,73.3,0.61,1.01,149.61
V032,Truck,Diesel,8,220,8000,True,R002,Hub North,Metro Area,100.0,3032.7,1.48,3,55.3,2.11,1.24,43.73
V034,Van,Diesel,10,75,1500,True,R004,Depot C,Zone 3,270.9,561.9,1.15,3,66.1,2.92,1.05,38.1
V011,Van,Diesel,6,75,1500,True,R026,Central Hub,Zone 4,114.8,1101.6,2.04,3,38.8,0.81,1.3,20.73
V014,Light Commercial,Diesel,4,100,3500,True,R010,Hub North,Zone 2,200.8,2314.4,1.0,2,76.9,2.95,1.07,45.39
V050,Light Commercial,Diesel,2,100,3500,True,R001,Depot B,Port Terminal,286.9,2789.1,1.49,1,50.1,-2.85,1.06,49.67
V019,Semi-Trailer,Diesel,11,450,26000,True,R022,Central Hub,Metro Area,265.0,13888.6,1.38,2,57.5,-3.65,1.13,115.83
V036,Van,Diesel,6,75,1500,True,R016,Central Hub,Industrial Park,23.9,596.9,1.56,1,31.5,0.89,1.19,3.8
V019,Semi-Trailer,Diesel,11,450,26000,True,R014,Depot A,Metro Area,56.1,4097.3,1.99,2,21.1,-2.82,1.01,32.44
V016,Van,Petrol,6,75,1500,True,R027,Depot C,Zone 1,69.9,1162.9,1.35,2,39.0,-1.97,1.02,11.02
V010,Semi-Trailer,Diesel,12,450,26000,True,R010,Hub North,Zone 2,199.7,4252.4,1.21,2,64.5,3.63,1.08,108.34
V056,Semi-Trailer,Diesel,6,450,26000,True,R018,Hub North,Port Terminal,157.6,9262.4,1.04,1,71.5,2.61,1.03,76.07
V057,Light Commercial,Diesel,6,100,3500,True,R023,Depot B,Zone 2,266.7,2339.9,1.0,3,76.2,-1.59,1.01,45.85
V007,Van,Petrol,11,75,1500,True,R019,Depot B,Port Terminal,255.7,1124.3,1.42,2,56.6,-0.62,1.04,43.86
V022,Truck,Diesel,10,220,8000,True,R007,Central Hub,Industrial Park,288.5,1265.9,1.33,3,56.0,0.64,1.01,93.92
V034,Van,Diesel,10,75,1500,True,R021,Depot A,Metro Area,279.2,924.7,1.28,1,56.6,-0.3,1.05,37.36
V023,Semi-Trailer,Diesel,7,450,26000,True,R023,Depot B,Zone 2,267.2,5630.8,1.54,3,45.9,-1.29,1.06,125.21
V044,Van,CNG,4,75,1500,True,R004,Depot C,Zone 3,268.5,1115.5,1.34,3,54.9,2.9,1.33,55.21
V016,Van,Petrol,6,75,1500,True,R005,Hub North,Zone 3,172.4,1080.6,1.89,1,45.7,-1.52,1.13,30.5
V004,Van,Diesel,10,75,1500,True,R021,Depot A,Metro Area,279.5,1103.8,1.42,1,51.8,0.65,1.18,43.04
V021,Van,Diesel,10,75,1500,True,R004,Depot C,Zone 3,269.3,231.3,1.38,3,55.7,2.94,1.06,40.37
V036,Van,Diesel,6,75,1500,True,R027,Depot C,Zone 1,70.1,863.3,1.24,2,39.1,-0.87,1.17,9.54
V011,Van,Diesel,6,75,1500,True,R004,Depot C,Zone 3,265.9,457.1,1.29,3,56.6,2.8,1.12,36.02
V049,Truck,Diesel,8,220,8000,True,R030,Central Hub,Industrial Park,314.7,4171.5,1.62,2,42.9,3.09,1.11,159.63
V001,Semi-Trailer,Diesel,6,450,26000,True,R021,Depot A,Metro Area,278.4,24466.0,1.32,1,57.4,0.54,1.01,154.66
V005,Light Commercial,CNG,10,100,3500,True,R014,Depot A,Metro Area,53.0,619.2,1.76,2,26.3,-2.03,1.01,12.51
V031,Light Commercial,Diesel,6,100,3500,True,R009,Depot A,Industrial Park,87.0,2117.3,1.8,1,32.8,-2.0,1.18,20.26
V031,Light Commercial,Diesel,6,100,3500,True,R011,Central Hub,Port Terminal,311.8,840.9,1.02,1,73.2,0.4,1.07,52.46
V018,Light Commercial,Hybrid,9,100,3500,True,R023,Depot B,Zone 2,266.4,1867.4,1.19,3,62.7,-1.02,1.01,34.58
V016,Van,Petrol,6,75,1500,True,R023,Depot B,Zone 2,263.3,814.1,1.4,3,52.7,-2.01,1.08,37.61
V005,Light Commercial,CNG,10,100,3500,True,R007,Central Hub,Industrial Park,286.9,1707.3,1.27,3,60.7,0.57,1.07,62.21
V040,Van,CNG,2,75,1500,True,R017,Hub North,Zone 2,144.6,965.5,1.81,3,47.5,4.67,1.01,32.68
V023,Semi-Trailer,Diesel,7,450,26000,True,R030,Central Hub,Industrial Park,313.1,24129.7,1.69,2,40.1,3.28,1.03,254.32
V008,Semi-Trailer,Diesel,1,450,26000,True,R008,Depot B,Metro Area,128.8,20395.3,1.64,2,46.8,-2.77,1.03,64.63
V024,Van,Diesel,7,75,1500,True,R021,Depot A,Metro Area,281.2,1372.1,1.27,1,52.9,0.81,1.03,40.85
V057,Light Commercial,Diesel,6,100,3500,True,R006,Depot C,Zone 1,148.9,913.6,1.71,2,48.7,4.29,1.05,40.21
V016,Van,Petrol,6,75,1500,True,R026,Central Hub,Zone 4,113.5,1416.4,1.45,3,51.2,0.25,1.06,20.25
V054,Light Commercial,Petrol,7,100,3500,True,R006,Depot C,Zone 1,143.5,1257.9,1.89,2,33.7,4.25,1.04,48.26
V016,Van,Petrol,6,75,1500,True,R009,Depot A,Industrial Park,91.1,193.6,2.04,1,19.4,-2.97,1.01,15.33
V012,Van,Petrol,1,75,1500,True,R014,Depot A,Metro Area,56.0,706.2,1.86,2,30.1,-2.26,1.07,9.51
V016,Van,Petrol,6,75,1500,True,R012,Depot A,Zone 2,58.9,463.9,1.23,2,34.0,2.04,1.21,10.13
V020,Truck,Diesel,4,220,8000,True,R006,Depot C,Zone 1,146.5,5982.4,1.73,2,44.4,4.68,1.04,82.82
V008,Semi-Trailer,Diesel,1,450,26000,True,R020,Central Hub,Port Terminal,196.3,4521.4,1.52,2,47.5,-0.37,1.0,84.49
V036,Van,Diesel,6,75,1500,True,R001,Depot B,Port Terminal,288.3,848.7,1.48,1,49.8,-2.4,1.0,35.89
V021,Van,Diesel,10,75,1500,True,R030,Central Hub,Industrial Park,313.4,519.0,1.71,2,41.2,2.05,1.17,54.8
V044,Van,CNG,4,75,1500,True,R002,Hub North,Metro Area,101.8,413.6,1.4,3,49.9,1.93,1.2,17.9
V030,Van,Diesel,11,75,1500,True,R011,Central Hub,Port Terminal,313.0,1266.4,1.09,1,66.8,0.55,1.09,43.62
V027,Truck,Diesel,10,220,8000,True,R028,Central Hub,Zone 4,29.9,4305.4,1.53,1,35.1,-0.95,1.16,12.78
V029,Van,Diesel,12,75,1500,True,R005,Hub North,Zone 3,171.7,564.9,1.94,1,37.6,-1.49,1.17,27.48
V010,Semi-Trailer,Diesel,12,450,26000,True,R003,Depot B,Zone 1,295.2,19089.2,1.22,2,63.1,-1.76,1.01,145.71
V043,Truck,Diesel,9,220,8000,True,R023,Depot B,Zone 2,266.1,6601.7,1.0,3,74.0,-0.31,1.06,98.76
V007,Van,Petrol,11,75,1500,True,R003,Depot B,Zone 1,293.9,713.7,1.0,2,77.4,-2.08,1.08,38.17
V044,Van,CNG,4,75,1500,True,R027,Depot C,Zone 1,72.0,382.2,1.34,2,39.0,-1.48,1.13,10.46
V060,Light Commercial,Diesel,7,100,3500,True,R014,Depot A,Metro Area,56.9,3308.2,1.68,2,27.6,-2.95,1.2,14.09
V046,Truck,Diesel,4,220,8000,True,R027,Depot C,Zone 1,72.0,3241.0,1.38,2,32.3,-1.83,1.03,25.73
V028,Van,Diesel,4,75,1500,True,R008,Depot B,Metro Area,128.7,412.0,1.41,2,57.2,-2.63,1.03,13.64
V019,Semi-Trailer,Diesel,11,450,26000,True,R005,Hub North,Zone 3,168.9,4883.1,1.79,1,38.8,-1.53,1.02,90.34
V053,Van,CNG,12,75,1500,True,R029,Depot A,Port Terminal,30.6,307.9,1.12,3,46.5,3.9,1.07,5.85
V016,Van,Petrol,6,75,1500,True,R023,Depot B,Zone 2,265.4,1352.4,1.24,3,60.5,-0.89,1.1,41.32
V029,Van,Diesel,12,75,1500,True,R028,Central Hub,Zone 4,29.8,1357.0,1.32,1,36.2,-0.71,1.07,4.84
V047,Semi-Trailer,Diesel,6,450,26000,True,R010,Hub North,Zone 2,196.8,13825.3,1.0,2,76.7,3.85,1.22,117.57
V056,Semi-Trailer,Diesel,6,450,26000,True,R013,Central Hub,Metro Area,192.2,17896.2,1.72,2,49.2,-2.02,1.13,108.04
V056,Semi-Trailer,Diesel,6,450,26000,True,R018,Hub North,Port Terminal,156.0,21001.4,1.14,1,68.4,2.74,1.02,94.17
V006,Semi-Trailer,Diesel,8,450,26000,True,R014,Depot A,Metro Area,53.1,14919.7,1.94,2,26.3,-2.37,1.22,34.8
V054,Light Commercial,Petrol,7,100,3500,True,R008,Depot B,Metro Area,130.8,2334.3,1.6,2,53.5,-2.65,1.2,28.51
V007,Van,Petrol,11,75,1500,True,R012,Depot A,Zone 2,53.7,1382.9,1.27,2,32.8,2.18,1.08,12.04
V036,Van,Diesel,6,75,1500,True,R019,Depot B,Port Terminal,258.0,370.0,1.54,2,44.2,-1.51,1.01,30.9
V056,Semi-Trailer,Diesel,6,450,26000,True,R002,Hub North,Metro Area,102.2,5667.1,1.83,3,39.2,1.97,1.06,64.64
V040,Van,CNG,2,75,1500,True,R011,Central Hub,Port Terminal,312.8,1110.1,1.16,1,70.2,0.38,1.02,45.83
V057,Light Commercial,Diesel,6,100,3500,True,R009,Depot A,Industrial Park,89.7,2442.4,1.45,1,38.2,-2.95,1.02,18.15
V021,Van,Diesel,10,75,1500,True,R003,Depot B,Zone 1,294.9,387.1,1.07,2,63.2,-2.23,1.01,30.25
V019,Semi-Trailer,Diesel,11,450,26000,True,R004,Depot C,Zone 3,269.2,9283.4,1.31,3,55.4,2.3,1.01,152.64
V020,Truck,Diesel,4,220,8000,True,R015,Central Hub,Zone 3,166.1,5459.7,1.89,2,34.4,2.51,1.03,90.94
V022,Truck,Diesel,10,220,8000,True,R004,Depot C,Zone 3,268.7,4161.7,1.07,3,69.9,2.08,1.02,103.71
V041,Bus,Petrol,6,280,6000,True,R011,Central Hub,Port Terminal,308.6,5156.7,1.12,1,70.4,0.99,1.29,158.15
V028,Van,Diesel,4,75,1500,True,R017,Hub North,Zone 2,142.0,1217.4,1.66,3,49.1,3.9,1.04,28.01
V045,Light Commercial,Diesel,9,100,3500,True,R027,Depot C,Zone 1,71.4,1799.2,1.23,2,41.6,-1.14,1.02,13.89
V025,Truck,Diesel,11,220,8000,True,R003,Depot B,Zone 1,293.5,5334.7,1.03,2,70.8,-2.54,1.04,90.92
V019,Semi-Trailer,Diesel,11,450,26000,True,R014,Depot A,Metro Area,57.4,16820.5,2.08,2,23.7,-2.6,1.09,40.5
V012,Van,Petrol,1,75,1500,True,R004,Depot C,Zone 3,268.0,267.4,1.14,3,68.6,3.55,1.12,44.76
V034,Van,Diesel,10,75,1500,True,R013,Central Hub,Metro Area,192.3,692.6,1.87,2,49.4,-1.61,1.03,27.13
V054,Light Commercial,Petrol,7,100,3500,True,R015,Central Hub,Zone 3,165.7,1658.6,1.96,2,33.5,1.67,1.0,55.94
V052,Van,Petrol,2,75,1500,True,R024,Depot C,Zone 2,101.5,1294.1,1.11,1,74.2,-3.05,1.02,12.04
V016,Van,Petrol,6,75,1500,True,R014,Depot A,Metro Area,55.3,1278.7,1.79,2,29.0,-3.04,1.06,10.35
V029,Van,Diesel,12,75,1500,True,R029,Depot A,Port Terminal,32.1,223.5,1.12,3,47.7,4.46,1.18,5.31
V043,Truck,Diesel,9,220,8000,True,R005,Hub North,Zone 3,169.9,6547.1,1.83,1,41.8,-1.59,1.01,75.59
V037,Van,Petrol,6,75,1500,True,R002,Hub North,Metro Area,100.4,929.9,1.54,3,54.3,1.75,1.03,17.95
V005,Light Commercial,CNG,10,100,3500,True,R001,Depot B,Port Terminal,289.5,398.3,1.43,1,53.9,-2.27,1.04,52.68
V036,Van,Diesel,6,75,1500,True,R011,Central Hub,Port Terminal,311.5,636.6,1.12,1,64.6,-0.01,1.01,36.73
V003,Bus,Hybrid,9,280,6000,True,R006,Depot C,Zone 1,149.9,5129.3,1.71,2,45.6,4.6,1.0,82.19
V007,Van,Petrol,11,75,1500,True,R003,Depot B,Zone 1,292.0,606.7,1.03,2,77.1,-1.83,1.23,40.46
V040,Van,CNG,2,75,1500,True,R008,Depot B,Metro Area,126.5,1012.5,1.31,2,57.1,-2.62,1.33,17.57
V007,Van,Petrol,11,75,1500,True,R030,Central Hub,Industrial Park,315.0,871.2,1.68,2,36.2,2.69,1.03,72.3
V021,Van,Diesel,10,75,1500,True,R025,Hub North,Zone 1,69.6,902.1,1.44,2,34.2,-3.7,1.13,9.39
V036,Van,Diesel,6,75,1500,True,R001,Depot B,Port Terminal,288.0,763.0,1.21,1,62.4,-2.55,1.02,30.42
V040,Van,CNG,2,75,1500,True,R028,Central Hub,Zone 4,30.6,765.0,1.42,1,35.1,-0.25,1.24,5.16
V027,Truck,Diesel,10,220,8000,True,R007,Central Hub,Industrial Park,288.6,6938.0,1.24,3,58.4,0.81,1.31,124.6
V006,Semi-Trailer,Diesel,8,450,26000,True,R013,Central Hub,Metro Area,191.0,11745.3,1.88,2,45.2,-1.89,1.02,97.29
V048,Light Commercial,Petrol,9,100,3500,True,R010,Hub North,Zone 2,196.7,919.5,1.13,2,56.9,3.86,1.08,51.65
V057,Light Commercial,Diesel,6,100,3500,True,R013,Central Hub,Metro Area,192.5,1598.7,1.79,2,42.3,-1.98,1.13,40.44
V054,Light Commercial,Petrol,7,100,3500,True,R023,Depot B,Zone 2,267.9,2530.4,1.38,3,54.9,-1.0,1.01,59.71
V045,Light Commercial,Diesel,9,100,3500,True,R022,Central Hub,Metro Area,262.4,1763.8,1.01,2,82.9,-2.85,1.32,45.21
V025,Truck,Diesel,11,220,8000,True,R018,Hub North,Port Terminal,157.3,5778.3,1.05,1,71.2,3.16,1.0,68.41
V053,Van,CNG,12,75,1500,True,R019,Depot B,Port Terminal,257.6,455.7,1.73,2,45.2,-1.52,1.11,42.17
V030,Van,Diesel,11,75,1500,True,R022,Central Hub,Metro Area,264.7,893.0,1.13,2,66.6,-2.88,1.2,31.45
V009,Semi-Trailer,Diesel,1,450,26000,True,R006,Depot C,Zone 1,147.7,21701.6,1.82,2,41.7,3.84,1.08,115.31
V052,Van,Petrol,2,75,1500,True,R012,Depot A,Zone 2,54.4,824.9,1.09,2,53.0,2.36,1.35,8.91
V020,Truck,Diesel,4,220,8000,True,R004,Depot C,Zone 3,270.0,5130.4,1.4,3,49.0,2.67,1.1,123.05
V057,Light Commercial,Diesel,6,100,3500,True,R022,Central Hub,Metro Area,263.3,2369.5,1.09,2,65.9,-2.63,1.02,43.3
V023,Semi-Trailer,Diesel,7,450,26000,True,R014,Depot A,Metro Area,54.6,18946.9,1.52,2,36.0,-1.57,1.31,30.92
V053,Van,CNG,12,75,1500,True,R020,Central Hub,Port Terminal,196.5,596.6,1.3,2,58.9,0.12,1.01,30.28
V033,Truck,Diesel,6,220,8000,True,R017,Hub North,Zone 2,141.7,5062.6,1.35,3,54.3,4.87,1.0,71.73
V029,Van,Diesel,12,75,1500,True,R009,Depot A,Industrial Park,89.3,680.6,1.73,1,28.7,-2.74,1.05,13.9
V018,Light Commercial,Hybrid,9,100,3500,True,R005,Hub North,Zone 3,172.6,1513.1,1.66,1,48.8,-1.02,1.02,24.78
V051,Light Commercial,Diesel,8,100,3500,True,R030,Central Hub,Industrial Park,314.7,1763.7,1.74,2,45.0,2.93,1.02,86.15
V004,Van,Diesel,10,75,1500,True,R009,Depot A,Industrial Park,89.3,670.0,1.72,1,26.3,-2.37,1.04,13.95
V029,Van,Diesel,12,75,1500,True,R004,Depot C,Zone 3,271.2,183.0,1.11,3,68.3,3.78,1.06,36.73
V023,Semi-Trailer,Diesel,7,450,26000,True,R010,Hub North,Zone 2,196.7,18998.1,1.14,2,65.8,3.39,1.21,119.25
V033,Truck,Diesel,6,220,8000,True,R028,Central Hub,Zone 4,27.6,4773.5,1.56,1,33.9,-0.5,1.13,12.01
V016,Van,Petrol,6,75,1500,True,R008,Depot B,Metro Area,127.4,325.4,1.82,2,39.9,-3.1,1.12,19.3
V040,Van,CNG,2,75,1500,True,R030,Central Hub,Industrial Park,312.7,483.2,1.53,2,44.0,3.28,1.12,56.88
V024,Van,Diesel,7,75,1500,True,R014,Depot A,Metro Area,53.5,929.1,1.63,2,33.5,-2.73,1.09,7.97
V012,Van,Petrol,1,75,1500,True,R026,Central Hub,Zone 4,112.1,810.5,2.04,3,38.9,0.95,1.02,20.44
V012,Van,Petrol,1,75,1500,True,R020,Central Hub,Port Terminal,200.8,1072.4,1.35,2,61.3,-0.86,1.05,29.74
V042,Bus,Hybrid,4,280,6000,True,R002,Hub North,Metro Area,103.1,3095.1,1.64,3,40.4,2.0,1.09,39.9
V016,Van,Petrol,6,75,1500,True,R016,Central Hub,Industrial Park,23.4,1226.9,1.45,1,34.2,0.68,1.01,4.48
V019,Semi-Trailer,Diesel,11,450,26000,True,R013,Central Hub,Metro Area,195.4,4311.8,1.72,2,42.6,-1.61,1.19,100.0
V038,Light Commercial,Diesel,6,100,3500,True,R007,Central Hub,Industrial Park,287.0,2174.2,1.56,3,46.6,0.64,1.15,63.99
V020,Truck,Diesel,4,220,8000,True,R017,Hub North,Zone 2,140.4,3326.5,1.57,3,41.7,4.02,1.19,71.77
V024,Van,Diesel,7,75,1500,True,R004,Depot C,Zone 3,269.7,541.2,1.46,3,47.1,2.82,1.02,42.44
V015,Van,Diesel,9,75,1500,True,R021,Depot A,Metro Area,276.8,1353.1,1.25,1,60.9,-0.21,1.16,35.11
V021,Van,Diesel,10,75,1500,True,R025,Hub North,Zone 1,67.2,1251.4,1.37,2,34.6,-2.73,1.01,9.56
V042,Bus,Hybrid,4,280,6000,True,R003,Depot B,Zone 1,295.2,1537.0,1.0,2,71.7,-2.08,1.17,67.41
V033,Truck,Diesel,6,220,8000,True,R015,Central Hub,Zone 3,163.8,1190.6,1.64,2,51.4,1.69,1.2,67.07
V060,Light Commercial,Diesel,7,100,3500,True,R020,Central Hub,Port Terminal,198.6,2930.1,1.38,2,63.7,-0.06,1.07,42.38
V047,Semi-Trailer,Diesel,6,450,26000,True,R002,Hub North,Metro Area,99.0,6341.5,1.81,3,27.3,2.43,1.1,72.2
V002,Truck,Diesel,11,220,8000,True,R012,Depot A,Zone 2,55.2,7112.1,1.17,2,36.6,1.92,1.25,27.81
V023,Semi-Trailer,Diesel,7,450,26000,True,R008,Depot B,Metro Area,130.5,8728.8,1.6,2,48.3,-2.84,1.22,61.23
V018,Light Commercial,Hybrid,9,100,3500,True,R002,Hub North,Metro Area,100.8,1574.7,1.51,3,41.3,1.89,1.05,18.85
V036,Van,Diesel,6,75,1500,True,R025,Hub North,Zone 1,67.1,207.4,1.57,2,26.4,-3.9,1.06,7.8
V016,Van,Petrol,6,75,1500,True,R014,Depot A,Metro Area,53.1,835.4,1.6,2,32.8,-2.99,1.1,8.91
V058,Truck,Diesel,12,220,8000,True,R023,Depot B,Zone 2,265.3,2083.4,1.0,3,69.5,-1.17,1.19,82.16
V018,Light Commercial,Hybrid,9,100,3500,True,R018,Hub North,Port Terminal,158.2,1632.5,1.2,1,61.6,2.49,1.07,25.61
V032,Truck,Diesel,8,220,8000,True,R027,Depot C,Zone 1,70.9,7052.0,1.21,2,35.4,-2.25,1.01,27.49
V008,Semi-Trailer,Diesel,1,450,26000,True,R030,Central Hub,Industrial Park,312.6,8181.9,1.63,2,46.4,3.26,1.03,178.7
V055,Van,CNG,6,75,1500,True,R019,Depot B,Port Terminal,254.7,959.5,1.44,2,56.4,-1.54,1.01,39.32
V055,Van,CNG,6,75,1500,True,R011,Central Hub,Port Terminal,312.0,407.5,1.28,1,56.2,0.57,1.14,46.31
V048,Light Commercial,Petrol,9,100,3500,True,R013,Central Hub,Metro Area,190.9,2164.3,1.71,2,43.7,-2.18,1.03,47.67
V022,Truck,Diesel,10,220,8000,True,R025,Hub North,Zone 1,69.3,2766.2,1.41,2,32.2,-3.04,1.0,24.8
V004,Van,Diesel,10,75,1500,True,R013,Central Hub,Metro Area,191.1,1019.0,1.58,2,44.4,-1.69,1.11,28.14
V043,Truck,Diesel,9,220,8000,True,R016,Central Hub,Industrial Park,21.1,6040.2,1.53,1,29.3,0.83,1.02,10.69
V026,Semi-Trailer,Diesel,7,450,26000,True,R006,Depot C,Zone 1,147.9,22062.9,1.81,2,44.7,4.62,1.19,131.49
V060,Light Commercial,Diesel,7,100,3500,True,R030,Central Hub,Industrial Park,317.3,3082.8,1.66,2,39.4,2.6,1.11,97.91
V042,Bus,Hybrid,4,280,6000,True,R020,Central Hub,Port Terminal,200.0,1830.6,1.33,2,55.0,-0.16,1.07,54.54
V033,Truck,Diesel,6,220,8000,True,R010,Hub North,Zone 2,198.0,1677.2,1.22,2,63.3,3.96,1.09,79.14
V060,Light Commercial,Diesel,7,100,3500,True,R018,Hub North,Port Terminal,158.1,494.3,1.05,1,74.8,3.27,1.14,30.11
V049,Truck,Diesel,8,220,8000,True,R013,Central Hub,Metro Area,189.6,5698.4,1.57,2,49.4,-1.37,1.02,69.59
V028,Van,Diesel,4,75,1500,True,R005,Hub North,Zone 3,170.4,388.3,1.97,1,37.9,-1.34,1.18,23.76
V002,Truck,Diesel,11,220,8000,True,R027,Depot C,Zone 1,66.6,6241.1,1.18,2,40.2,-1.6,1.03,26.88
V006,Semi-Trailer,Diesel,8,450,26000,True,R027,Depot C,Zone 1,73.0,23922.5,1.27,2,43.1,-1.79,1.0,37.68
V027,Truck,Diesel,10,220,8000,True,R026,Central Hub,Zone 4,114.3,1806.2,1.44,3,48.6,-0.18,1.14,40.11
V034,Van,Diesel,10,75,1500,True,R012,Depot A,Zone 2,55.8,511.2,1.12,2,41.3,1.38,1.02,7.58
V002,Truck,Diesel,11,220,8000,True,R008,Depot B,Metro Area,129.2,4363.6,1.49,2,55.9,-2.81,1.01,42.77
V008,Semi-Trailer,Diesel,1,450,26000,True,R002,Hub North,Metro Area,98.5,12115.1,1.48,3,35.2,1.74,1.0,55.78
V043,Truck,Diesel,9,220,8000,True,R022,Central Hub,Metro Area,263.8,3696.4,1.46,2,52.8,-2.1,1.1,91.89
V046,Truck,Diesel,4,220,8000,True,R010,Hub North,Zone 2,200.5,2276.3,1.25,2,62.5,4.03,1.0,79.34
V002,Truck,Diesel,11,220,8000,True,R027,Depot C,Zone 1,70.6,6846.7,1.43,2,34.5,-1.88,1.05,30.42
V031,Light Commercial,Diesel,6,100,3500,True,R027,Depot C,Zone 1,69.6,2377.7,1.38,2,30.5,-1.28,1.09,15.32
V005,Light Commercial,CNG,10,100,3500,True,R004,Depot C,Zone 3,265.5,807.8,1.45,3,52.8,2.78,1.18,69.34
V044,Van,CNG,4,75,1500,True,R028,Central Hub,Zone 4,32.1,155.7,1.44,1,34.6,-0.24,1.03,4.84
V051,Light Commercial,Diesel,8,100,3500,True,R005,Hub North,Zone 3,172.0,2619.0,2.04,1,33.3,-1.13,1.35,45.27
V053,Van,CNG,12,75,1500,True,R015,Central Hub,Zone 3,161.4,170.2,1.94,2,34.4,2.3,1.04,34.38
V036,Van,Diesel,6,75,1500,True,R015,Central Hub,Zone 3,162.6,1272.5,1.82,2,41.1,1.6,1.06,30.57
V038,Light Commercial,Diesel,6,100,3500,True,R029,Depot A,Port Terminal,28.9,1925.0,1.17,3,37.3,4.31,1.28,8.13
V056,Semi-Trailer,Diesel,6,450,26000,True,R020,Central Hub,Port Terminal,198.7,23154.9,1.33,2,55.8,-0.95,1.02,101.83
V037,Van,Petrol,6,75,1500,True,R027,Depot C,Zone 1,70.7,1134.1,1.26,2,38.7,-1.09,1.02,11.71
V027,Truck,Diesel,10,220,8000,True,R018,Hub North,Port Terminal,156.8,6881.5,1.05,1,70.7,2.77,1.17,69.11
V046,Truck,Diesel,4,220,8000,True,R025,Hub North,Zone 1,69.5,5858.0,1.58,2,33.3,-3.07,1.0,27.16
V036,Van,Diesel,6,75,1500,True,R026,Central Hub,Zone 4,112.1,885.2,2.01,3,39.8,-0.27,1.08,19.48
V051,Light Commercial,Diesel,8,100,3500,True,R026,Central Hub,Zone 4,113.6,864.9,1.57,3,44.9,0.38,1.03,23.24
V032,Truck,Diesel,8,220,8000,True,R013,Central Hub,Metro Area,191.7,5748.0,1.86,2,43.8,-1.36,1.01,82.68
V053,Van,CNG,12,75,1500,True,R012,Depot A,Zone 2,59.8,905.2,1.09,2,44.8,1.75,1.07,11.31
V003,Bus,Hybrid,9,280,6000,True,R030,Central Hub,Industrial Park,313.0,2918.8,1.86,2,47.3,3.21,1.02,135.54
V003,Bus,Hybrid,9,280,6000,True,R023,Depot B,Zone 2,265.1,3448.8,1.12,3,64.6,-1.01,1.06,72.02
V006,Semi-Trailer,Diesel,8,450,26000,True,R028,Central Hub,Zone 4,28.5,7732.9,1.53,1,26.2,-0.08,1.04,16.57
V034,Van,Diesel,10,75,1500,True,R018,Hub North,Port Terminal,157.3,665.6,1.04,1,75.7,2.86,1.04,21.84
V043,Truck,Diesel,9,220,8000,True,R028,Central Hub,Zone 4,27.4,1644.5,1.21,1,43.0,-0.88,1.33,9.47
V013,Truck,Hybrid,5,220,8000,True,R022,Central Hub,Metro Area,264.5,3586.4,1.36,2,59.9,-2.64,1.11,64.64
V010,Semi-Trailer,Diesel,12,450,26000,True,R023,Depot B,Zone 2,263.6,12919.2,1.03,3,74.2,-0.38,1.05,115.98
V052,Van,Petrol,2,75,1500,True,R006,Depot C,Zone 1,147.9,1243.7,1.77,2,51.7,4.64,1.11,35.28
V046,Truck,Diesel,4,220,8000,True,R018,Hub North,Port Terminal,155.6,4384.8,1.0,1,74.2,2.73,1.01,58.96
V039,Truck,Diesel,12,220,8000,True,R022,Central Hub,Metro Area,263.5,6980.3,1.0,2,79.2,-1.76,1.08,99.63
V030,Van,Diesel,11,75,1500,True,R023,Depot B,Zone 2,267.4,1384.1,1.14,3,63.7,-0.56,1.1,38.64
V026,Semi-Trailer,Diesel,7,450,26000,True,R029,Depot A,Port Terminal,34.3,3682.6,1.04,3,50.0,4.23,1.12,19.04
V002,Truck,Diesel,11,220,8000,True,R010,Hub North,Zone 2,196.2,4860.6,1.03,2,75.2,3.63,1.02,91.32
V012,Van,Petrol,1,75,1500,True,R010,Hub North,Zone 2,197.6,531.5,1.2,2,65.6,3.79,1.04,31.91
V054,Light Commercial,Petrol,7,100,3500,True,R030,Central Hub,Industrial Park,312.7,2882.7,1.45,2,54.9,3.23,1.11,98.36
V021,Van,Diesel,10,75,1500,True,R030,Central Hub,Industrial Park,312.5,779.9,1.69,2,31.5,2.05,1.07,60.06
V043,Truck,Diesel,9,220,8000,True,R006,Depot C,Zone 1,146.6,1331.0,1.74,2,42.8,4.6,1.24,75.3
V043,Truck,Diesel,9,220,8000,True,R012,Depot A,Zone 2,56.4,2262.0,1.0,2,47.7,1.86,1.18,21.07
V019,Semi-Trailer,Diesel,11,450,26000,True,R029,Depot A,Port Terminal,30.1,17492.9,1.05,3,46.0,3.7,1.01,19.52
V013,Truck,Hybrid,5,220,8000,True,R006,Depot C,Zone 1,151.1,1341.4,1.83,2,39.8,4.36,1.02,59.05
V042,Bus,Hybrid,4,280,6000,True,R024,Depot C,Zone 2,102.4,2533.3,1.0,1,78.9,-2.89,1.05,23.69
V006,Semi-Trailer,Diesel,8,450,26000,True,R004,Depot C,Zone 3,266.6,21862.8,1.38,3,55.3,2.25,1.09,170.98
V030,Van,Diesel,11,75,1500,True,R006,Depot C,Zone 1,147.1,187.2,1.82,2,39.1,4.94,1.07,30.16
V054,Light Commercial,Petrol,7,100,3500,True,R024,Depot C,Zone 2,100.6,2421.2,1.0,1,69.1,-2.09,1.02,19.02
V043,Truck,Diesel,9,220,8000,True,R019,Depot B,Port Terminal,259.2,5393.3,1.47,2,57.2,-2.61,1.05,87.9
V046,Truck,Diesel,4,220,8000,True,R017,Hub North,Zone 2,140.3,2981.0,1.65,3,42.8,4.0,1.05,70.62
V005,Light Commercial,CNG,10,100,3500,True,R026,Central Hub,Zone 4,110.0,685.3,1.62,3,45.8,0.89,1.02,26.82
V012,Van,Petrol,1,75,1500,True,R010,Hub North,Zone 2,196.9,280.6,1.18,2,72.2,3.39,1.1,30.35
V017,Light Commercial,Hybrid,8,100,3500,True,R016,Central Hub,Industrial Park,23.6,3233.5,1.73,1,26.4,1.44,1.11,5.49
V018,Light Commercial,Hybrid,9,100,3500,True,R019,Depot B,Port Terminal,259.8,2363.8,1.34,2,54.8,-1.22,1.04,37.76
V012,Van,Petrol,1,75,1500,True,R023,Depot B,Zone 2,268.6,629.4,1.24,3,61.5,-1.56,1.1,33.55
V059,Light Commercial,Diesel,7,100,3500,True,R010,Hub North,Zone 2,198.6,2829.8,1.05,2,65.1,3.44,1.07,46.51
V010,Semi-Trailer,Diesel,12,450,26000,True,R020,Central Hub,Port Terminal,198.8,4883.7,1.33,2,49.7,-0.38,1.04,90.12
V043,Truck,Diesel,9,220,8000,True,R014,Depot A,Metro Area,56.2,1663.1,1.86,2,25.0,-3.07,1.35,23.6
V036,Van,Diesel,6,75,1500,True,R017,Hub North,Zone 2,141.1,401.9,1.17,3,62.4,3.65,1.17,21.12
V037,Van,Petrol,6,75,1500,True,R026,Central Hub,Zone 4,109.2,1123.5,1.67,3,45.5,0.22,1.08,20.18
V013,Truck,Hybrid,5,220,8000,True,R012,Depot A,Zone 2,55.9,3580.5,1.21,2,37.3,1.66,1.12,17.77
V019,Semi-Trailer,Diesel,11,450,26000,True,R021,Depot A,Metro Area,278.1,16800.9,1.28,1,60.2,0.24,1.0,143.97
V037,Van,Petrol,6,75,1500,True,R029,Depot A,Port Terminal,30.7,446.4,1.05,3,38.9,4.32,1.07,5.59
V018,Light Commercial,Hybrid,9,100,3500,True,R023,Depot B,Zone 2,266.7,2662.5,1.0,3,74.4,-0.81,1.02,36.38
V042,Bus,Hybrid,4,280,6000,True,R030,Central Hub,Industrial Park,314.2,4688.5,1.76,2,44.0,3.22,1.13,147.35
V003,Bus,Hybrid,9,280,6000,True,R018,Hub North,Port Terminal,159.0,2707.6,1.01,1,75.5,2.67,1.02,49.54
V005,Light Commercial,CNG,10,100,3500,True,R009,Depot A,Industrial Park,89.7,972.6,1.79,1,27.3,-2.28,1.07,23.4
V044,Van,CNG,4,75,1500,True,R030,Central Hub,Industrial Park,314.1,953.3,1.73,2,40.8,2.86,1.15,75.29
V038,Light Commercial,Diesel,6,100,3500,True,R020,Central Hub,Port Terminal,198.2,1112.0,1.28,2,57.7,-0.38,1.14,35.02
V003,Bus,Hybrid,9,280,6000,True,R008,Depot B,Metro Area,129.2,1356.3,1.81,2,46.4,-1.98,1.07,38.0
V054,Light Commercial,Petrol,7,100,3500,True,R010,Hub North,Zone 2,196.9,2182.0,1.12,2,64.5,2.57,1.14,52.54
V001,Semi-Trailer,Diesel,6,450,26000,True,R008,Depot B,Metro Area,128.7,13935.3,1.83,2,44.9,-3.49,1.02,63.34
V058,Truck,Diesel,12,220,8000,True,R026,Central Hub,Zone 4,115.9,6127.5,1.95,3,43.0,0.69,1.03,59.3
V044,Van,CNG,4,75,1500,True,R003,Depot B,Zone 1,294.7,522.7,1.24,2,53.7,-1.77,1.0,36.72
V060,Light Commercial,Diesel,7,100,3500,True,R023,Depot B,Zone 2,267.2,1020.3,1.14,3,65.1,-1.59,1.1,42.05
V057,Light Commercial,Diesel,6,100,3500,True,R017,Hub North,Zone 2,141.7,2255.6,1.91,3,35.3,3.81,1.1,46.88
V019,Semi-Trailer,Diesel,11,450,26000,True,R003,Depot B,Zone 1,295.9,18093.4,1.1,2,62.0,-2.03,1.1,139.7
V046,Truck,Diesel,4,220,8000,True,R019,Depot B,Port Terminal,259.1,3610.9,1.51,2,53.0,-1.28,1.05,88.42
V013,Truck,Hybrid,5,220,8000,True,R023,Depot B,Zone 2,267.7,3808.0,1.17,3,66.2,-0.54,1.04,67.42
V029,Van,Diesel,12,75,1500,True,R022,Central Hub,Metro Area,264.4,307.5,1.0,2,76.1,-2.0,1.14,27.62
V015,Van,Diesel,9,75,1500,True,R016,Central Hub,Industrial Park,24.2,748.5,1.75,1,24.2,0.3,1.08,4.55
V030,Van,Diesel,11,75,1500,True,R011,Central Hub,Port Terminal,313.3,1375.7,1.08,1,70.0,-0.04,1.05,43.3
V053,Van,CNG,12,75,1500,True,R005,Hub North,Zone 3,172.5,295.0,1.94,1,33.5,-2.02,1.01,32.1
V027,Truck,Diesel,10,220,8000,True,R001,Depot B,Port Terminal,288.1,4662.2,1.66,1,45.4,-1.86,1.11,112.42
V006,Semi-Trailer,Diesel,8,450,26000,True,R011,Central Hub,Port Terminal,312.7,3006.4,1.26,1,56.9,0.68,1.26,145.08
V020,Truck,Diesel,4,220,8000,True,R019,Depot B,Port Terminal,256.6,3012.5,1.37,2,59.1,-1.61,1.14,85.83
V048,Light Commercial,Petrol,9,100,3500,True,R002,Hub North,Metro Area,99.7,2614.4,1.58,3,30.2,1.87,1.06,35.19
V032,Truck,Diesel,8,220,8000,True,R030,Central Hub,Industrial Park,313.7,4656.7,1.27,2,60.1,2.9,1.03,139.52
V034,Van,Diesel,10,75,1500,True,R018,Hub North,Port Terminal,155.0,253.4,1.04,1,72.9,2.33,1.04,20.15
V026,Semi-Trailer,Diesel,7,450,26000,True,R009,Depot A,Industrial Park,89.7,12585.5,1.83,1,27.0,-2.31,1.15,53.85
V018,Light Commercial,Hybrid,9,100,3500,True,R029,Depot A,Port Terminal,29.4,585.3,1.09,3,46.1,3.83,1.02,4.78
V036,Van,Diesel,6,75,1500,True,R006,Depot C,Zone 1,147.0,626.3,1.67,2,46.1,3.96,1.34,27.25
V038,Light Commercial,Diesel,6,100,3500,True,R029,Depot A,Port Terminal,30.5,2637.6,1.09,3,42.5,4.13,1.18,7.88
V054,Light Commercial,Petrol,7,100,3500,True,R009,Depot A,Industrial Park,88.6,1118.3,1.89,1,28.0,-2.69,1.28,23.63
V038,Light Commercial,Diesel,6,100,3500,True,R012,Depot A,Zone 2,54.7,1698.8,1.14,2,47.2,2.01,1.03,11.12
V060,Light Commercial,Diesel,7,100,3500,True,R013,Central Hub,Metro Area,192.1,1838.5,1.97,2,39.7,-1.95,1.02,43.75
V050,Light Commercial,Diesel,2,100,3500,True,R030,Central Hub,Industrial Park,313.7,2888.5,1.58,2,45.9,3.28,1.1,85.9
V005,Light Commercial,CNG,10,100,3500,True,R008,Depot B,Metro Area,128.3,711.5,1.68,2,45.3,-2.65,1.01,25.3
V024,Van,Diesel,7,75,1500,True,R030,Central Hub,Industrial Park,312.6,851.8,1.6,2,45.3,2.57,1.26,58.43
V024,Van,Diesel,7,75,1500,True,R011,Central Hub,Port Terminal,313.0,189.3,1.48,1,50.2,0.64,1.03,37.62
V001,Semi-Trailer,Diesel,6,450,26000,True,R009,Depot A,Industrial Park,85.3,4662.7,1.74,1,24.0,-2.38,1.03,44.46
V011,Van,Diesel,6,75,1500,True,R020,Central Hub,Port Terminal,198.6,431.4,1.67,2,50.5,0.0,1.03,25.51
V046,Truck,Diesel,4,220,8000,True,R021,Depot A,Metro Area,278.9,5694.1,1.19,1,70.9,0.54,1.04,101.56
V022,Truck,Diesel,10,220,8000,True,R011,Central Hub,Port Terminal,312.0,1079.5,1.4,1,50.8,0.26,1.01,105.05
V009,Semi-Trailer,Diesel,1,450,26000,True,R005,Hub North,Zone 3,169.9,23486.0,1.82,1,44.4,-1.18,1.17,102.63
V018,Light Commercial,Hybrid,9,100,3500,True,R012,Depot A,Zone 2,54.5,1622.3,1.28,2,45.0,1.23,1.22,8.66
V017,Light Commercial,Hybrid,8,100,3500,True,R017,Hub North,Zone 2,142.6,2845.0,1.35,3,51.8,4.18,1.05,33.58
V011,Van,Diesel,6,75,1500,True,R002,Hub North,Metro Area,102.4,432.9,1.68,3,35.9,1.67,1.01,15.92
V007,Van,Petrol,11,75,1500,True,R003,Depot B,Zone 1,294.9,580.7,1.0,2,81.1,-1.08,1.15,44.05
V046,Truck,Diesel,4,220,8000,True,R028,Central Hub,Zone 4,28.2,5743.7,1.51,1,33.1,-0.57,1.0,12.3
V050,Light Commercial,Diesel,2,100,3500,True,R002,Hub North,Metro Area,100.1,1478.1,1.4,3,51.4,2.02,1.0,20.84
V030,Van,Diesel,11,75,1500,True,R013,Central Hub,Metro Area,193.5,797.0,1.68,2,44.9,-2.6,1.02,26.65
V037,Van,Petrol,6,75,1500,True,R023,Depot B,Zone 2,264.7,1181.8,1.33,3,54.7,-1.16,1.25,41.28
V056,Semi-Trailer,Diesel,6,450,26000,True,R010,Hub North,Zone 2,197.7,16989.2,1.29,2,69.9,3.16,1.09,121.73
V051,Light Commercial,Diesel,8,100,3500,True,R015,Central Hub,Zone 3,164.0,2836.7,1.62,2,44.0,2.79,1.03,46.31
V002,Truck,Diesel,11,220,8000,True,R003,Depot B,Zone 1,293.8,1388.1,1.0,2,76.3,-1.93,1.18,87.01
V058,Truck,Diesel,12,220,8000,True,R024,Depot C,Zone 2,105.8,4934.9,1.21,1,66.9,-2.24,1.08,36.17
V005,Light Commercial,CNG,10,100,3500,True,R020,Central Hub,Port Terminal,198.3,2138.6,1.59,2,52.4,-0.15,1.01,46.53
V002,Truck,Diesel,11,220,8000,True,R026,Central Hub,Zone 4,112.7,4928.3,1.61,3,51.1,-0.1,1.02,47.17
V025,Truck,Diesel,11,220,8000,True,R026,Central Hub,Zone 4,110.9,4803.9,2.06,3,34.6,0.33,1.09,58.86
V045,Light Commercial,Diesel,9,100,3500,True,R011,Central Hub,Port Terminal,312.2,2503.4,1.17,1,63.5,0.67,1.02,63.07
V005,Light Commercial,CNG,10,100,3500,True,R002,Hub North,Metro Area,102.1,2861.0,1.34,3,47.4,1.81,1.03,28.43
V018,Light Commercial,Hybrid,9,100,3500,True,R011,Central Hub,Port Terminal,310.5,1033.1,1.0,1,74.7,-0.41,1.04,38.69
V016,Van,Petrol,6,75,1500,True,R005,Hub North,Zone 3,172.0,283.3,1.92,1,39.3,-1.68,1.0,27.48
V024,Van,Diesel,7,75,1500,True,R016,Central Hub,Industrial Park,21.3,244.3,1.58,1,34.6,1.35,1.03,3.2
V060,Light Commercial,Diesel,7,100,3500,True,R005,Hub North,Zone 3,170.4,821.3,2.02,1,44.3,-1.21,1.03,36.27
V020,Truck,Diesel,4,220,8000,True,R028,Central Hub,Zone 4,31.6,5260.5,1.29,1,41.6,-0.02,1.05,12.39
V013,Truck,Hybrid,5,220,8000,True,R019,Depot B,Port Terminal,257.2,3632.2,1.49,2,54.7,-2.03,1.01,68.0
V008,Semi-Trailer,Diesel,1,450,26000,True,R008,Depot B,Metro Area,125.4,10323.7,1.65,2,45.4,-2.23,1.04,56.99
V012,Van,Petrol,1,75,1500,True,R028,Central Hub,Zone 4,32.6,1310.2,1.45,1,39.7,-0.53,1.02,5.34
V008,Semi-Trailer,Diesel,1,450,26000,True,R024,Depot C,Zone 2,100.6,22493.9,1.08,1,69.3,-1.63,1.07,44.85
V035,Van,Petrol,9,75,1500,True,R014,Depot A,Metro Area,54.6,837.1,1.74,2,33.4,-2.51,1.04,9.48
V026,Semi-Trailer,Diesel,7,450,26000,True,R005,Hub North,Zone 3,174.6,12732.9,1.83,1,44.3,-2.27,1.06,91.96
V030,Van,Diesel,11,75,1500,True,R011,Central Hub,Port Terminal,311.2,494.8,1.22,1,63.3,0.85,1.02,39.26
V050,Light Commercial,Diesel,2,100,3500,True,R018,Hub North,Port Terminal,157.4,1718.2,1.1,1,62.2,2.6,1.11,31.3
V035,Van,Petrol,9,75,1500,True,R023,Depot B,Zone 2,264.7,673.9,1.35,3,59.9,-1.17,1.03,36.8
V010,Semi-Trailer,Diesel,12,450,26000,True,R008,Depot B,Metro Area,126.5,2753.6,1.47,2,52.5,-3.32,1.02,49.34
V023,Semi-Trailer,Diesel,7,450,26000,True,R023,Depot B,Zone 2,266.3,19364.5,1.0,3,77.8,-0.37,1.09,124.34
V019,Semi-Trailer,Diesel,11,450,26000,True,R009,Depot A,Industrial Park,89.0,12292.5,1.86,1,28.1,-2.73,1.08,52.17
V050,Light Commercial,Diesel,2,100,3500,True,R008,Depot B,Metro Area,129.5,1013.0,1.51,2,51.7,-2.11,1.02,21.6
V019,Semi-Trailer,Diesel,11,450,26000,True,R014,Depot A,Metro Area,54.3,17324.4,1.73,2,34.1,-2.68,1.05,30.91
V009,Semi-Trailer,Diesel,1,450,26000,True,R005,Hub North,Zone 3,172.1,12493.5,1.71,1,42.0,-1.82,1.09,82.35
V045,Light Commercial,Diesel,9,100,3500,True,R013,Central Hub,Metro Area,189.4,1283.3,1.59,2,48.9,-1.37,1.11,37.24
V026,Semi-Trailer,Diesel,7,450,26000,True,R011,Central Hub,Port Terminal,312.1,7700.9,1.0,1,71.9,0.48,1.04,140.46
V006,Semi-Trailer,Diesel,8,450,26000,True,R009,Depot A,Industrial Park,88.7,3907.0,1.62,1,33.1,-2.55,1.0,41.47
V042,Bus,Hybrid,4,280,6000,True,R024,Depot C,Zone 2,104.8,3165.4,1.24,1,61.6,-2.78,1.01,24.9
V013,Truck,Hybrid,5,220,8000,True,R010,Hub North,Zone 2,197.8,3353.0,1.21,2,59.5,3.32,1.01,59.89
V053,Van,CNG,12,75,1500,True,R021,Depot A,Metro Area,278.2,201.4,1.33,1,56.9,0.3,1.01,39.54
V050,Light Commercial,Diesel,2,100,3500,True,R022,Central Hub,Metro Area,264.0,2766.9,1.03,2,70.9,-3.18,1.01,40.44
V023,Semi-Trailer,Diesel,7,450,26000,True,R020,Central Hub,Port Terminal,198.4,20463.1,1.49,2,49.0,-0.42,1.24,119.8
V034,Van,Diesel,10,75,1500,True,R009,Depot A,Industrial Park,89.2,774.8,1.63,1,32.0,-2.69,1.02,13.38
V035,Van,Petrol,9,75,1500,True,R025,Hub North,Zone 1,68.3,1219.6,1.2,2,42.6,-3.04,1.01,10.11
V040,Van,CNG,2,75,1500,True,R008,Depot B,Metro Area,127.1,763.3,1.7,2,36.5,-2.15,1.01,21.46
V005,Light Commercial,CNG,10,100,3500,True,R009,Depot A,Industrial Park,86.0,852.5,1.83,1,28.9,-2.64,1.08,20.52
V020,Truck,Diesel,4,220,8000,True,R027,Depot C,Zone 1,70.8,4319.7,1.17,2,41.7,-1.89,1.21,23.52
V011,Van,Diesel,6,75,1500,True,R011,Central Hub,Port Terminal,313.5,548.5,1.35,1,53.9,1.61,1.03,42.33
V042,Bus,Hybrid,4,280,6000,True,R021,Depot A,Metro Area,279.7,2907.1,1.12,1,62.3,-0.04,1.11,77.93
V005,Light Commercial,CNG,10,100,3500,True,R002,Hub North,Metro Area,102.0,3237.7,1.73,3,43.2,1.7,1.02,33.05
V032,Truck,Diesel,8,220,8000,True,R019,Depot B,Port Terminal,259.5,3217.6,1.73,2,41.2,-1.78,1.17,105.58
V044,Van,CNG,4,75,1500,True,R027,Depot C,Zone 1,70.8,425.3,1.26,2,44.9,-1.72,1.06,9.53
V057,Light Commercial,Diesel,6,100,3500,True,R022,Central Hub,Metro Area,262.9,732.4,1.07,2,63.4,-2.63,1.01,38.31
V018,Light Commercial,Hybrid,9,100,3500,True,R018,Hub North,Port Terminal,157.9,2979.7,1.04,1,68.0,3.15,1.01,26.95
V001,Semi-Trailer,Diesel,6,450,26000,True,R026,Central Hub,Zone 4,113.8,2930.1,1.99,3,33.5,0.7,1.04,63.63
V044,Van,CNG,4,75,1500,True,R009,Depot A,Industrial Park,89.3,1307.0,1.77,1,29.3,-2.09,1.0,16.64
V001,Semi-Trailer,Diesel,6,450,26000,True,R012,Depot A,Zone 2,56.3,3965.2,1.47,2,38.7,2.34,1.03,31.48
V004,Van,Diesel,10,75,1500,True,R003,Depot B,Zone 1,293.7,1109.6,1.12,2,68.9,-1.58,1.06,34.81
V060,Light Commercial,Diesel,7,100,3500,True,R021,Depot A,Metro Area,279.3,1223.6,1.15,1,60.7,0.28,1.12,51.67
V052,Van,Petrol,2,75,1500,True,R022,Central Hub,Metro Area,263.9,468.6,1.01,2,72.4,-2.22,1.12,29.36
V043,Truck,Diesel,9,220,8000,True,R023,Depot B,Zone 2,266.4,2023.6,1.18,3,60.4,-1.46,1.03,81.46
V051,Light Commercial,Diesel,8,100,3500,True,R023,Depot B,Zone 2,268.3,750.2,1.0,3,77.0,-0.02,1.04,43.19
V005,Light Commercial,CNG,10,100,3500,True,R004,Depot C,Zone 3,264.6,547.0,1.23,3,59.2,2.76,1.1,62.93
V006,Semi-Trailer,Diesel,8,450,26000,True,R020,Central Hub,Port Terminal,198.9,6026.5,1.28,2,52.8,-0.34,1.08,83.07
V019,Semi-Trailer,Diesel,11,450,26000,True,R023,Depot B,Zone 2,266.4,15605.3,1.21,3,64.5,-1.5,1.0,123.19
V002,Truck,Diesel,11,220,8000,True,R007,Central Hub,Industrial Park,285.4,4673.8,1.59,3,52.2,0.18,1.01,119.66
V054,Light Commercial,Petrol,7,100,3500,True,R015,Central Hub,Zone 3,165.0,1186.2,1.82,2,40.5,2.19,1.08,49.79
V004,Van,Diesel,10,75,1500,True,R028,Central Hub,Zone 4,28.9,1016.8,1.18,1,42.8,0.4,1.04,4.18
V033,Truck,Diesel,6,220,8000,True,R013,Central Hub,Metro Area,191.7,6033.5,1.55,2,42.3,-2.13,1.06,70.74
V052,Van,Petrol,2,75,1500,True,R023,Depot B,Zone 2,269.3,1399.7,1.21,3,53.8,-0.88,1.07,41.64
V045,Light Commercial,Diesel,9,100,3500,True,R016,Central Hub,Industrial Park,24.1,1658.3,1.57,1,24.4,1.03,1.14,6.62
V015,Van,Diesel,9,75,1500,True,R020,Central Hub,Port Terminal,199.8,627.6,1.59,2,46.9,0.2,1.32,29.47
V029,Van,Diesel,12,75,1500,True,R019,Depot B,Port Terminal,258.6,1390.8,1.61,2,45.2,-0.75,1.02,45.38
V033,Truck,Diesel,6,220,8000,True,R020,Central Hub,Port Terminal,198.7,7206.6,1.49,2,52.5,0.41,1.03,84.66
V047,Semi-Trailer,Diesel,6,450,26000,True,R024,Depot C,Zone 2,104.8,23085.5,1.11,1,66.9,-2.37,1.09,46.59
V026,Semi-Trailer,Diesel,7,450,26000,True,R028,Central Hub,Zone 4,31.2,16054.2,1.63,1,34.5,-0.3,1.05,18.37
V018,Light Commercial,Hybrid,9,100,3500,True,R009,Depot A,Industrial Park,87.4,2187.8,1.58,1,35.2,-2.27,1.06,14.52
V048,Light Commercial,Petrol,9,100,3500,True,R028,Central Hub,Zone 4,27.9,3110.7,1.62,1,29.7,-0.52,1.05,8.41
V054,Light Commercial,Petrol,7,100,3500,True,R019,Depot B,Port Terminal,258.9,1777.5,1.43,2,48.5,-2.08,1.05,56.02
V030,Van,Diesel,11,75,1500,True,R018,Hub North,Port Terminal,157.5,422.2,1.0,1,67.3,2.46,1.0,21.59
V002,Truck,Diesel,11,220,8000,True,R010,Hub North,Zone 2,195.7,7499.8,1.3,2,63.5,3.96,1.02,103.46
V031,Light Commercial,Diesel,6,100,3500,True,R013,Central Hub,Metro Area,192.8,2855.2,1.9,2,35.7,-1.4,1.03,49.53
V054,Light Commercial,Petrol,7,100,3500,True,R020,Central Hub,Port Terminal,198.5,516.8,1.29,2,52.2,-0.28,1.04,38.55
V060,Light Commercial,Diesel,7,100,3500,True,R011,Central Hub,Port Terminal,312.2,684.6,1.4,1,53.9,0.61,1.01,56.78
V025,Truck,Diesel,11,220,8000,True,R009,Depot A,Industrial Park,89.2,6798.4,1.46,1,28.3,-2.04,1.12,39.49
V010,Semi-Trailer,Diesel,12,450,26000,True,R025,Hub North,Zone 1,67.4,9254.0,1.34,2,37.8,-3.75,1.11,31.23
V035,Van,Petrol,9,75,1500,True,R013,Central Hub,Metro Area,193.1,1037.9,1.67,2,43.6,-2.08,1.04,32.95
V050,Light Commercial,Diesel,2,100,3500,True,R020,Central Hub,Port Terminal,198.2,700.5,1.29,2,61.6,0.61,1.18,35.15
V057,Light Commercial,Diesel,6,100,3500,True,R001,Depot B,Port Terminal,287.7,857.3,1.39,1,57.3,-2.26,1.35,49.71
V004,Van,Diesel,10,75,1500,True,R003,Depot B,Zone 1,293.6,1102.9,1.1,2,72.6,-2.11,1.05,37.77
V018,Light Commercial,Hybrid,9,100,3500,True,R026,Central Hub,Zone 4,113.7,3263.4,1.67,3,45.7,0.59,1.01,21.52
V029,Van,Diesel,12,75,1500,True,R005,Hub North,Zone 3,171.7,790.3,1.75,1,39.5,-1.04,1.08,27.21
V006,Semi-Trailer,Diesel,8,450,26000,True,R024,Depot C,Zone 2,103.9,3548.4,1.18,1,59.3,-3.29,1.01,36.45
V054,Light Commercial,Petrol,7,100,3500,True,R028,Central Hub,Zone 4,32.7,1047.1,1.37,1,34.4,-0.44,1.1,7.83
V007,Van,Petrol,11,75,1500,True,R015,Central Hub,Zone 3,162.9,421.2,1.79,2,49.8,1.65,1.07,29.69
V040,Van,CNG,2,75,1500,True,R027,Depot C,Zone 1,66.0,1342.5,1.15,2,42.4,-2.27,1.0,10.06
V056,Semi-Trailer,Diesel,6,450,26000,True,R013,Central Hub,Metro Area,193.8,11863.2,1.51,2,50.3,-1.87,1.05,88.13
V042,Bus,Hybrid,4,280,6000,True,R029,Depot A,Port Terminal,30.3,5433.1,1.24,3,46.2,3.85,1.01,13.03
V046,Truck,Diesel,4,220,8000,True,R008,Depot B,Metro Area,127.7,6645.2,1.91,2,40.4,-2.75,1.34,57.27
V016,Van,Petrol,6,75,1500,True,R013,Central Hub,Metro Area,191.3,724.8,1.85,2,37.6,-2.04,1.1,30.83
V050,Light Commercial,Diesel,2,100,3500,True,R012,Depot A,Zone 2,54.6,424.0,1.2,2,44.6,1.51,1.09,9.56
V026,Semi-Trailer,Diesel,7,450,26000,True,R024,Depot C,Zone 2,103.7,24102.2,1.04,1,70.1,-2.85,1.04,46.17
V004,Van,Diesel,10,75,1500,True,R002,Hub North,Metro Area,101.0,162.8,1.59,3,48.4,1.5,1.06,14.44
V022,Truck,Diesel,10,220,8000,True,R025,Hub North,Zone 1,70.2,6621.7,1.68,2,31.8,-2.73,1.19,31.92
V021,Van,Diesel,10,75,1500,True,R001,Depot B,Port Terminal,289.0,676.9,1.15,1,63.4,-2.29,1.0,31.49
V032,Truck,Diesel,8,220,8000,True,R010,Hub North,Zone 2,197.3,2848.9,1.16,2,65.7,3.47,1.14,79.63
V016,Van,Petrol,6,75,1500,True,R018,Hub North,Port Terminal,157.0,670.6,1.17,1,70.5,2.36,1.01,25.6
V028,Van,Diesel,4,75,1500,True,R005,Hub North,Zone 3,172.9,605.1,1.63,1,43.5,-1.6,1.12,21.66
V026,Semi-Trailer,Diesel,7,450,26000,True,R015,Central Hub,Zone 3,165.2,17829.5,1.87,2,45.3,2.09,1.04,117.03
V020,Truck,Diesel,4,220,8000,True,R030,Central Hub,Industrial Park,315.3,4694.5,1.73,2,41.1,3.12,1.0,157.85
V042,Bus,Hybrid,4,280,6000,True,R025,Hub North,Zone 1,67.9,1910.2,1.3,2,45.6,-3.26,1.04,16.44
V019,Semi-Trailer,Diesel,11,450,26000,True,R001,Depot B,Port Terminal,288.6,14257.8,1.5,1,46.5,-3.42,1.01,142.21
V046,Truck,Diesel,4,220,8000,True,R018,Hub North,Port Terminal,158.5,3553.7,1.0,1,73.4,2.51,1.02,59.46
V016,Van,Petrol,6,75,1500,True,R018,Hub North,Port Terminal,157.0,1323.8,1.12,1,72.9,2.59,1.03,28.11
V052,Van,Petrol,2,75,1500,True,R003,Depot B,Zone 1,292.7,1287.8,1.18,2,69.7,-2.02,1.02,38.74
V022,Truck,Diesel,10,220,8000,True,R020,Central Hub,Port Terminal,197.7,4998.0,1.41,2,56.5,-0.37,1.13,78.13
V003,Bus,Hybrid,9,280,6000,True,R016,Central Hub,Industrial Park,22.2,5523.4,1.57,1,27.5,1.27,1.14,10.28
V009,Semi-Trailer,Diesel,1,450,26000,True,R021,Depot A,Metro Area,280.6,10890.3,1.29,1,58.3,0.12,1.01,127.11
V049,Truck,Diesel,8,220,8000,True,R009,Depot A,Industrial Park,90.4,1398.2,1.53,1,32.6,-2.12,1.01,32.15
V053,Van,CNG,12,75,1500,True,R008,Depot B,Metro Area,127.0,210.8,1.65,2,42.2,-3.34,1.01,17.86
V013,Truck,Hybrid,5,220,8000,True,R023,Depot B,Zone 2,265.6,6467.4,1.05,3,74.2,-1.14,1.04,69.43
V037,Van,Petrol,6,75,1500,True,R022,Central Hub,Metro Area,263.6,639.0,1.25,2,56.7,-3.44,1.01,33.17
V035,Van,Petrol,9,75,1500,True,R005,Hub North,Zone 3,173.3,1246.8,1.9,1,34.3,-1.62,1.04,32.77
V009,Semi-Trailer,Diesel,1,450,26000,True,R007,Central Hub,Industrial Park,286.7,12738.0,1.4,3,47.0,0.23,1.06,142.68
V028,Van,Diesel,4,75,1500,True,R018,Hub North,Port Terminal,157.0,164.2,1.32,1,63.8,3.29,1.04,21.74
V042,Bus,Hybrid,4,280,6000,True,R025,Hub North,Zone 1,66.2,3296.1,1.47,2,32.0,-2.91,1.01,20.06
V059,Light Commercial,Diesel,7,100,3500,True,R007,Central Hub,Industrial Park,288.2,2118.8,1.22,3,59.6,1.06,1.08,59.37
V051,Light Commercial,Diesel,8,100,3500,True,R007,Central Hub,Industrial Park,287.3,1693.2,1.25,3,56.0,0.48,1.03,56.16
V006,Semi-Trailer,Diesel,8,450,26000,True,R025,Hub North,Zone 1,67.3,21120.6,1.28,2,44.5,-3.48,1.19,33.39
V015,Van,Diesel,9,75,1500,True,R021,Depot A,Metro Area,279.2,971.1,1.02,1,67.9,-0.29,1.07,33.61
V027,Truck,Diesel,10,220,8000,True,R028,Central Hub,Zone 4,31.7,3280.2,1.56,1,27.2,-0.4,1.0,14.03
V010,Semi-Trailer,Diesel,12,450,26000,True,R024,Depot C,Zone 2,100.3,18490.0,1.0,1,73.7,-1.55,1.15,47.1
V035,Van,Petrol,9,75,1500,True,R029,Depot A,Port Terminal,29.5,557.5,1.0,3,49.9,4.06,1.09,5.42
V001,Semi-Trailer,Diesel,6,450,26000,True,R006,Depot C,Zone 1,149.6,21131.9,1.74,2,45.6,4.29,1.17,130.81
V007,Van,Petrol,11,75,1500,True,R009,Depot A,Industrial Park,88.6,507.1,1.65,1,27.6,-2.6,1.03,14.81
V003,Bus,Hybrid,9,280,6000,True,R008,Depot B,Metro Area,130.0,3999.7,1.78,2,48.2,-2.75,1.04,42.53
V018,Light Commercial,Hybrid,9,100,3500,True,R002,Hub North,Metro Area,101.4,1584.9,1.64,3,43.1,2.59,1.02,19.26
V046,Truck,Diesel,4,220,8000,True,R024,Depot C,Zone 2,101.7,1488.0,1.02,1,69.5,-1.78,1.16,26.85
V011,Van,Diesel,6,75,1500,True,R020,Central Hub,Port Terminal,198.4,952.9,1.5,2,45.7,-0.1,1.01,27.14
V060,Light Commercial,Diesel,7,100,3500,True,R003,Depot B,Zone 1,295.6,1489.6,1.19,2,60.0,-1.62,1.04,47.18
V017,Light Commercial,Hybrid,8,100,3500,True,R006,Depot C,Zone 1,149.4,2236.9,1.55,2,43.8,4.56,1.02,34.39
V003,Bus,Hybrid,9,280,6000,True,R006,Depot C,Zone 1,149.3,3353.5,1.8,2,44.7,4.64,1.09,74.52
V021,Van,Diesel,10,75,1500,True,R013,Central Hub,Metro Area,190.4,203.0,1.58,2,43.4,-2.07,1.28,23.98
V045,Light Commercial,Diesel,9,100,3500,True,R014,Depot A,Metro Area,57.0,959.8,1.68,2,29.3,-2.85,1.01,11.45
V007,Van,Petrol,11,75,1500,True,R009,Depot A,Industrial Park,88.0,1043.0,1.99,1,21.0,-2.11,1.06,19.75
V005,Light Commercial,CNG,10,100,3500,True,R028,Central Hub,Zone 4,28.9,1741.3,1.49,1,28.9,-0.5,1.08,7.41
V051,Light Commercial,Diesel,8,100,3500,True,R007,Central Hub,Industrial Park,287.2,1737.7,1.27,3,63.6,1.03,1.0,57.77
V036,Van,Diesel,6,75,1500,True,R017,Hub North,Zone 2,144.0,153.1,1.54,3,55.0,4.89,1.08,23.5
V021,Van,Diesel,10,75,1500,True,R014,Depot A,Metro Area,55.8,536.1,1.92,2,31.1,-2.3,1.02,8.36
V046,Truck,Diesel,4,220,8000,True,R012,Depot A,Zone 2,54.8,5352.4,1.04,2,42.0,2.06,1.03,21.97
V051,Light Commercial,Diesel,8,100,3500,True,R025,Hub North,Zone 1,69.6,2988.8,1.44,2,29.4,-1.79,1.08,16.54
V022,Truck,Diesel,10,220,8000,True,R030,Central Hub,Industrial Park,314.0,4703.2,1.77,2,50.3,3.0,1.15,170.73
V034,Van,Diesel,10,75,1500,True,R001,Depot B,Port Terminal,287.4,839.3,1.26,1,58.4,-2.82,1.13,34.1
V001,Semi-Trailer,Diesel,6,450,26000,True,R014,Depot A,Metro Area,53.9,12994.0,1.94,2,20.3,-2.62,1.0,32.3
V019,Semi-Trailer,Diesel,11,450,26000,True,R004,Depot C,Zone 3,268.7,17594.4,1.06,3,75.1,3.59,1.0,171.33
V036,Van,Diesel,6,75,1500,True,R014,Depot A,Metro Area,54.9,1167.6,1.75,2,28.8,-3.03,1.05,8.79
V012,Van,Petrol,1,75,1500,True,R019,Depot B,Port Terminal,255.9,431.4,1.23,2,63.2,-1.94,1.01,29.62
V060,Light Commercial,Diesel,7,100,3500,True,R013,Central Hub,Metro Area,193.5,2474.1,1.53,2,40.0,-1.46,1.12,44.64
V059,Light Commercial,Diesel,7,100,3500,True,R010,Hub North,Zone 2,197.1,1075.5,1.4,2,52.1,3.39,1.02,45.91
V016,Van,Petrol,6,75,1500,True,R010,Hub North,Zone 2,200.2,190.5,1.37,2,58.7,3.46,1.09,33.75
V024,Van,Diesel,7,75,1500,True,R009,Depot A,Industrial Park,86.4,245.2,1.88,1,24.0,-2.09,1.1,13.13
V012,Van,Petrol,1,75,1500,True,R010,Hub North,Zone 2,197.5,209.3,1.0,2,79.9,3.21,1.05,29.19
V031,Light Commercial,Diesel,6,100,3500,True,R012,Depot A,Zone 2,54.2,1183.5,1.0,2,44.7,1.33,1.23,10.51
V008,Semi-Trailer,Diesel,1,450,26000,True,R021,Depot A,Metro Area,278.1,5410.5,1.3,1,57.2,-0.43,1.06,109.34
V024,Van,Diesel,7,75,1500,True,R003,Depot B,Zone 1,293.7,258.6,1.19,2,69.7,-1.43,1.15,31.83
V034,Van,Diesel,10,75,1500,True,R002,Hub North,Metro Area,103.5,338.2,1.51,3,45.1,1.88,1.13,16.29
V037,Van,Petrol,6,75,1500,True,R016,Central Hub,Industrial Park,22.8,198.7,1.47,1,35.0,0.66,1.08,3.81
V036,Van,Diesel,6,75,1500,True,R021,Depot A,Metro Area,278.4,588.0,1.08,1,71.8,-0.33,1.02,31.52
V014,Light Commercial,Diesel,4,100,3500,True,R008,Depot B,Metro Area,126.3,2797.9,1.9,2,39.9,-2.85,1.02,26.45
V048,Light Commercial,Petrol,9,100,3500,True,R007,Central Hub,Industrial Park,284.9,1997.5,1.23,3,60.0,1.1,1.01,68.28
V042,Bus,Hybrid,4,280,6000,True,R019,Depot B,Port Terminal,257.2,931.3,1.47,2,47.4,-1.97,1.07,65.91
V046,Truck,Diesel,4,220,8000,True,R012,Depot A,Zone 2,54.2,3349.5,1.16,2,43.8,1.65,1.04,21.34
V029,Van,Diesel,12,75,1500,True,R023,Depot B,Zone 2,266.2,698.0,1.34,3,55.7,-1.5,1.0,34.27
V054,Light Commercial,Petrol,7,100,3500,True,R005,Hub North,Zone 3,168.7,862.9,1.66,1,39.5,-1.6,1.0,38.17
V024,Van,Diesel,7,75,1500,True,R004,Depot C,Zone 3,268.0,625.6,1.48,3,55.2,3.11,1.03,40.0
V049,Truck,Diesel,8,220,8000,True,R017,Hub North,Zone 2,144.3,3089.9,1.34,3,52.4,5.08,1.0,67.78
V013,Truck,Hybrid,5,220,8000,True,R012,Depot A,Zone 2,57.6,4157.9,1.32,2,32.1,2.01,1.03,20.4
V015,Van,Diesel,9,75,1500,True,R022,Central Hub,Metro Area,261.3,1039.0,1.0,2,72.6,-2.68,1.03,28.99
V032,Truck,Diesel,8,220,8000,True,R016,Central Hub,Industrial Park,21.4,4056.1,1.54,1,28.8,1.29,1.01,10.51
V034,Van,Diesel,10,75,1500,True,R011,Central Hub,Port Terminal,310.1,244.3,1.41,1,52.0,0.79,1.05,42.12
V045,Light Commercial,Diesel,9,100,3500,True,R005,Hub North,Zone 3,172.3,514.3,1.9,1,34.4,-1.68,1.04,37.22
V018,Light Commercial,Hybrid,9,100,3500,True,R005,Hub North,Zone 3,170.3,2991.7,1.86,1,42.0,-0.53,1.14,31.93
V053,Van,CNG,12,75,1500,True,R023,Depot B,Zone 2,269.0,1035.8,1.01,3,79.6,-1.03,1.07,40.35
V020,Truck,Diesel,4,220,8000,True,R007,Central Hub,Industrial Park,287.6,5268.8,1.19,3,63.5,0.74,1.04,100.95
V033,Truck,Diesel,6,220,8000,True,R016,Central Hub,Industrial Park,22.4,7009.8,1.76,1,22.6,1.16,1.01,13.12
V056,Semi-Trailer,Diesel,6,450,26000,True,R025,Hub North,Zone 1,70.7,14567.3,1.59,2,27.8,-2.93,1.08,39.67
V033,Truck,Diesel,6,220,8000,True,R027,Depot C,Zone 1,70.4,1301.3,1.38,2,37.0,-1.0,1.04,24.51
V041,Bus,Petrol,6,280,6000,True,R009,Depot A,Industrial Park,89.1,4243.4,1.72,1,21.2,-2.76,1.0,52.74
V055,Van,CNG,6,75,1500,True,R004,Depot C,Zone 3,267.0,356.9,1.26,3,54.7,3.28,1.09,46.01
V059,Light Commercial,Diesel,7,100,3500,True,R024,Depot C,Zone 2,99.7,2331.9,1.25,1,33.3,-2.2,1.03,21.37
V030,Van,Diesel,11,75,1500,True,R021,Depot A,Metro Area,278.7,660.9,1.29,1,58.7,0.52,1.01,35.45
V026,Semi-Trailer,Diesel,7,450,26000,True,R010,Hub North,Zone 2,201.1,3223.8,1.18,2,72.0,3.41,1.23,108.45
V012,Van,Petrol,1,75,1500,True,R018,Hub North,Port Terminal,158.5,220.8,1.0,1,70.0,2.64,1.01,21.66
V033,Truck,Diesel,6,220,8000,True,R006,Depot C,Zone 1,148.1,3469.9,1.9,2,42.7,4.73,1.06,83.4
V056,Semi-Trailer,Diesel,6,450,26000,True,R022,Central Hub,Metro Area,262.6,15739.4,1.17,2,62.1,-2.52,1.13,111.4
V030,Van,Diesel,11,75,1500,True,R022,Central Hub,Metro Area,265.5,367.9,1.01,2,69.0,-2.99,1.03,26.43
V021,Van,Diesel,10,75,1500,True,R009,Depot A,Industrial Park,86.5,286.1,1.89,1,32.8,-1.98,1.01,12.26
V007,Van,Petrol,11,75,1500,True,R015,Central Hub,Zone 3,161.6,629.7,1.85,2,49.3,2.09,1.04,32.26
V024,Van,Diesel,7,75,1500,True,R011,Central Hub,Port Terminal,310.6,1175.3,1.21,1,63.7,0.48,1.01,41.48
V015,Van,Diesel,9,75,1500,True,R001,Depot B,Port Terminal,291.2,1149.6,1.62,1,47.7,-2.57,1.2,44.1
V059,Light Commercial,Diesel,7,100,3500,True,R004,Depot C,Zone 3,270.9,2385.3,1.4,3,53.8,3.12,1.17,69.42
V032,Truck,Diesel,8,220,8000,True,R029,Depot A,Port Terminal,30.1,3692.4,1.17,3,42.0,4.16,1.0,14.34
V009,Semi-Trailer,Diesel,1,450,26000,True,R014,Depot A,Metro Area,54.0,12366.8,1.76,2,29.7,-3.15,1.08,28.25
V005,Light Commercial,CNG,10,100,3500,True,R005,Hub North,Zone 3,169.6,1022.2,2.1,1,38.5,-1.3,1.06,43.14
V052,Van,Petrol,2,75,1500,True,R002,Hub North,Metro Area,100.9,324.9,1.52,3,56.0,2.04,1.04,15.71
V056,Semi-Trailer,Diesel,6,450,26000,True,R011,Central Hub,Port Terminal,311.6,2950.1,1.28,1,56.4,-0.43,1.18,131.96
V046,Truck,Diesel,4,220,8000,True,R030,Central Hub,Industrial Park,315.0,6649.0,1.66,2,45.8,3.0,1.0,158.96
V008,Semi-Trailer,Diesel,1,450,26000,True,R012,Depot A,Zone 2,56.6,13565.7,1.22,2,40.7,2.2,1.1,29.99
V006,Semi-Trailer,Diesel,8,450,26000,True,R030,Central Hub,Industrial Park,313.5,2667.2,1.86,2,44.5,3.15,1.06,194.65
V012,Van,Petrol,1,75,1500,True,R015,Central Hub,Zone 3,164.8,824.7,1.76,2,52.1,2.12,1.14,32.32
V046,Truck,Diesel,4,220,8000,True,R023,Depot B,Zone 2,265.4,2556.6,1.26,3,63.7,-1.15,1.03,78.18
V046,Truck,Diesel,4,220,8000,True,R024,Depot C,Zone 2,102.6,3706.1,1.18,1,66.8,-2.69,1.01,29.44
V051,Light Commercial,Diesel,8,100,3500,True,R001,Depot B,Port Terminal,287.5,2350.4,1.39,1,57.4,-3.1,1.05,49.87
V006,Semi-Trailer,Diesel,8,450,26000,True,R001,Depot B,Port Terminal,289.0,20495.3,1.68,1,49.7,-1.94,1.25,168.56
V010,Semi-Trailer,Diesel,12,450,26000,True,R028,Central Hub,Zone 4,30.6,18080.6,1.58,1,41.4,-0.23,1.08,18.5
V055,Van,CNG,6,75,1500,True,R028,Central Hub,Zone 4,30.1,1292.8,1.4,1,28.9,-0.04,1.35,6.26
V056,Semi-Trailer,Diesel,6,450,26000,True,R004,Depot C,Zone 3,269.3,7787.9,1.47,3,53.6,2.68,1.01,149.77
V044,Van,CNG,4,75,1500,True,R020,Central Hub,Port Terminal,196.5,993.3,1.23,2,50.9,0.12,1.01,32.6
V007,Van,Petrol,11,75,1500,True,R028,Central Hub,Zone 4,28.4,1284.5,1.47,1,37.9,-1.11,1.19,5.48
V005,Light Commercial,CNG,10,100,3500,True,R029,Depot A,Port Terminal,30.4,1267.8,1.07,3,49.1,3.55,1.01,7.68
V004,Van,Diesel,10,75,1500,True,R009,Depot A,Industrial Park,86.3,1169.3,1.82,1,25.2,-2.47,1.05,13.98
V042,Bus,Hybrid,4,280,6000,True,R025,Hub North,Zone 1,67.7,5395.1,1.45,2,23.8,-2.8,1.15,26.1
V051,Light Commercial,Diesel,8,100,3500,True,R020,Central Hub,Port Terminal,198.3,2265.5,1.46,2,51.2,0.47,1.06,42.77
V038,Light Commercial,Diesel,6,100,3500,True,R028,Central Hub,Zone 4,32.0,838.7,1.56,1,33.0,-0.61,1.04,6.4
V016,Van,Petrol,6,75,1500,True,R005,Hub North,Zone 3,172.3,482.6,1.74,1,42.8,-1.8,1.03,25.53
V046,Truck,Diesel,4,220,8000,True,R019,Depot B,Port Terminal,259.5,5423.9,1.74,2,40.5,-2.01,1.18,109.27
V004,Van,Diesel,10,75,1500,True,R001,Depot B,Port Terminal,288.8,1254.4,1.38,1,50.8,-2.66,1.04,38.5
V050,Light Commercial,Diesel,2,100,3500,True,R011,Central Hub,Port Terminal,310.6,420.7,1.0,1,74.8,1.4,1.1,48.56
V054,Light Commercial,Petrol,7,100,3500,True,R001,Depot B,Port Terminal,288.5,1320.8,1.62,1,43.1,-2.08,1.04,63.29
V044,Van,CNG,4,75,1500,True,R014,Depot A,Metro Area,56.1,447.8,1.47,2,37.3,-2.06,1.0,7.91
V053,Van,CNG,12,75,1500,True,R025,Hub North,Zone 1,70.1,688.1,1.74,2,28.4,-3.17,1.02,12.92
V036,Van,Diesel,6,75,1500,True,R020,Central Hub,Port Terminal,198.7,1129.8,1.37,2,48.0,-0.2,1.09,27.67
V029,Van,Diesel,12,75,1500,True,R010,Hub North,Zone 2,195.3,791.1,1.0,2,75.7,3.78,1.06,29.92
V020,Truck,Diesel,4,220,8000,True,R013,Central Hub,Metro Area,189.6,4324.4,1.55,2,50.1,-2.1,1.02,64.5
V056,Semi-Trailer,Diesel,6,450,26000,True,R012,Depot A,Zone 2,54.7,16059.5,1.0,2,56.5,1.8,1.14,28.39
V042,Bus,Hybrid,4,280,6000,True,R022,Central Hub,Metro Area,260.6,3229.9,1.16,2,68.5,-2.93,1.07,61.22
V012,Van,Petrol,1,75,1500,True,R008,Depot B,Metro Area,131.7,1027.5,1.45,2,48.1,-2.92,1.21,17.49
V058,Truck,Diesel,12,220,8000,True,R003,Depot B,Zone 1,295.3,1527.9,1.16,2,70.6,-1.64,1.02,89.27
V004,Van,Diesel,10,75,1500,True,R016,Central Hub,Industrial Park,21.6,179.1,1.51,1,27.5,0.61,1.21,3.37
V036,Van,Diesel,6,75,1500,True,R025,Hub North,Zone 1,66.6,1204.2,1.45,2,34.6,-2.96,1.06,9.33
V012,Van,Petrol,1,75,1500,True,R015,Central Hub,Zone 3,165.5,760.6,1.89,2,42.8,1.91,1.27,33.8
V040,Van,CNG,2,75,1500,True,R007,Central Hub,Industrial Park,285.8,530.6,1.39,3,59.7,0.58,1.15,39.8
V025,Truck,Diesel,11,220,8000,True,R002,Hub North,Metro Area,99.3,3889.3,1.8,3,35.3,1.45,1.06,51.05
V027,Truck,Diesel,10,220,8000,True,R029,Depot A,Port Terminal,29.7,5220.6,1.03,3,53.4,3.94,1.09,14.08
V041,Bus,Petrol,6,280,6000,True,R023,Depot B,Zone 2,266.7,1220.7,1.17,3,63.8,-1.22,1.08,99.78
V046,Truck,Diesel,4,220,8000,True,R005,Hub North,Zone 3,173.0,4360.6,1.7,1,46.3,-1.43,1.02,61.55
V023,Semi-Trailer,Diesel,7,450,26000,True,R003,Depot B,Zone 1,296.2,5046.7,1.1,2,68.8,-1.22,1.01,112.27
V060,Light Commercial,Diesel,7,100,3500,True,R004,Depot C,Zone 3,269.7,2907.2,1.18,3,60.5,2.47,1.1,63.7
V030,Van,Diesel,11,75,1500,True,R012,Depot A,Zone 2,55.2,867.0,1.09,2,45.6,2.79,1.14,8.6
V010,Semi-Trailer,Diesel,12,450,26000,True,R025,Hub North,Zone 1,69.8,20520.0,1.46,2,41.5,-3.1,1.06,37.85
V001,Semi-Trailer,Diesel,6,450,26000,True,R005,Hub North,Zone 3,171.1,18534.2,1.84,1,43.3,-1.29,1.06,98.71
V013,Truck,Hybrid,5,220,8000,True,R025,Hub North,Zone 1,65.6,6343.7,1.52,2,41.1,-3.37,1.01,18.29
V042,Bus,Hybrid,4,280,6000,True,R001,Depot B,Port Terminal,287.3,2343.2,1.57,1,43.6,-1.92,1.02,84.86
V033,Truck,Diesel,6,220,8000,True,R023,Depot B,Zone 2,265.3,1748.3,1.15,3,63.5,-1.07,1.02,75.52
V021,Van,Diesel,10,75,1500,True,R009,Depot A,Industrial Park,87.6,1286.8,1.62,1,32.5,-2.68,1.01,14.58
V029,Van,Diesel,12,75,1500,True,R029,Depot A,Port Terminal,29.4,1277.9,1.16,3,46.1,3.67,1.13,5.57
V051,Light Commercial,Diesel,8,100,3500,True,R015,Central Hub,Zone 3,163.3,2977.7,1.67,2,44.4,1.69,1.06,43.8
V035,Van,Petrol,9,75,1500,True,R009,Depot A,Industrial Park,89.4,1411.3,1.8,1,31.1,-2.35,1.02,17.52
V004,Van,Diesel,10,75,1500,True,R008,Depot B,Metro Area,131.6,910.1,1.61,2,49.8,-2.67,1.03,17.5
V003,Bus,Hybrid,9,280,6000,True,R025,Hub North,Zone 1,65.7,3213.7,1.55,2,26.7,-3.09,1.04,21.82
V029,Van,Diesel,12,75,1500,True,R013,Central Hub,Metro Area,190.3,1166.6,1.72,2,46.5,-2.18,1.06,29.11
V025,Truck,Diesel,11,220,8000,True,R011,Central Hub,Port Terminal,310.2,1548.9,1.41,1,57.5,0.2,1.11,107.47
V052,Van,Petrol,2,75,1500,True,R023,Depot B,Zone 2,267.6,1148.4,1.23,3,62.3,-1.2,1.09,37.03
V035,Van,Petrol,9,75,1500,True,R017,Hub North,Zone 2,142.5,1185.6,1.54,3,41.3,4.41,1.01,35.18
V046,Truck,Diesel,4,220,8000,True,R020,Central Hub,Port Terminal,197.8,4724.9,1.25,2,59.1,0.06,1.01,69.66
V036,Van,Diesel,6,75,1500,True,R014,Depot A,Metro Area,56.1,644.6,1.91,2,27.9,-2.19,1.03,8.5
V021,Van,Diesel,10,75,1500,True,R002,Hub North,Metro Area,102.2,986.7,1.59,3,43.7,1.78,1.07,18.18
V040,Van,CNG,2,75,1500,True,R001,Depot B,Port Terminal,288.3,1316.6,1.26,1,63.1,-2.23,1.13,42.09
V038,Light Commercial,Diesel,6,100,3500,True,R002,Hub North,Metro Area,99.6,819.9,1.6,3,34.2,1.71,1.01,22.69
V044,Van,CNG,4,75,1500,True,R018,Hub North,Port Terminal,158.0,546.7,1.09,1,69.4,2.08,1.01,24.38
V012,Van,Petrol,1,75,1500,True,R016,Central Hub,Industrial Park,22.3,1006.1,1.44,1,34.9,0.85,1.19,4.17
V039,Truck,Diesel,12,220,8000,True,R023,Depot B,Zone 2,266.1,6465.9,1.15,3,65.9,-1.17,1.06,100.75
V018,Light Commercial,Hybrid,9,100,3500,True,R027,Depot C,Zone 1,69.6,2289.9,1.24,2,40.3,-2.03,1.03,9.85
V048,Light Commercial,Petrol,9,100,3500,True,R006,Depot C,Zone 1,149.1,2107.8,1.75,2,37.7,4.21,1.08,53.85
V048,Light Commercial,Petrol,9,100,3500,True,R029,Depot A,Port Terminal,31.2,605.1,1.32,3,36.3,3.95,1.18,9.23
V038,Light Commercial,Diesel,6,100,3500,True,R028,Central Hub,Zone 4,31.6,1640.3,1.27,1,39.6,-0.96,1.0,6.02
V057,Light Commercial,Diesel,6,100,3500,True,R019,Depot B,Port Terminal,260.0,2998.3,1.78,2,47.9,-1.92,1.15,58.69
V033,Truck,Diesel,6,220,8000,True,R016,Central Hub,Industrial Park,23.3,3259.2,1.56,1,34.9,1.56,1.02,10.37
V002,Truck,Diesel,11,220,8000,True,R006,Depot C,Zone 1,146.9,3390.8,1.85,2,46.5,3.8,1.25,83.27
V037,Van,Petrol,6,75,1500,True,R006,Depot C,Zone 1,149.3,605.9,1.78,2,36.5,4.37,1.0,32.12
V047,Semi-Trailer,Diesel,6,450,26000,True,R001,Depot B,Port Terminal,289.0,10616.7,1.23,1,59.5,-2.85,1.03,116.89
V007,Van,Petrol,11,75,1500,True,R020,Central Hub,Port Terminal,202.8,666.1,1.19,2,71.2,-0.5,1.16,30.93
V007,Van,Petrol,11,75,1500,True,R013,Central Hub,Metro Area,192.7,1136.0,1.61,2,43.6,-1.98,1.0,32.85
V017,Light Commercial,Hybrid,8,100,3500,True,R006,Depot C,Zone 1,148.7,1703.8,1.91,2,36.2,4.04,1.21,36.38
V051,Light Commercial,Diesel,8,100,3500,True,R005,Hub North,Zone 3,172.5,2156.1,1.59,1,46.0,-1.22,1.02,38.21
V032,Truck,Diesel,8,220,8000,True,R002,Hub North,Metro Area,100.7,3808.5,1.5,3,58.0,2.32,1.01,43.5
V059,Light Commercial,Diesel,7,100,3500,True,R020,Central Hub,Port Terminal,198.5,2949.7,1.37,2,51.9,0.14,1.11,44.22
V053,Van,CNG,12,75,1500,True,R021,Depot A,Metro Area,280.0,377.9,1.32,1,59.0,0.54,1.08,45.86
V034,Van,Diesel,10,75,1500,True,R019,Depot B,Port Terminal,258.8,306.7,1.54,2,50.4,-2.19,1.1,32.61
V041,Bus,Petrol,6,280,6000,True,R004,Depot C,Zone 3,269.8,2679.4,1.15,3,57.4,2.87,1.03,135.16
V020,Truck,Diesel,4,220,8000,True,R002,Hub North,Metro Area,101.3,7425.2,1.39,3,53.9,1.97,1.0,45.02
V006,Semi-Trailer,Diesel,8,450,26000,True,R004,Depot C,Zone 3,267.4,18065.5,1.38,3,52.1,3.32,1.12,183.5
V024,Van,Diesel,7,75,1500,True,R023,Depot B,Zone 2,266.0,935.7,1.38,3,56.9,-0.32,1.31,37.1
V036,Van,Diesel,6,75,1500,True,R023,Depot B,Zone 2,264.5,647.7,1.12,3,74.0,-0.59,1.12,31.18
V011,Van,Diesel,6,75,1500,True,R009,Depot A,Industrial Park,91.0,526.3,1.54,1,31.1,-2.16,1.03,11.25
V014,Light Commercial,Diesel,4,100,3500,True,R002,Hub North,Metro Area,100.0,3195.8,1.57,3,30.6,2.83,1.02,29.17
V001,Semi-Trailer,Diesel,6,450,26000,True,R010,Hub North,Zone 2,199.3,12034.9,1.27,2,69.2,3.54,1.08,122.74
V045,Light Commercial,Diesel,9,100,3500,True,R025,Hub North,Zone 1,68.7,2465.5,1.49,2,30.8,-3.19,1.01,15.29
V054,Light Commercial,Petrol,7,100,3500,True,R005,Hub North,Zone 3,172.6,2761.1,2.01,1,31.9,-1.38,1.14,53.91
V050,Light Commercial,Diesel,2,100,3500,True,R024,Depot C,Zone 2,101.6,2306.1,1.28,1,64.2,-2.64,1.01,16.07
V023,Semi-Trailer,Diesel,7,450,26000,True,R014,Depot A,Metro Area,53.8,7740.6,1.82,2,27.3,-2.48,1.08,29.4
V036,Van,Diesel,6,75,1500,True,R005,Hub North,Zone 3,170.6,517.2,1.51,1,50.9,-2.14,1.07,20.4
V058,Truck,Diesel,12,220,8000,True,R029,Depot A,Port Terminal,33.4,956.3,1.03,3,57.7,3.69,1.24,12.81
V036,Van,Diesel,6,75,1500,True,R016,Central Hub,Industrial Park,22.8,1386.0,1.48,1,28.2,0.89,1.08,4.19
V018,Light Commercial,Hybrid,9,100,3500,True,R021,Depot A,Metro Area,281.3,2833.1,1.14,1,65.1,0.51,1.04,43.86
V021,Van,Diesel,10,75,1500,True,R003,Depot B,Zone 1,296.5,665.1,1.11,2,62.7,-1.22,1.14,35.18
V044,Van,CNG,4,75,1500,True,R012,Depot A,Zone 2,54.6,1287.8,1.18,2,43.7,1.53,1.04,9.97
V027,Truck,Diesel,10,220,8000,True,R019,Depot B,Port Terminal,258.6,1845.0,1.22,2,59.3,-0.81,1.04,83.68
V051,Light Commercial,Diesel,8,100,3500,True,R020,Central Hub,Port Terminal,199.0,475.1,1.47,2,46.3,-0.14,1.06,37.9
V052,Van,Petrol,2,75,1500,True,R002,Hub North,Metro Area,99.1,322.5,1.63,3,33.6,1.88,1.01,16.72
V003,Bus,Hybrid,9,280,6000,True,R019,Depot B,Port Terminal,257.7,5105.4,1.52,2,49.3,-2.29,1.06,89.04
V044,Van,CNG,4,75,1500,True,R029,Depot A,Port Terminal,31.7,354.6,1.24,3,35.3,3.65,1.12,6.3
V023,Semi-Trailer,Diesel,7,450,26000,True,R024,Depot C,Zone 2,101.1,4105.6,1.02,1,68.4,-1.85,1.04,37.16
V032,Truck,Diesel,8,220,8000,True,R007,Central Hub,Industrial Park,287.0,2061.7,1.49,3,51.2,0.72,1.03,105.7
V016,Van,Petrol,6,75,1500,True,R028,Central Hub,Zone 4,29.7,679.2,1.45,1,27.8,-0.47,1.01,5.3
V023,Semi-Trailer,Diesel,7,450,26000,True,R021,Depot A,Metro Area,282.8,13571.1,1.48,1,51.7,0.22,1.03,148.71
V020,Truck,Diesel,4,220,8000,True,R002,Hub North,Metro Area,98.0,2404.2,1.5,3,38.8,1.2,1.01,38.62
V004,Van,Diesel,10,75,1500,True,R004,Depot C,Zone 3,268.9,1177.3,1.52,3,52.1,2.93,1.06,52.24
V047,Semi-Trailer,Diesel,6,450,26000,True,R028,Central Hub,Zone 4,29.6,23812.6,1.33,1,35.0,0.05,1.17,17.06
V009,Semi-Trailer,Diesel,1,450,26000,True,R007,Central Hub,Industrial Park,286.5,9027.5,1.68,3,45.7,1.08,1.02,147.77
V023,Semi-Trailer,Diesel,7,450,26000,True,R003,Depot B,Zone 1,294.0,23177.0,1.0,2,70.0,-1.71,1.07,136.14
V012,Van,Petrol,1,75,1500,True,R014,Depot A,Metro Area,56.0,1192.8,1.95,2,26.2,-1.88,1.01,10.91
V010,Semi-Trailer,Diesel,12,450,26000,True,R016,Central Hub,Industrial Park,23.7,22181.0,1.51,1,31.9,0.44,1.01,16.8
V023,Semi-Trailer,Diesel,7,450,26000,True,R018,Hub North,Port Terminal,157.9,3919.3,1.17,1,60.1,2.39,1.26,75.56
V056,Semi-Trailer,Diesel,6,450,26000,True,R020,Central Hub,Port Terminal,200.5,21032.3,1.34,2,58.3,0.55,1.04,107.6
V057,Light Commercial,Diesel,6,100,3500,True,R030,Central Hub,Industrial Park,315.7,2093.1,1.51,2,41.9,3.15,1.1,88.48
V023,Semi-Trailer,Diesel,7,450,26000,True,R023,Depot B,Zone 2,267.7,3445.5,1.0,3,70.3,-1.14,1.15,96.68
V031,Light Commercial,Diesel,6,100,3500,True,R001,Depot B,Port Terminal,287.5,2592.1,1.87,1,35.9,-2.4,1.03,66.16
V060,Light Commercial,Diesel,7,100,3500,True,R003,Depot B,Zone 1,295.1,1069.1,1.09,2,66.7,-1.98,1.11,45.17
V015,Van,Diesel,9,75,1500,True,R001,Depot B,Port Terminal,289.0,1166.3,1.05,1,76.7,-2.27,1.06,35.16
V057,Light Commercial,Diesel,6,100,3500,True,R012,Depot A,Zone 2,54.0,2212.3,1.2,2,44.8,2.0,1.0,12.42
V007,Van,Petrol,11,75,1500,True,R011,Central Hub,Port Terminal,309.0,777.7,1.27,1,59.3,0.52,1.04,49.19
V014,Light Commercial,Diesel,4,100,3500,True,R029,Depot A,Port Terminal,27.8,419.6,1.02,3,49.1,3.44,1.12,5.42
V021,Van,Diesel,10,75,1500,True,R011,Central Hub,Port Terminal,311.5,1284.3,1.06,1,70.5,0.62,1.08,44.26
V003,Bus,Hybrid,9,280,6000,True,R001,Depot B,Port Terminal,288.7,1352.6,1.49,1,55.9,-2.59,1.01,74.44
V049,Truck,Diesel,8,220,8000,True,R027,Depot C,Zone 1,68.6,6441.9,1.43,2,27.7,-2.0,1.0,30.02
V052,Van,Petrol,2,75,1500,True,R008,Depot B,Metro Area,130.6,1027.4,1.66,2,48.1,-2.23,1.06,20.64
V024,Van,Diesel,7,75,1500,True,R028,Central Hub,Zone 4,30.2,238.7,1.69,1,27.6,0.36,1.04,4.47
V051,Light Commercial,Diesel,8,100,3500,True,R024,Depot C,Zone 2,103.8,1963.1,1.31,1,59.3,-1.49,1.0,19.07
V047,Semi-Trailer,Diesel,6,450,26000,True,R027,Depot C,Zone 1,71.0,23854.8,1.22,2,43.2,-1.35,1.03,35.84
V049,Truck,Diesel,8,220,8000,True,R025,Hub North,Zone 1,66.7,7075.1,1.28,2,41.9,-3.18,1.02,25.89
V049,Truck,Diesel,8,220,8000,True,R005,Hub North,Zone 3,172.8,1794.8,1.77,1,48.8,-1.48,1.09,61.62
V035,Van,Petrol,9,75,1500,True,R019,Depot B,Port Terminal,259.0,370.8,1.55,2,42.9,-1.48,1.06,37.04
V007,Van,Petrol,11,75,1500,True,R013,Central Hub,Metro Area,191.4,345.9,1.7,2,48.2,-2.07,1.35,29.38
V056,Semi-Trailer,Diesel,6,450,26000,True,R019,Depot B,Port Terminal,255.8,19311.5,1.57,2,47.7,-1.11,1.2,133.79
V037,Van,Petrol,6,75,1500,True,R023,Depot B,Zone 2,266.7,355.0,1.3,3,55.9,-1.83,1.07,32.78
V055,Van,CNG,6,75,1500,True,R016,Central Hub,Industrial Park,21.1,232.3,1.64,1,38.6,0.82,1.12,3.69
V058,Truck,Diesel,12,220,8000,True,R010,Hub North,Zone 2,199.5,3454.3,1.17,2,67.0,3.82,1.05,92.84
V012,Van,Petrol,1,75,1500,True,R028,Central Hub,Zone 4,29.4,1382.8,1.55,1,30.6,-0.85,1.27,5.82
V025,Truck,Diesel,11,220,8000,True,R020,Central Hub,Port Terminal,201.5,2896.2,1.69,2,48.3,-0.3,1.03,78.96
V012,Van,Petrol,1,75,1500,True,R027,Depot C,Zone 1,67.2,1073.4,1.03,2,48.5,-1.37,1.15,9.2
V004,Van,Diesel,10,75,1500,True,R008,Depot B,Metro Area,129.2,333.6,1.72,2,41.8,-2.13,1.08,17.31
V058,Truck,Diesel,12,220,8000,True,R026,Central Hub,Zone 4,114.1,5023.8,2.02,3,34.6,0.02,1.02,62.55
V056,Semi-Trailer,Diesel,6,450,26000,True,R010,Hub North,Zone 2,196.5,15443.8,1.03,2,73.8,2.95,1.05,106.7
V056,Semi-Trailer,Diesel,6,450,26000,True,R014,Depot A,Metro Area,54.8,22582.2,1.94,2,23.3,-2.89,1.05,38.58
V054,Light Commercial,Petrol,7,100,3500,True,R026,Central Hub,Zone 4,111.4,2481.8,1.92,3,39.7,-0.08,1.01,31.09
V039,Truck,Diesel,12,220,8000,True,R011,Central Hub,Port Terminal,310.4,1621.3,1.0,1,78.5,-0.08,1.11,102.5
V032,Truck,Diesel,8,220,8000,True,R008,Depot B,Metro Area,129.4,3552.6,1.76,2,43.1,-3.13,1.02,45.78
V060,Light Commercial,Diesel,7,100,3500,True,R028,Central Hub,Zone 4,28.1,351.7,1.43,1,42.9,-0.02,1.13,5.1
V034,Van,Diesel,10,75,1500,True,R029,Depot A,Port Terminal,30.6,457.3,1.12,3,44.7,3.78,1.25,4.96
V039,Truck,Diesel,12,220,8000,True,R010,Hub North,Zone 2,198.6,7405.0,1.16,2,70.0,3.51,1.06,98.27
V013,Truck,Hybrid,5,220,8000,True,R010,Hub North,Zone 2,197.5,3899.0,1.41,2,57.2,3.12,1.24,69.49
V045,Light Commercial,Diesel,9,100,3500,True,R007,Central Hub,Industrial Park,286.0,2931.0,1.28,3,64.5,0.9,1.04,66.49
V050,Light Commercial,Diesel,2,100,3500,True,R001,Depot B,Port Terminal,289.8,420.6,1.42,1,60.7,-1.63,1.14,41.83
V041,Bus,Petrol,6,280,6000,True,R017,Hub North,Zone 2,143.9,5088.3,1.46,3,44.2,3.87,1.01,100.62
V030,Van,Diesel,11,75,1500,True,R008,Depot B,Metro Area,127.4,1284.0,1.6,2,48.0,-2.05,1.03,18.34
V012,Van,Petrol,1,75,1500,True,R026,Central Hub,Zone 4,110.1,983.1,1.59,3,46.8,0.69,1.0,19.0
V003,Bus,Hybrid,9,280,6000,True,R006,Depot C,Zone 1,146.3,1192.9,1.69,2,44.8,4.45,1.01,64.12
V038,Light Commercial,Diesel,6,100,3500,True,R020,Central Hub,Port Terminal,199.7,2956.1,1.37,2,53.2,-0.04,1.03,42.04
V041,Bus,Petrol,6,280,6000,True,R016,Central Hub,Industrial Park,23.0,5189.3,1.62,1,28.7,1.1,1.03,15.63
V047,Semi-Trailer,Diesel,6,450,26000,True,R019,Depot B,Port Terminal,259.2,7043.1,1.65,2,41.0,-0.9,1.24,126.27
V058,Truck,Diesel,12,220,8000,True,R004,Depot C,Zone 3,267.6,7193.1,1.34,3,56.5,3.18,1.03,146.46
V030,Van,Diesel,11,75,1500,True,R014,Depot A,Metro Area,53.6,1273.3,1.72,2,32.8,-2.29,1.09,9.41
V050,Light Commercial,Diesel,2,100,3500,True,R019,Depot B,Port Terminal,259.4,959.5,1.32,2,54.9,-1.81,1.27,39.44
V043,Truck,Diesel,9,220,8000,True,R011,Central Hub,Port Terminal,310.6,3478.0,1.21,1,60.5,0.85,1.28,119.1
V017,Light Commercial,Hybrid,8,100,3500,True,R027,Depot C,Zone 1,70.7,1351.6,1.23,2,37.8,-1.99,1.24,9.6
V051,Light Commercial,Diesel,8,100,3500,True,R016,Central Hub,Industrial Park,20.3,1832.2,1.55,1,28.3,0.98,1.26,5.41
V004,Van,Diesel,10,75,1500,True,R011,Central Hub,Port Terminal,310.5,1283.5,1.21,1,61.1,1.66,1.01,46.82
V036,Van,Diesel,6,75,1500,True,R001,Depot B,Port Terminal,289.8,1264.8,1.57,1,49.2,-3.38,1.21,36.51
V057,Light Commercial,Diesel,6,100,3500,True,R006,Depot C,Zone 1,146.6,872.6,1.8,2,46.7,4.53,1.04,39.95
V040,Van,CNG,2,75,1500,True,R015,Central Hub,Zone 3,165.2,852.7,1.78,2,37.3,1.91,1.07,36.4
V057,Light Commercial,Diesel,6,100,3500,True,R013,Central Hub,Metro Area,188.7,1938.8,1.57,2,47.7,-1.99,1.15,36.15
V004,Van,Diesel,10,75,1500,True,R027,Depot C,Zone 1,69.6,724.3,1.16,2,47.9,-1.69,1.03,8.6
V032,Truck,Diesel,8,220,8000,True,R024,Depot C,Zone 2,101.5,5660.0,1.27,1,54.5,-2.23,1.19,36.63
V047,Semi-Trailer,Diesel,6,450,26000,True,R005,Hub North,Zone 3,174.7,16875.9,1.74,1,48.3,-1.55,1.04,94.67
V039,Truck,Diesel,12,220,8000,True,R018,Hub North,Port Terminal,155.8,2670.7,1.0,1,73.2,2.87,1.15,66.23
V053,Van,CNG,12,75,1500,True,R014,Depot A,Metro Area,56.0,593.9,1.96,2,28.3,-2.71,1.06,11.12
V028,Van,Diesel,4,75,1500,True,R004,Depot C,Zone 3,269.7,1282.7,1.16,3,63.9,3.78,1.03,46.89
V041,Bus,Petrol,6,280,6000,True,R020,Central Hub,Port Terminal,197.8,2261.4,1.36,2,57.2,-0.3,1.05,83.18
V026,Semi-Trailer,Diesel,7,450,26000,True,R017,Hub North,Zone 2,142.2,12414.3,1.6,3,53.2,4.46,1.17,102.18
V053,Van,CNG,12,75,1500,True,R003,Depot B,Zone 1,294.6,1390.4,1.08,2,68.9,-1.93,1.12,48.53
V008,Semi-Trailer,Diesel,1,450,26000,True,R015,Central Hub,Zone 3,161.8,21545.9,1.44,2,56.1,2.17,1.01,92.77
V016,Van,Petrol,6,75,1500,True,R022,Central Hub,Metro Area,263.4,1041.2,1.16,2,65.8,-2.37,1.03,31.32
V006,Semi-Trailer,Diesel,8,450,26000,True,R010,Hub North,Zone 2,199.7,9318.9,1.41,2,50.1,3.67,1.04,118.95
V043,Truck,Diesel,9,220,8000,True,R011,Central Hub,Port Terminal,312.2,5075.5,1.29,1,57.6,0.1,1.12,115.54
V014,Light Commercial,Diesel,4,100,3500,True,R004,Depot C,Zone 3,267.9,2260.0,1.0,3,74.2,2.67,1.0,57.44
V020,Truck,Diesel,4,220,8000,True,R007,Central Hub,Industrial Park,287.7,3598.6,1.62,3,40.7,1.32,1.01,120.55
V051,Light Commercial,Diesel,8,100,3500,True,R030,Central Hub,Industrial Park,314.7,457.5,1.47,2,52.8,2.61,1.08,68.15
V022,Truck,Diesel,10,220,8000,True,R019,Depot B,Port Terminal,259.2,3292.4,1.31,2,60.0,-1.38,1.07,84.79
V009,Semi-Trailer,Diesel,1,450,26000,True,R006,Depot C,Zone 1,146.9,13829.7,1.88,2,43.2,4.06,1.03,104.5
V002,Truck,Diesel,11,220,8000,True,R015,Central Hub,Zone 3,166.3,7261.0,1.88,2,45.7,2.2,1.01,95.06
V014,Light Commercial,Diesel,4,100,3500,True,R006,Depot C,Zone 1,149.7,2514.3,1.77,2,46.1,4.17,1.01,43.75
V055,Van,CNG,6,75,1500,True,R014,Depot A,Metro Area,56.0,287.6,1.7,2,26.9,-2.9,1.05,9.21
V033,Truck,Diesel,6,220,8000,True,R005,Hub North,Zone 3,170.8,2849.7,2.0,1,35.9,-1.73,1.1,72.99
V060,Light Commercial,Diesel,7,100,3500,True,R019,Depot B,Port Terminal,256.5,1902.0,1.46,2,54.6,-1.86,1.09,46.43
V013,Truck,Hybrid,5,220,8000,True,R018,Hub North,Port Terminal,157.1,3867.6,1.0,1,76.6,2.94,1.07,48.11
V022,Truck,Diesel,10,220,8000,True,R020,Central Hub,Port Terminal,199.0,834.8,1.53,2,48.8,-0.17,1.06,66.2
V010,Semi-Trailer,Diesel,12,450,26000,True,R014,Depot A,Metro Area,52.3,23265.7,1.82,2,23.9,-2.95,1.09,34.93
V024,Van,Diesel,7,75,1500,True,R009,Depot A,Industrial Park,89.2,1302.7,1.88,1,24.5,-2.53,1.17,16.73
V034,Van,Diesel,10,75,1500,True,R008,Depot B,Metro Area,130.9,1327.8,1.74,2,45.5,-3.2,1.05,20.53
V049,Truck,Diesel,8,220,8000,True,R007,Central Hub,Industrial Park,288.4,3714.2,1.66,3,37.4,0.91,1.05,129.17
V023,Semi-Trailer,Diesel,7,450,26000,True,R013,Central Hub,Metro Area,191.2,21017.6,1.64,2,36.3,-1.57,1.05,119.4
V047,Semi-Trailer,Diesel,6,450,26000,True,R014,Depot A,Metro Area,53.8,18258.7,1.79,2,30.7,-2.52,1.07,31.3
V038,Light Commercial,Diesel,6,100,3500,True,R021,Depot A,Metro Area,280.0,1872.4,1.36,1,53.1,0.24,1.07,55.2
V018,Light Commercial,Hybrid,9,100,3500,True,R002,Hub North,Metro Area,100.6,579.5,1.58,3,49.2,2.48,1.18,18.2
V055,Van,CNG,6,75,1500,True,R009,Depot A,Industrial Park,89.2,364.0,1.83,1,33.6,-2.58,1.04,13.9
V027,Truck,Diesel,10,220,8000,True,R026,Central Hub,Zone 4,112.9,2420.0,1.31,3,53.3,0.16,1.03,40.48
V010,Semi-Trailer,Diesel,12,450,26000,True,R028,Central Hub,Zone 4,31.6,22399.6,1.46,1,27.6,-0.28,1.1,21.73
V058,Truck,Diesel,12,220,8000,True,R028,Central Hub,Zone 4,28.3,5324.5,1.45,1,33.3,-0.96,1.35,12.82
V055,Van,CNG,6,75,1500,True,R010,Hub North,Zone 2,198.1,1403.4,1.19,2,60.3,3.42,1.05,40.09
V003,Bus,Hybrid,9,280,6000,True,R005,Hub North,Zone 3,171.6,3488.8,1.67,1,44.9,-1.69,1.12,53.69
V055,Van,CNG,6,75,1500,True,R006,Depot C,Zone 1,147.6,258.0,1.9,2,41.7,4.16,1.35,35.11
V057,Light Commercial,Diesel,6,100,3500,True,R004,Depot C,Zone 3,269.4,1771.3,1.22,3,62.6,2.87,1.22,61.67
V050,Light Commercial,Diesel,2,100,3500,True,R029,Depot A,Port Terminal,32.3,682.6,1.16,3,43.3,4.26,1.03,7.04
V016,Van,Petrol,6,75,1500,True,R027,Depot C,Zone 1,72.5,1299.2,1.24,2,44.4,-1.17,1.11,11.47
V038,Light Commercial,Diesel,6,100,3500,True,R025,Hub North,Zone 1,68.9,1178.3,1.6,2,34.0,-2.7,1.06,13.52
V033,Truck,Diesel,6,220,8000,True,R022,Central Hub,Metro Area,263.9,2141.4,1.31,2,56.3,-2.53,1.18,80.73
V038,Light Commercial,Diesel,6,100,3500,True,R011,Central Hub,Port Terminal,311.0,1872.1,1.2,1,65.1,0.41,1.26,59.93
V037,Van,Petrol,6,75,1500,True,R015,Central Hub,Zone 3,161.4,1179.0,1.94,2,32.6,0.86,1.02,37.19
V039,Truck,Diesel,12,220,8000,True,R026,Central Hub,Zone 4,114.0,4270.4,1.77,3,46.6,0.69,1.12,53.35
V031,Light Commercial,Diesel,6,100,3500,True,R025,Hub North,Zone 1,67.8,463.7,1.44,2,34.7,-3.98,1.01,11.03
V042,Bus,Hybrid,4,280,6000,True,R016,Central Hub,Industrial Park,23.4,4389.1,1.54,1,27.7,0.17,1.1,9.48
V032,Truck,Diesel,8,220,8000,True,R026,Central Hub,Zone 4,113.0,1031.7,1.71,3,42.3,0.48,1.32,44.67
V001,Semi-Trailer,Diesel,6,450,26000,True,R011,Central Hub,Port Terminal,309.5,15956.8,1.26,1,63.9,0.62,1.2,152.36
V003,Bus,Hybrid,9,280,6000,True,R013,Central Hub,Metro Area,190.8,3746.4,1.71,2,40.9,-2.08,1.12,65.6
V058,Truck,Diesel,12,220,8000,True,R026,Central Hub,Zone 4,114.3,2217.9,1.63,3,47.6,1.15,1.06,48.39
V055,Van,CNG,6,75,1500,True,R012,Depot A,Zone 2,55.6,719.4,1.12,2,48.3,2.1,1.17,9.54
V036,Van,Diesel,6,75,1500,True,R023,Depot B,Zone 2,265.6,157.9,1.0,3,75.1,-1.12,1.07,26.96
V011,Van,Diesel,6,75,1500,True,R014,Depot A,Metro Area,54.8,511.7,1.76,2,24.9,-1.96,1.12,8.49
V047,Semi-Trailer,Diesel,6,450,26000,True,R009,Depot A,Industrial Park,90.1,16287.7,1.71,1,29.0,-1.89,1.05,53.24
V009,Semi-Trailer,Diesel,1,450,26000,True,R007,Central Hub,Industrial Park,288.9,8880.1,1.57,3,42.1,0.86,1.06,149.56
V023,Semi-Trailer,Diesel,7,450,26000,True,R019,Depot B,Port Terminal,255.8,3652.6,1.67,2,42.9,-1.95,1.04,117.34
V020,Truck,Diesel,4,220,8000,True,R015,Central Hub,Zone 3,166.5,5385.0,1.65,2,40.9,1.58,1.11,80.06
V001,Semi-Trailer,Diesel,6,450,26000,True,R012,Depot A,Zone 2,56.6,19006.9,1.18,2,42.2,1.34,1.21,33.37
V049,Truck,Diesel,8,220,8000,True,R023,Depot B,Zone 2,266.3,6668.3,1.2,3,57.3,-1.04,1.35,100.91
V031,Light Commercial,Diesel,6,100,3500,True,R001,Depot B,Port Terminal,286.5,2954.7,1.46,1,51.9,-2.8,1.13,54.02
V019,Semi-Trailer,Diesel,11,450,26000,True,R003,Depot B,Zone 1,296.0,13568.6,1.05,2,75.6,-1.79,1.12,128.62
V031,Light Commercial,Diesel,6,100,3500,True,R029,Depot A,Port Terminal,31.5,1561.9,1.08,3,51.2,4.0,1.05,7.32
V001,Semi-Trailer,Diesel,6,450,26000,True,R020,Central Hub,Port Terminal,196.7,15547.6,1.63,2,41.0,-0.99,1.04,107.66
V027,Truck,Diesel,10,220,8000,True,R017,Hub North,Zone 2,142.5,6190.1,1.47,3,48.4,3.72,1.04,73.35
V032,Truck,Diesel,8,220,8000,True,R001,Depot B,Port Terminal,293.0,4032.3,1.54,1,52.1,-2.58,1.29,102.48
V021,Van,Diesel,10,75,1500,True,R018,Hub North,Port Terminal,157.6,1418.8,1.0,1,77.8,2.76,1.18,26.11
V050,Light Commercial,Diesel,2,100,3500,True,R014,Depot A,Metro Area,53.9,2246.6,1.91,2,23.7,-2.71,1.23,13.82
V015,Van,Diesel,9,75,1500,True,R018,Hub North,Port Terminal,156.1,542.8,1.24,1,58.7,2.67,1.03,22.86
V009,Semi-Trailer,Diesel,1,450,26000,True,R002,Hub North,Metro Area,103.5,20141.0,1.47,3,51.3,1.5,1.01,59.41
V032,Truck,Diesel,8,220,8000,True,R017,Hub North,Zone 2,144.1,1825.2,1.45,3,44.3,3.65,1.07,65.66
V054,Light Commercial,Petrol,7,100,3500,True,R018,Hub North,Port Terminal,159.7,3134.0,1.13,1,68.6,2.57,1.02,42.91
V023,Semi-Trailer,Diesel,7,450,26000,True,R009,Depot A,Industrial Park,88.9,10121.8,1.71,1,33.5,-2.61,1.1,46.0
V003,Bus,Hybrid,9,280,6000,True,R002,Hub North,Metro Area,102.7,4093.7,1.7,3,42.6,1.66,1.02,43.59
V059,Light Commercial,Diesel,7,100,3500,True,R030,Central Hub,Industrial Park,312.5,2210.3,1.63,2,40.4,2.96,1.01,86.94
V027,Truck,Diesel,10,220,8000,True,R022,Central Hub,Metro Area,264.3,1451.9,1.38,2,60.0,-2.49,1.04,80.38
V011,Van,Diesel,6,75,1500,True,R019,Depot B,Port Terminal,258.4,1070.1,1.37,2,55.6,-1.37,1.09,33.54
V037,Van,Petrol,6,75,1500,True,R024,Depot C,Zone 2,103.9,547.6,1.54,1,51.4,-2.52,1.07,14.31
V020,Truck,Diesel,4,220,8000,True,R021,Depot A,Metro Area,280.1,3392.0,1.44,1,46.9,-0.5,1.02,98.49
V057,Light Commercial,Diesel,6,100,3500,True,R005,Hub North,Zone 3,171.2,637.2,1.92,1,33.7,-0.94,1.09,36.51
V018,Light Commercial,Hybrid,9,100,3500,True,R014,Depot A,Metro Area,55.1,2760.0,1.63,2,32.3,-2.36,1.0,9.56
V034,Van,Diesel,10,75,1500,True,R027,Depot C,Zone 1,67.9,1246.8,1.39,2,40.2,-1.99,1.06,10.2
V033,Truck,Diesel,6,220,8000,True,R009,Depot A,Industrial Park,85.0,1713.0,1.8,1,23.3,-2.41,1.07,36.41
V015,Van,Diesel,9,75,1500,True,R030,Central Hub,Industrial Park,315.0,1186.1,1.35,2,55.1,3.35,1.03,57.71
V030,Van,Diesel,11,75,1500,True,R002,Hub North,Metro Area,100.2,1294.9,1.42,3,46.5,2.47,1.0,16.98
V007,Van,Petrol,11,75,1500,True,R010,Hub North,Zone 2,197.4,274.1,1.26,2,56.5,3.6,1.14,34.32
V039,Truck,Diesel,12,220,8000,True,R011,Central Hub,Port Terminal,312.6,7582.5,1.15,1,64.2,0.93,1.13,135.88
V046,Truck,Diesel,4,220,8000,True,R019,Depot B,Port Terminal,260.1,830.9,1.39,2,55.8,-2.12,1.03,70.6
V058,Truck,Diesel,12,220,8000,True,R006,Depot C,Zone 1,148.5,6528.4,1.92,2,30.6,4.43,1.03,104.46
V020,Truck,Diesel,4,220,8000,True,R007,Central Hub,Industrial Park,290.4,4596.4,1.17,3,69.5,0.52,1.02,98.7
V018,Light Commercial,Hybrid,9,100,3500,True,R020,Central Hub,Port Terminal,199.7,3197.9,1.28,2,57.8,-0.06,1.04,32.16
V033,Truck,Diesel,6,220,8000,True,R009,Depot A,Industrial Park,89.0,3099.1,1.61,1,36.2,-1.88,1.05,33.85
V042,Bus,Hybrid,4,280,6000,True,R027,Depot C,Zone 1,70.8,2440.3,1.33,2,40.5,-1.51,1.12,20.01
V060,Light Commercial,Diesel,7,100,3500,True,R027,Depot C,Zone 1,68.5,2850.1,1.0,2,53.4,-1.99,1.01,11.95
V002,Truck,Diesel,11,220,8000,True,R010,Hub North,Zone 2,199.2,5632.7,1.14,2,74.1,2.99,1.1,89.53
V015,Van,Diesel,9,75,1500,True,R017,Hub North,Zone 2,139.1,915.7,1.27,3,55.9,4.89,1.14,25.99
V016,Van,Petrol,6,75,1500,True,R010,Hub North,Zone 2,196.9,971.6,1.16,2,65.0,3.71,1.02,36.91
V016,Van,Petrol,6,75,1500,True,R011,Central Hub,Port Terminal,311.4,1020.4,1.28,1,54.7,0.69,1.17,52.68
V028,Van,Diesel,4,75,1500,True,R021,Depot A,Metro Area,278.4,211.0,1.36,1,54.7,-0.01,1.19,31.8
V053,Van,CNG,12,75,1500,True,R009,Depot A,Industrial Park,87.8,300.2,1.6,1,34.1,-2.41,1.1,13.67
V002,Truck,Diesel,11,220,8000,True,R005,Hub North,Zone 3,174.9,2032.5,1.88,1,44.4,-1.84,1.01,65.57
V049,Truck,Diesel,8,220,8000,True,R008,Depot B,Metro Area,130.7,2002.2,1.62,2,44.7,-2.59,1.09,45.27
V038,Light Commercial,Diesel,6,100,3500,True,R028,Central Hub,Zone 4,29.0,2857.6,1.67,1,25.0,-0.98,1.09,7.34
V037,Van,Petrol,6,75,1500,True,R008,Depot B,Metro Area,128.3,653.0,1.63,2,46.3,-2.88,1.04,18.29
V041,Bus,Petrol,6,280,6000,True,R011,Central Hub,Port Terminal,309.5,3096.1,1.0,1,71.6,0.25,1.09,133.48
V007,Van,Petrol,11,75,1500,True,R019,Depot B,Port Terminal,259.1,264.0,1.6,2,44.4,-2.94,1.05,38.31
V045,Light Commercial,Diesel,9,100,3500,True,R004,Depot C,Zone 3,267.7,2940.0,1.23,3,63.6,2.83,1.06,66.26
V015,Van,Diesel,9,75,1500,True,R009,Depot A,Industrial Park,85.6,163.1,1.67,1,31.9,-2.88,1.01,10.81
V031,Light Commercial,Diesel,6,100,3500,True,R006,Depot C,Zone 1,147.9,597.8,1.81,2,44.8,4.36,1.1,41.81
V041,Bus,Petrol,6,280,6000,True,R028,Central Hub,Zone 4,30.7,4741.8,1.26,1,38.5,-0.51,1.27,16.18
V037,Van,Petrol,6,75,1500,True,R028,Central Hub,Zone 4,31.4,316.5,1.48,1,37.8,0.2,1.02,5.04
V020,Truck,Diesel,4,220,8000,True,R023,Depot B,Zone 2,266.4,6194.8,1.25,3,60.0,-0.9,1.04,93.5
V024,Van,Diesel,7,75,1500,True,R008,Depot B,Metro Area,128.4,596.8,1.7,2,42.9,-2.61,1.01,16.35
V029,Van,Diesel,12,75,1500,True,R019,Depot B,Port Terminal,261.0,1139.5,1.38,2,49.9,-1.44,1.02,37.28
V003,Bus,Hybrid,9,280,6000,True,R020,Central Hub,Port Terminal,198.9,856.8,1.5,2,41.7,0.15,1.09,61.08
V044,Van,CNG,4,75,1500,True,R027,Depot C,Zone 1,71.5,585.1,1.1,2,39.2,-1.43,1.05,10.55
V006,Semi-Trailer,Diesel,8,450,26000,True,R005,Hub North,Zone 3,171.3,13236.2,1.71,1,44.8,-1.34,1.13,86.56
V028,Van,Diesel,4,75,1500,True,R023,Depot B,Zone 2,267.5,947.8,1.15,3,61.6,-0.74,1.05,31.19
V040,Van,CNG,2,75,1500,True,R006,Depot C,Zone 1,145.5,1216.2,1.8,2,35.0,3.47,1.03,36.1
V005,Light Commercial,CNG,10,100,3500,True,R018,Hub North,Port Terminal,156.9,1077.3,1.01,1,72.5,3.62,1.04,37.63
V060,Light Commercial,Diesel,7,100,3500,True,R027,Depot C,Zone 1,68.6,2310.2,1.43,2,36.0,-0.97,1.06,15.62
V023,Semi-Trailer,Diesel,7,450,26000,True,R002,Hub North,Metro Area,99.9,5954.1,1.67,3,31.5,1.87,1.0,62.13
V001,Semi-Trailer,Diesel,6,450,26000,True,R005,Hub North,Zone 3,174.0,20173.2,1.81,1,41.3,-2.02,1.02,100.42
V040,Van,CNG,2,75,1500,True,R025,Hub North,Zone 1,67.4,1339.9,1.56,2,31.8,-2.59,1.09,12.06
V034,Van,Diesel,10,75,1500,True,R001,Depot B,Port Terminal,289.4,210.3,1.6,1,44.7,-2.66,1.13,35.47
V039,Truck,Diesel,12,220,8000,True,R021,Depot A,Metro Area,281.9,1343.0,1.29,1,60.9,0.34,1.02,94.7
V046,Truck,Diesel,4,220,8000,True,R016,Central Hub,Industrial Park,22.6,6155.3,1.29,1,38.1,0.43,1.02,9.4
V029,Van,Diesel,12,75,1500,True,R011,Central Hub,Port Terminal,312.9,1272.3,1.33,1,55.9,1.4,1.01,51.0
V050,Light Commercial,Diesel,2,100,3500,True,R026,Central Hub,Zone 4,112.8,2278.4,1.77,3,46.6,-0.04,1.0,23.71
V023,Semi-Trailer,Diesel,7,450,26000,True,R026,Central Hub,Zone 4,112.2,12792.2,1.85,3,43.6,0.57,1.06,70.71
V033,Truck,Diesel,6,220,8000,True,R010,Hub North,Zone 2,198.9,6029.7,1.15,2,64.5,2.65,1.04,82.75
V010,Semi-Trailer,Diesel,12,450,26000,True,R001,Depot B,Port Terminal,291.1,9223.6,1.22,1,60.4,-2.4,1.07,121.98
V038,Light Commercial,Diesel,6,100,3500,True,R004,Depot C,Zone 3,267.1,3300.5,1.0,3,73.7,2.8,1.04,61.69
V016,Van,Petrol,6,75,1500,True,R004,Depot C,Zone 3,266.7,1231.2,1.16,3,56.7,3.42,1.14,52.95
V042,Bus,Hybrid,4,280,6000,True,R030,Central Hub,Industrial Park,312.3,5124.4,1.75,2,47.3,2.75,1.1,136.39
V049,Truck,Diesel,8,220,8000,True,R018,Hub North,Port Terminal,159.1,6613.2,1.25,1,57.0,3.24,1.02,79.19
V052,Van,Petrol,2,75,1500,True,R021,Depot A,Metro Area,281.3,1339.4,1.3,1,61.3,-0.28,1.1,43.94
V056,Semi-Trailer,Diesel,6,450,26000,True,R007,Central Hub,Industrial Park,286.7,4025.3,1.14,3,65.8,0.54,1.27,123.02
V008,Semi-Trailer,Diesel,1,450,26000,True,R026,Central Hub,Zone 4,108.8,22680.7,1.63,3,51.5,0.44,1.0,59.39
V009,Semi-Trailer,Diesel,1,450,26000,True,R022,Central Hub,Metro Area,263.1,8094.1,1.3,2,59.6,-2.46,1.01,98.4
V056,Semi-Trailer,Diesel,6,450,26000,True,R023,Depot B,Zone 2,267.3,10537.7,1.0,3,78.6,-0.87,1.1,113.8
V023,Semi-Trailer,Diesel,7,450,26000,True,R015,Central Hub,Zone 3,163.9,10789.6,2.13,2,32.9,2.09,1.01,121.48
V002,Truck,Diesel,11,220,8000,True,R021,Depot A,Metro Area,279.9,2380.6,1.53,1,43.8,0.24,1.07,109.86
V018,Light Commercial,Hybrid,9,100,3500,True,R017,Hub North,Zone 2,142.0,1654.3,1.85,3,41.1,4.49,1.14,32.62
V051,Light Commercial,Diesel,8,100,3500,True,R012,Depot A,Zone 2,56.7,1853.9,1.21,2,33.8,1.56,1.08,14.55
V022,Truck,Diesel,10,220,8000,True,R018,Hub North,Port Terminal,158.1,1810.9,1.01,1,72.5,2.94,1.0,58.6
V005,Light Commercial,CNG,10,100,3500,True,R010,Hub North,Zone 2,198.7,1419.6,1.26,2,54.6,4.14,1.2,53.81
V044,Van,CNG,4,75,1500,True,R029,Depot A,Port Terminal,31.0,593.9,1.27,3,36.1,3.23,1.1,5.9
V012,Van,Petrol,1,75,1500,True,R022,Central Hub,Metro Area,264.9,1010.2,1.0,2,77.2,-2.46,1.04,31.95
V022,Truck,Diesel,10,220,8000,True,R023,Depot B,Zone 2,267.2,4749.3,1.0,3,76.8,-0.75,1.0,94.88
V001,Semi-Trailer,Diesel,6,450,26000,True,R022,Central Hub,Metro Area,262.7,18426.0,1.06,2,70.3,-2.08,1.05,112.02
V037,Van,Petrol,6,75,1500,True,R014,Depot A,Metro Area,55.6,1149.5,1.67,2,31.1,-2.22,1.01,9.97
V027,Truck,Diesel,10,220,8000,True,R029,Depot A,Port Terminal,32.0,5335.6,1.32,3,35.8,3.94,1.05,18.15
V053,Van,CNG,12,75,1500,True,R007,Central Hub,Industrial Park,289.2,457.6,1.21,3,71.8,0.82,1.13,46.86
V021,Van,Diesel,10,75,1500,True,R018,Hub North,Port Terminal,158.2,790.2,1.07,1,71.0,2.49,1.09,23.78
V013,Truck,Hybrid,5,220,8000,True,R003,Depot B,Zone 1,293.0,3972.7,1.23,2,58.7,-1.82,1.07,71.68
V010,Semi-Trailer,Diesel,12,450,26000,True,R009,Depot A,Industrial Park,87.3,4236.5,1.9,1,29.8,-3.05,1.28,47.13
V013,Truck,Hybrid,5,220,8000,True,R018,Hub North,Port Terminal,156.9,6882.5,1.09,1,73.7,3.37,1.34,56.35
V028,Van,Diesel,4,75,1500,True,R015,Central Hub,Zone 3,164.3,266.6,1.87,2,37.1,1.98,1.0,25.0
V006,Semi-Trailer,Diesel,8,450,26000,True,R029,Depot A,Port Terminal,30.6,24179.4,1.0,3,44.3,3.53,1.01,20.25
V025,Truck,Diesel,11,220,8000,True,R019,Depot B,Port Terminal,256.3,1015.9,1.62,2,41.3,-1.53,1.11,90.92
V052,Van,Petrol,2,75,1500,True,R013,Central Hub,Metro Area,190.5,1080.3,1.88,2,37.2,-1.44,1.18,33.96
V047,Semi-Trailer,Diesel,6,450,26000,True,R013,Central Hub,Metro Area,189.1,8955.4,1.41,2,53.0,-1.5,1.01,83.46
V039,Truck,Diesel,12,220,8000,True,R019,Depot B,Port Terminal,253.3,6952.1,1.73,2,36.7,-2.01,1.02,115.27
V054,Light Commercial,Petrol,7,100,3500,True,R024,Depot C,Zone 2,101.6,2801.5,1.03,1,70.8,-3.52,1.03,18.95
V047,Semi-Trailer,Diesel,6,450,26000,True,R009,Depot A,Industrial Park,92.0,3152.7,1.8,1,27.0,-2.36,1.05,46.77
V040,Van,CNG,2,75,1500,True,R018,Hub North,Port Terminal,160.3,178.0,1.07,1,71.3,2.43,1.02,22.42
V052,Van,Petrol,2,75,1500,True,R018,Hub North,Port Terminal,156.1,919.1,1.05,1,73.8,3.03,1.03,26.06
V008,Semi-Trailer,Diesel,1,450,26000,True,R001,Depot B,Port Terminal,288.5,5906.0,1.46,1,53.0,-2.0,1.26,113.35
V050,Light Commercial,Diesel,2,100,3500,True,R028,Central Hub,Zone 4,27.8,392.1,1.32,1,45.0,-0.06,1.1,4.74
V018,Light Commercial,Hybrid,9,100,3500,True,R018,Hub North,Port Terminal,155.6,3229.1,1.14,1,70.2,3.48,1.03,30.37
V044,Van,CNG,4,75,1500,True,R008,Depot B,Metro Area,127.2,956.9,1.61,2,47.6,-2.25,1.04,19.99
V055,Van,CNG,6,75,1500,True,R020,Central Hub,Port Terminal,198.6,163.8,1.15,2,61.1,0.5,1.03,26.1
V030,Van,Diesel,11,75,1500,True,R021,Depot A,Metro Area,279.3,775.4,1.09,1,65.8,0.68,1.11,37.29
V006,Semi-Trailer,Diesel,8,450,26000,True,R028,Central Hub,Zone 4,30.4,6081.6,1.28,1,33.5,0.08,1.16,15.41
V023,Semi-Trailer,Diesel,7,450,26000,True,R002,Hub North,Metro Area,101.8,20394.5,1.55,3,49.0,1.76,1.05,66.23
V025,Truck,Diesel,11,220,8000,True,R013,Central Hub,Metro Area,191.7,995.0,1.76,2,43.9,-2.42,1.03,68.83
V057,Light Commercial,Diesel,6,100,3500,True,R006,Depot C,Zone 1,147.8,1453.5,1.65,2,48.9,5.43,1.04,41.99
V057,Light Commercial,Diesel,6,100,3500,True,R018,Hub North,Port Terminal,156.0,1058.1,1.21,1,63.2,2.81,1.03,31.65
V035,Van,Petrol,9,75,1500,True,R016,Central Hub,Industrial Park,20.6,1400.6,1.54,1,36.6,1.43,1.01,4.63
V058,Truck,Diesel,12,220,8000,True,R015,Central Hub,Zone 3,161.8,1331.2,1.77,2,46.8,1.58,1.08,69.49
V027,Truck,Diesel,10,220,8000,True,R030,Central Hub,Industrial Park,314.8,5695.2,1.67,2,40.7,3.31,1.13,177.26
V025,Truck,Diesel,11,220,8000,True,R016,Central Hub,Industrial Park,22.1,4050.6,1.77,1,26.2,-0.04,1.07,11.2
V051,Light Commercial,Diesel,8,100,3500,True,R013,Central Hub,Metro Area,189.4,2779.1,1.48,2,50.5,-2.06,1.09,38.48
V041,Bus,Petrol,6,280,6000,True,R003,Depot B,Zone 1,294.3,1692.6,1.33,2,53.6,-1.7,1.12,123.4
V032,Truck,Diesel,8,220,8000,True,R009,Depot A,Industrial Park,86.6,6616.0,1.85,1,26.0,-2.33,1.06,42.03
V028,Van,Diesel,4,75,1500,True,R027,Depot C,Zone 1,72.9,1361.7,1.25,2,41.3,-1.18,1.18,10.03
V043,Truck,Diesel,9,220,8000,True,R014,Depot A,Metro Area,54.1,2249.1,1.97,2,24.9,-2.95,1.02,22.99
V046,Truck,Diesel,4,220,8000,True,R028,Central Hub,Zone 4,31.0,2450.7,1.42,1,35.2,-0.25,1.12,11.65
V030,Van,Diesel,11,75,1500,True,R016,Central Hub,Industrial Park,24.2,1378.7,1.6,1,27.4,1.43,1.03,5.19
V002,Truck,Diesel,11,220,8000,True,R017,Hub North,Zone 2,141.4,3752.1,1.45,3,53.8,5.17,1.29,78.61
V007,Van,Petrol,11,75,1500,True,R013,Central Hub,Metro Area,192.3,1214.9,1.83,2,42.6,-1.62,1.1,36.32
V009,Semi-Trailer,Diesel,1,450,26000,True,R017,Hub North,Zone 2,143.6,21217.7,1.42,3,49.6,4.05,1.12,100.96
V028,Van,Diesel,4,75,1500,True,R003,Depot B,Zone 1,294.6,546.3,1.07,2,64.8,-2.17,1.06,27.98
V037,Van,Petrol,6,75,1500,True,R002,Hub North,Metro Area,101.3,378.0,1.73,3,48.2,2.51,1.05,18.23
V049,Truck,Diesel,8,220,8000,True,R015,Central Hub,Zone 3,162.0,3292.4,1.97,2,45.1,2.09,1.1,80.34
V014,Light Commercial,Diesel,4,100,3500,True,R018,Hub North,Port Terminal,158.4,2110.9,1.0,1,75.9,2.77,1.03,32.84
V048,Light Commercial,Petrol,9,100,3500,True,R017,Hub North,Zone 2,142.1,1828.8,1.64,3,44.2,3.58,1.03,45.77
V040,Van,CNG,2,75,1500,True,R013,Central Hub,Metro Area,192.7,1089.4,1.54,2,52.8,-2.27,1.01,27.82
V004,Van,Diesel,10,75,1500,True,R009,Depot A,Industrial Park,89.9,849.7,1.39,1,37.9,-2.27,1.0,12.07
V022,Truck,Diesel,10,220,8000,True,R022,Central Hub,Metro Area,265.1,6277.5,1.0,2,74.2,-2.52,1.06,88.15
V019,Semi-Trailer,Diesel,11,450,26000,True,R019,Depot B,Port Terminal,258.5,4897.0,1.6,2,50.9,-2.42,1.04,113.85
V054,Light Commercial,Petrol,7,100,3500,True,R002,Hub North,Metro Area,101.8,1656.3,1.63,3,42.8,2.03,1.01,28.29
V056,Semi-Trailer,Diesel,6,450,26000,True,R014,Depot A,Metro Area,56.0,2955.0,1.71,2,26.5,-3.14,1.04,26.99
V050,Light Commercial,Diesel,2,100,3500,True,R022,Central Hub,Metro Area,266.3,709.4,1.11,2,69.1,-2.12,1.35,40.54
V032,Truck,Diesel,8,220,8000,True,R024,Depot C,Zone 2,101.7,3054.2,1.14,1,66.1,-2.19,1.0,31.01
V030,Van,Diesel,11,75,1500,True,R009,Depot A,Industrial Park,88.7,1299.4,1.8,1,30.3,-2.71,1.03,15.05
V019,Semi-Trailer,Diesel,11,450,26000,True,R028,Central Hub,Zone 4,31.4,11001.4,1.23,1,45.5,-0.11,1.01,15.79
V047,Semi-Trailer,Diesel,6,450,26000,True,R020,Central Hub,Port Terminal,198.2,8643.6,1.33,2,50.0,-0.06,1.04,91.47
V006,Semi-Trailer,Diesel,8,450,26000,True,R014,Depot A,Metro Area,53.0,17424.4,1.81,2,27.8,-1.98,1.17,35.42
V017,Light Commercial,Hybrid,8,100,3500,True,R019,Depot B,Port Terminal,258.7,2442.8,1.27,2,66.9,-1.61,1.02,35.77
V009,Semi-Trailer,Diesel,1,450,26000,True,R027,Depot C,Zone 1,70.1,13237.4,1.04,2,45.5,-1.55,1.14,28.92
V030,Van,Diesel,11,75,1500,True,R007,Central Hub,Industrial Park,285.7,517.9,1.25,3,57.4,0.54,1.08,38.82
V018,Light Commercial,Hybrid,9,100,3500,True,R005,Hub North,Zone 3,172.9,1247.9,1.8,1,32.7,-1.34,1.06,28.32
V012,Van,Petrol,1,75,1500,True,R014,Depot A,Metro Area,57.1,386.6,1.79,2,28.3,-1.83,1.06,9.18
V023,Semi-Trailer,Diesel,7,450,26000,True,R003,Depot B,Zone 1,292.0,10613.2,1.0,2,77.3,-1.86,1.07,122.46
V052,Van,Petrol,2,75,1500,True,R026,Central Hub,Zone 4,113.5,364.5,1.66,3,47.5,0.8,1.05,17.89
V034,Van,Diesel,10,75,1500,True,R030,Central Hub,Industrial Park,310.0,969.7,1.61,2,42.4,2.57,1.07,56.91
V050,Light Commercial,Diesel,2,100,3500,True,R019,Depot B,Port Terminal,257.4,3011.7,1.51,2,49.5,-2.47,1.03,48.46
V055,Van,CNG,6,75,1500,True,R030,Central Hub,Industrial Park,316.6,474.2,1.86,2,41.3,3.0,1.0,64.24
V055,Van,CNG,6,75,1500,True,R003,Depot B,Zone 1,293.9,458.8,1.0,2,75.2,-1.51,1.03,37.71
V022,Truck,Diesel,10,220,8000,True,R019,Depot B,Port Terminal,258.1,6907.4,1.56,2,43.6,-1.68,1.02,105.23
V053,Van,CNG,12,75,1500,True,R014,Depot A,Metro Area,56.1,874.2,1.77,2,28.5,-3.11,1.05,10.99
V055,Van,CNG,6,75,1500,True,R009,Depot A,Industrial Park,85.9,1080.5,1.79,1,24.7,-2.4,1.02,16.42
V058,Truck,Diesel,12,220,8000,True,R010,Hub North,Zone 2,197.9,6846.1,1.39,2,46.6,3.61,1.04,117.98
V022,Truck,Diesel,10,220,8000,True,R017,Hub North,Zone 2,142.9,5321.8,1.42,3,55.7,3.87,1.15,70.61
V014,Light Commercial,Diesel,4,100,3500,True,R020,Central Hub,Port Terminal,201.7,2558.8,1.49,2,50.8,-0.74,1.12,41.53
V036,Van,Diesel,6,75,1500,True,R005,Hub North,Zone 3,170.2,643.4,1.61,1,48.9,-1.55,1.1,22.67
V056,Semi-Trailer,Diesel,6,450,26000,True,R019,Depot B,Port Terminal,257.4,23333.5,1.49,2,48.2,-1.38,1.03,135.79
V055,Van,CNG,6,75,1500,True,R028,Central Hub,Zone 4,28.6,1047.5,1.43,1,37.4,-0.34,1.02,5.18
V035,Van,Petrol,9,75,1500,True,R001,Depot B,Port Terminal,286.7,241.4,1.5,1,54.2,-2.73,1.06,36.39
V009,Semi-Trailer,Diesel,1,450,26000,True,R027,Depot C,Zone 1,72.1,15754.3,1.1,2,52.4,-1.56,1.14,30.66
V026,Semi-Trailer,Diesel,7,450,26000,True,R019,Depot B,Port Terminal,258.0,4691.9,1.54,2,52.1,-1.29,1.05,117.55
V043,Truck,Diesel,9,220,8000,True,R011,Central Hub,Port Terminal,310.6,4350.4,1.41,1,54.8,0.04,1.02,115.03
V034,Van,Diesel,10,75,1500,True,R023,Depot B,Zone 2,265.7,262.8,1.02,3,67.7,-0.99,1.09,29.14
V021,Van,Diesel,10,75,1500,True,R019,Depot B,Port Terminal,257.2,949.7,1.5,2,49.6,-1.1,1.01,36.12
V021,Van,Diesel,10,75,1500,True,R024,Depot C,Zone 2,101.1,731.9,1.27,1,53.4,-2.78,1.02,12.34
V004,Van,Diesel,10,75,1500,True,R003,Depot B,Zone 1,292.5,855.2,1.04,2,69.2,-1.2,1.01,33.31
V018,Light Commercial,Hybrid,9,100,3500,True,R002,Hub North,Metro Area,100.4,2280.6,1.83,3,48.7,2.43,1.18,20.87
V041,Bus,Petrol,6,280,6000,True,R020,Central Hub,Port Terminal,198.4,1876.8,1.29,2,54.2,-0.29,1.01,82.76
V015,Van,Diesel,9,75,1500,True,R010,Hub North,Zone 2,196.7,557.4,1.19,2,53.5,3.36,1.01,28.77
V060,Light Commercial,Diesel,7,100,3500,True,R008,Depot B,Metro Area,129.2,1784.2,1.5,2,53.2,-2.33,1.04,24.32
V005,Light Commercial,CNG,10,100,3500,True,R013,Central Hub,Metro Area,192.6,2034.8,1.71,2,41.2,-1.97,1.14,47.51
V036,Van,Diesel,6,75,1500,True,R022,Central Hub,Metro Area,263.3,1327.6,1.1,2,71.2,-3.6,1.15,29.07
V030,Van,Diesel,11,75,1500,True,R006,Depot C,Zone 1,147.5,598.7,1.86,2,35.7,4.4,1.02,31.16
V050,Light Commercial,Diesel,2,100,3500,True,R030,Central Hub,Industrial Park,317.0,2110.4,1.57,2,45.9,3.11,1.03,78.34
V054,Light Commercial,Petrol,7,100,3500,True,R013,Central Hub,Metro Area,195.4,3094.6,1.59,2,52.0,-1.6,1.05,49.7
V033,Truck,Diesel,6,220,8000,True,R005,Hub North,Zone 3,170.5,5681.2,1.87,1,34.8,-1.8,1.06,76.47
V038,Light Commercial,Diesel,6,100,3500,True,R003,Depot B,Zone 1,293.0,1326.8,1.29,2,57.5,-1.77,1.04,48.76
V042,Bus,Hybrid,4,280,6000,True,R026,Central Hub,Zone 4,110.4,2715.0,1.84,3,41.8,0.93,1.06,40.15
V032,Truck,Diesel,8,220,8000,True,R004,Depot C,Zone 3,269.7,6775.7,1.58,3,44.7,2.95,1.04,144.11
V012,Van,Petrol,1,75,1500,True,R013,Central Hub,Metro Area,191.6,708.1,1.77,2,43.3,-2.51,1.02,29.38
V026,Semi-Trailer,Diesel,7,450,26000,True,R021,Depot A,Metro Area,280.0,8170.2,1.33,1,56.5,0.63,1.18,134.96
V015,Van,Diesel,9,75,1500,True,R016,Central Hub,Industrial Park,25.6,816.9,1.66,1,32.2,0.85,1.29,4.76
V028,Van,Diesel,4,75,1500,True,R008,Depot B,Metro Area,129.0,387.1,1.87,2,47.4,-2.3,1.02,15.57
V037,Van,Petrol,6,75,1500,True,R004,Depot C,Zone 3,269.2,892.1,1.49,3,61.2,2.41,1.03,51.91
V013,Truck,Hybrid,5,220,8000,True,R022,Central Hub,Metro Area,264.9,7542.2,1.0,2,76.9,-2.71,1.06,64.45
V015,Van,Diesel,9,75,1500,True,R015,Central Hub,Zone 3,163.1,1385.8,1.93,2,38.4,2.0,1.0,35.38
V050,Light Commercial,Diesel,2,100,3500,True,R002,Hub North,Metro Area,102.4,2176.1,1.67,3,46.7,1.75,1.04,23.9
V023,Semi-Trailer,Diesel,7,450,26000,True,R006,Depot C,Zone 1,146.4,22186.8,1.73,2,42.4,3.97,1.05,126.76
V012,Van,Petrol,1,75,1500,True,R017,Hub North,Zone 2,144.8,1189.3,1.26,3,53.0,3.28,1.24,28.4
V043,Truck,Diesel,9,220,8000,True,R006,Depot C,Zone 1,146.8,7264.5,1.53,2,48.9,5.05,1.03,84.07
V043,Truck,Diesel,9,220,8000,True,R012,Depot A,Zone 2,54.5,6737.1,1.1,2,50.0,2.02,1.02,23.27
V050,Light Commercial,Diesel,2,100,3500,True,R004,Depot C,Zone 3,266.5,3027.0,1.08,3,63.6,3.44,1.28,65.63
V046,Truck,Diesel,4,220,8000,True,R024,Depot C,Zone 2,100.4,2360.9,1.09,1,65.0,-1.9,1.11,28.49
V060,Light Commercial,Diesel,7,100,3500,True,R019,Depot B,Port Terminal,257.4,820.1,1.58,2,45.2,-1.4,1.02,48.26
V035,Van,Petrol,9,75,1500,True,R024,Depot C,Zone 2,98.2,206.1,1.05,1,49.0,-2.4,1.1,11.64
V018,Light Commercial,Hybrid,9,100,3500,True,R002,Hub North,Metro Area,100.5,2311.4,1.64,3,55.2,1.98,1.06,18.82
V052,Van,Petrol,2,75,1500,True,R012,Depot A,Zone 2,54.4,1340.2,1.0,2,46.8,2.49,1.09,10.02
V016,Van,Petrol,6,75,1500,True,R009,Depot A,Industrial Park,89.7,1417.2,1.75,1,28.9,-2.49,1.08,17.28
V018,Light Commercial,Hybrid,9,100,3500,True,R019,Depot B,Port Terminal,258.6,2885.7,1.55,2,48.5,-0.88,1.13,43.68
V050,Light Commercial,Diesel,2,100,3500,True,R025,Hub North,Zone 1,67.2,2822.3,1.31,2,37.1,-3.67,1.12,12.32
V053,Van,CNG,12,75,1500,True,R007,Central Hub,Industrial Park,286.8,811.6,1.19,3,63.0,0.01,1.06,43.85
V021,Van,Diesel,10,75,1500,True,R024,Depot C,Zone 2,101.4,726.2,1.0,1,73.1,-1.87,1.06,11.12
V044,Van,CNG,4,75,1500,True,R018,Hub North,Port Terminal,159.8,966.4,1.14,1,77.0,2.45,1.07,27.52
V056,Semi-Trailer,Diesel,6,450,26000,True,R025,Hub North,Zone 1,67.1,3101.8,1.54,2,35.4,-2.25,1.06,31.0
V048,Light Commercial,Petrol,9,100,3500,True,R003,Depot B,Zone 1,293.3,2713.1,1.07,2,68.1,-1.13,1.07,60.34
V001,Semi-Trailer,Diesel,6,450,26000,True,R030,Central Hub,Industrial Park,312.1,17130.4,1.65,2,50.2,3.56,1.0,219.42
V040,Van,CNG,2,75,1500,True,R014,Depot A,Metro Area,52.8,366.8,1.84,2,28.2,-2.16,1.01,8.45
V011,Van,Diesel,6,75,1500,True,R009,Depot A,Industrial Park,89.0,960.5,1.76,1,28.6,-2.89,1.04,13.61
V051,Light Commercial,Diesel,8,100,3500,True,R006,Depot C,Zone 1,148.0,2133.4,1.69,2,43.8,3.78,1.09,43.75
V005,Light Commercial,CNG,10,100,3500,True,R030,Central Hub,Industrial Park,315.7,2694.3,1.57,2,46.6,3.52,1.01,102.33
V060,Light Commercial,Diesel,7,100,3500,True,R027,Depot C,Zone 1,72.0,2841.5,1.24,2,35.4,-2.21,1.07,15.6
V011,Van,Diesel,6,75,1500,True,R004,Depot C,Zone 3,271.7,473.1,1.27,3,52.3,3.6,1.0,40.3
V026,Semi-Trailer,Diesel,7,450,26000,True,R014,Depot A,Metro Area,54.9,20600.0,2.1,2,25.3,-2.24,1.05,39.14
V015,Van,Diesel,9,75,1500,True,R023,Depot B,Zone 2,266.1,382.2,1.11,3,66.7,-1.05,1.08,29.56
V049,Truck,Diesel,8,220,8000,True,R018,Hub North,Port Terminal,155.6,3480.6,1.1,1,71.5,2.96,1.02,61.82
V024,Van,Diesel,7,75,1500,True,R006,Depot C,Zone 1,148.7,778.1,1.83,2,37.4,4.63,1.0,30.53
V045,Light Commercial,Diesel,9,100,3500,True,R011,Central Hub,Port Terminal,311.6,2744.7,1.38,1,50.0,0.43,1.1,69.26
V005,Light Commercial,CNG,10,100,3500,True,R012,Depot A,Zone 2,56.2,3030.7,1.03,2,51.7,2.49,1.17,16.07
V028,Van,Diesel,4,75,1500,True,R009,Depot A,Industrial Park,86.8,172.0,1.91,1,25.0,-1.96,1.0,12.4
V055,Van,CNG,6,75,1500,True,R029,Depot A,Port Terminal,31.3,1090.0,1.11,3,48.6,3.96,1.02,6.37
V056,Semi-Trailer,Diesel,6,450,26000,True,R007,Central Hub,Industrial Park,287.8,21993.2,1.68,3,44.9,0.41,1.03,174.48
V013,Truck,Hybrid,5,220,8000,True,R022,Central Hub,Metro Area,264.3,7289.3,1.15,2,72.5,-2.14,1.15,74.59
V024,Van,Diesel,7,75,1500,True,R028,Central Hub,Zone 4,29.0,491.6,1.29,1,41.9,-1.32,1.01,3.4
V025,Truck,Diesel,11,220,8000,True,R024,Depot C,Zone 2,103.6,1976.1,1.11,1,69.2,-2.09,1.09,30.71
V034,Van,Diesel,10,75,1500,True,R024,Depot C,Zone 2,104.9,786.2,1.34,1,59.2,-1.97,1.02,12.91
V033,Truck,Diesel,6,220,8000,True,R005,Hub North,Zone 3,170.4,6926.8,1.81,1,40.3,-1.78,1.12,72.47
V007,Van,Petrol,11,75,1500,True,R004,Depot C,Zone 3,269.2,552.4,1.29,3,51.5,3.36,1.18,50.4
V046,Truck,Diesel,4,220,8000,True,R024,Depot C,Zone 2,97.5,4234.4,1.25,1,41.5,-2.28,1.05,31.67
V014,Light Commercial,Diesel,4,100,3500,True,R023,Depot B,Zone 2,267.5,3311.8,1.12,3,74.8,-1.24,1.04,51.77
V019,Semi-Trailer,Diesel,11,450,26000,True,R023,Depot B,Zone 2,263.7,12678.3,1.14,3,56.7,-0.63,1.03,120.38
V051,Light Commercial,Diesel,8,100,3500,True,R013,Central Hub,Metro Area,191.4,2219.0,1.55,2,50.3,-2.33,1.07,36.11
V042,Bus,Hybrid,4,280,6000,True,R016,Central Hub,Industrial Park,20.6,5677.5,1.82,1,21.3,1.29,1.23,10.34
V024,Van,Diesel,7,75,1500,True,R001,Depot B,Port Terminal,288.0,618.3,1.31,1,57.3,-3.17,1.03,30.16
V055,Van,CNG,6,75,1500,True,R009,Depot A,Industrial Park,89.8,498.0,1.74,1,29.1,-2.41,1.03,14.48
V024,Van,Diesel,7,75,1500,True,R016,Central Hub,Industrial Park,19.8,510.5,1.63,1,33.6,0.96,1.01,3.21
V034,Van,Diesel,10,75,1500,True,R004,Depot C,Zone 3,267.6,936.7,1.3,3,58.6,2.75,1.04,44.56
V015,Van,Diesel,9,75,1500,True,R004,Depot C,Zone 3,267.3,357.4,1.11,3,72.9,3.13,1.09,37.63
V011,Van,Diesel,6,75,1500,True,R002,Hub North,Metro Area,103.2,359.8,1.48,3,55.3,1.75,1.03,14.0
V030,Van,Diesel,11,75,1500,True,R007,Central Hub,Industrial Park,288.1,481.7,1.38,3,53.6,1.07,1.0,40.68
V034,Van,Diesel,10,75,1500,True,R030,Central Hub,Industrial Park,312.0,839.7,1.55,2,52.7,3.14,1.15,57.33
V049,Truck,Diesel,8,220,8000,True,R021,Depot A,Metro Area,278.9,6540.4,1.0,1,73.7,0.31,1.04,99.31
V024,Van,Diesel,7,75,1500,True,R029,Depot A,Port Terminal,33.1,824.8,1.19,3,40.1,4.02,1.03,5.65
V054,Light Commercial,Petrol,7,100,3500,True,R008,Depot B,Metro Area,130.1,2678.4,1.52,2,44.6,-2.93,1.04,30.6
V037,Van,Petrol,6,75,1500,True,R018,Hub North,Port Terminal,156.2,1370.9,1.15,1,70.2,2.66,1.1,29.86
V005,Light Commercial,CNG,10,100,3500,True,R027,Depot C,Zone 1,70.0,2551.5,1.22,2,39.8,-1.51,1.16,16.81
V045,Light Commercial,Diesel,9,100,3500,True,R011,Central Hub,Port Terminal,311.0,2262.3,1.13,1,56.5,0.44,1.11,61.11
V035,Van,Petrol,9,75,1500,True,R020,Central Hub,Port Terminal,198.1,160.4,1.36,2,57.4,0.24,1.0,26.41
V024,Van,Diesel,7,75,1500,True,R021,Depot A,Metro Area,277.0,721.7,1.08,1,67.8,0.17,1.08,33.59
V029,Van,Diesel,12,75,1500,True,R025,Hub North,Zone 1,67.3,491.8,1.4,2,34.6,-2.92,1.11,8.59
V019,Semi-Trailer,Diesel,11,450,26000,True,R030,Central Hub,Industrial Park,315.9,13924.5,1.63,2,45.0,2.36,1.05,203.72
V037,Van,Petrol,6,75,1500,True,R019,Depot B,Port Terminal,257.4,1362.6,1.3,2,56.4,-1.26,1.12,39.62
V035,Van,Petrol,9,75,1500,True,R018,Hub North,Port Terminal,157.4,558.6,1.17,1,75.2,2.55,1.17,26.72
V027,Truck,Diesel,10,220,8000,True,R027,Depot C,Zone 1,70.6,1893.3,1.2,2,48.2,-2.03,1.11,23.15
V018,Light Commercial,Hybrid,9,100,3500,True,R021,Depot A,Metro Area,282.9,2807.0,1.03,1,75.4,0.79,1.01,42.57
V024,Van,Diesel,7,75,1500,True,R011,Central Hub,Port Terminal,311.4,1413.0,1.09,1,70.0,0.79,1.12,44.67
V030,Van,Diesel,11,75,1500,True,R019,Depot B,Port Terminal,259.6,1144.6,1.49,2,55.0,-1.25,1.17,39.95
V029,Van,Diesel,12,75,1500,True,R017,Hub North,Zone 2,141.9,326.4,1.46,3,52.2,4.41,1.02,23.51
V019,Semi-Trailer,Diesel,11,450,26000,True,R007,Central Hub,Industrial Park,287.1,14770.4,1.36,3,58.4,0.61,1.01,156.83
V035,Van,Petrol,9,75,1500,True,R016,Central Hub,Industrial Park,22.6,666.6,1.65,1,32.6,0.83,1.02,4.33
V014,Light Commercial,Diesel,4,100,3500,True,R019,Depot B,Port Terminal,256.8,2234.5,1.83,2,41.5,-1.33,1.34,59.77
V031,Light Commercial,Diesel,6,100,3500,True,R028,Central Hub,Zone 4,29.7,2339.1,1.64,1,34.2,-0.06,1.05,7.69
V008,Semi-Trailer,Diesel,1,450,26000,True,R018,Hub North,Port Terminal,158.9,20436.7,1.0,1,73.3,2.75,1.04,87.48
V029,Van,Diesel,12,75,1500,True,R005,Hub North,Zone 3,170.9,456.1,1.75,1,43.2,-0.62,1.17,25.33
V048,Light Commercial,Petrol,9,100,3500,True,R030,Central Hub,Industrial Park,313.8,3219.9,1.63,2,42.1,2.84,1.0,106.6
V050,Light Commercial,Diesel,2,100,3500,True,R018,Hub North,Port Terminal,158.7,988.7,1.15,1,62.0,2.22,1.07,29.46
V042,Bus,Hybrid,4,280,6000,True,R009,Depot A,Industrial Park,87.3,1232.9,1.57,1,21.7,-3.21,1.11,26.64
V045,Light Commercial,Diesel,9,100,3500,True,R023,Depot B,Zone 2,268.1,2815.9,1.09,3,70.6,-1.7,1.02,47.32
V004,Van,Diesel,10,75,1500,True,R012,Depot A,Zone 2,55.3,740.6,1.0,2,52.9,1.75,1.09,7.17
V021,Van,Diesel,10,75,1500,True,R012,Depot A,Zone 2,55.0,775.0,1.06,2,51.5,1.83,1.08,7.66
V040,Van,CNG,2,75,1500,True,R026,Central Hub,Zone 4,109.0,556.4,1.67,3,40.6,0.81,1.22,19.27
V049,Truck,Diesel,8,220,8000,True,R027,Depot C,Zone 1,69.8,1115.6,1.2,2,43.3,-1.62,1.1,22.27
V035,Van,Petrol,9,75,1500,True,R016,Central Hub,Industrial Park,23.2,396.8,1.38,1,36.2,1.28,1.11,3.99
V052,Van,Petrol,2,75,1500,True,R012,Depot A,Zone 2,57.8,1121.1,1.3,2,41.5,1.94,1.01,10.61
V017,Light Commercial,Hybrid,8,100,3500,True,R026,Central Hub,Zone 4,112.9,1017.6,1.82,3,38.6,0.55,1.02,18.34
V010,Semi-Trailer,Diesel,12,450,26000,True,R006,Depot C,Zone 1,149.4,24537.9,1.54,2,47.3,4.21,1.06,120.76
V006,Semi-Trailer,Diesel,8,450,26000,True,R023,Depot B,Zone 2,264.7,19975.6,1.17,3,57.7,-0.45,1.08,121.8
V035,Van,Petrol,9,75,1500,True,R018,Hub North,Port Terminal,157.4,1232.0,1.0,1,72.1,2.17,1.03,29.6
V040,Van,CNG,2,75,1500,True,R026,Central Hub,Zone 4,113.8,1263.4,1.95,3,38.4,0.66,1.09,24.43
V018,Light Commercial,Hybrid,9,100,3500,True,R013,Central Hub,Metro Area,190.9,2488.7,1.93,2,39.5,-1.97,1.05,34.1
V048,Light Commercial,Petrol,9,100,3500,True,R025,Hub North,Zone 1,69.7,1736.9,1.51,2,26.3,-2.76,1.13,18.14
V045,Light Commercial,Diesel,9,100,3500,True,R001,Depot B,Port Terminal,289.4,3078.1,1.36,1,53.0,-2.39,1.1,62.89
V022,Truck,Diesel,10,220,8000,True,R023,Depot B,Zone 2,266.9,3700.4,1.07,3,70.7,-1.02,1.1,85.47
V015,Van,Diesel,9,75,1500,True,R003,Depot B,Zone 1,293.9,272.2,1.01,2,79.7,-1.77,1.06,29.41
V045,Light Commercial,Diesel,9,100,3500,True,R020,Central Hub,Port Terminal,197.4,2124.4,1.33,2,52.8,0.36,1.33,45.71
V041,Bus,Petrol,6,280,6000,True,R006,Depot C,Zone 1,150.4,1138.4,1.97,2,40.1,4.44,1.04,100.2
V011,Van,Diesel,6,75,1500,True,R029,Depot A,Port Terminal,31.7,985.6,1.27,3,37.0,4.69,1.04,6.4
V016,Van,Petrol,6,75,1500,True,R024,Depot C,Zone 2,102.3,1421.8,1.29,1,56.6,-2.16,1.07,15.41
V030,Van,Diesel,11,75,1500,True,R004,Depot C,Zone 3,267.5,1010.9,1.33,3,53.1,2.98,1.06,46.94
V031,Light Commercial,Diesel,6,100,3500,True,R027,Depot C,Zone 1,70.5,976.4,1.08,2,42.2,-1.67,1.01,11.02
V010,Semi-Trailer,Diesel,12,450,26000,True,R008,Depot B,Metro Area,129.2,5646.7,1.53,2,47.0,-2.51,1.04,63.64
V057,Light Commercial,Diesel,6,100,3500,True,R017,Hub North,Zone 2,143.4,1410.2,1.54,3,52.9,3.99,1.05,36.05
V024,Van,Diesel,7,75,1500,True,R003,Depot B,Zone 1,295.5,335.9,1.0,2,72.0,-1.6,1.21,29.6
V023,Semi-Trailer,Diesel,7,450,26000,True,R004,Depot C,Zone 3,266.9,15190.2,1.35,3,52.1,2.97,1.0,165.61
V004,Van,Diesel,10,75,1500,True,R008,Depot B,Metro Area,126.8,1148.5,1.77,2,43.2,-2.61,1.09,18.79
V053,Van,CNG,12,75,1500,True,R017,Hub North,Zone 2,142.9,989.1,1.61,3,46.6,4.37,1.13,36.69
V015,Van,Diesel,9,75,1500,True,R017,Hub North,Zone 2,140.2,936.9,1.61,3,46.4,4.39,1.06,27.05
V060,Light Commercial,Diesel,7,100,3500,True,R026,Central Hub,Zone 4,111.5,1645.9,1.47,3,52.0,0.58,1.12,23.51
V030,Van,Diesel,11,75,1500,True,R005,Hub North,Zone 3,171.3,370.2,2.0,1,33.5,-0.82,1.23,27.4
V053,Van,CNG,12,75,1500,True,R023,Depot B,Zone 2,267.2,963.2,1.0,3,71.4,-0.85,1.02,38.49
V011,Van,Diesel,6,75,1500,True,R001,Depot B,Port Terminal,291.3,684.7,1.47,1,55.1,-1.34,1.05,34.64
V010,Semi-Trailer,Diesel,12,450,26000,True,R009,Depot A,Industrial Park,85.6,9350.7,1.8,1,27.2,-2.5,1.01,51.58
V049,Truck,Diesel,8,220,8000,True,R006,Depot C,Zone 1,151.1,5283.1,1.81,2,43.7,4.82,1.0,90.09
V050,Light Commercial,Diesel,2,100,3500,True,R004,Depot C,Zone 3,267.8,1476.1,1.11,3,72.6,2.68,1.02,52.89
V033,Truck,Diesel,6,220,8000,True,R018,Hub North,Port Terminal,158.1,1944.6,1.0,1,78.4,3.34,1.23,61.88
V002,Truck,Diesel,11,220,8000,True,R028,Central Hub,Zone 4,27.9,4087.9,1.51,1,27.6,-0.79,1.17,13.22
V057,Light Commercial,Diesel,6,100,3500,True,R021,Depot A,Metro Area,281.1,1210.3,1.33,1,56.1,0.31,1.1,50.9
V024,Van,Diesel,7,75,1500,True,R026,Central Hub,Zone 4,112.1,1085.2,1.58,3,51.5,0.43,1.08,17.23
V057,Light Commercial,Diesel,6,100,3500,True,R018,Hub North,Port Terminal,157.5,490.0,1.12,1,69.1,2.96,1.04,29.61
V053,Van,CNG,12,75,1500,True,R002,Hub North,Metro Area,97.9,1237.4,1.4,3,36.4,1.69,1.07,22.03
V052,Van,Petrol,2,75,1500,True,R011,Central Hub,Port Terminal,311.5,738.2,1.26,1,52.8,0.19,1.05,45.47
V042,Bus,Hybrid,4,280,6000,True,R025,Hub North,Zone 1,69.6,681.3,1.39,2,33.6,-3.18,1.01,16.47
V041,Bus,Petrol,6,280,6000,True,R002,Hub North,Metro Area,100.4,1280.1,1.64,3,46.0,2.4,1.19,55.17
V032,Truck,Diesel,8,220,8000,True,R003,Depot B,Zone 1,296.2,7229.0,1.07,2,64.6,-1.47,1.16,104.19
V002,Truck,Diesel,11,220,8000,True,R026,Central Hub,Zone 4,113.7,4451.6,1.92,3,42.2,0.02,1.08,53.53
V024,Van,Diesel,7,75,1500,True,R002,Hub North,Metro Area,99.8,1129.9,1.67,3,29.5,2.22,1.33,22.02
V044,Van,CNG,4,75,1500,True,R029,Depot A,Port Terminal,33.2,1275.5,1.04,3,40.2,3.54,1.14,6.6
V049,Truck,Diesel,8,220,8000,True,R023,Depot B,Zone 2,266.6,2978.1,1.22,3,59.0,-0.72,1.08,90.4
V034,Van,Diesel,10,75,1500,True,R020,Central Hub,Port Terminal,199.0,847.3,1.67,2,43.7,0.02,1.1,31.47
V043,Truck,Diesel,9,220,8000,True,R017,Hub North,Zone 2,142.9,5222.2,1.64,3,45.2,4.48,1.03,80.91
V002,Truck,Diesel,11,220,8000,True,R003,Depot B,Zone 1,294.5,6522.8,1.07,2,75.7,-0.92,1.02,102.68
V029,Van,Diesel,12,75,1500,True,R013,Central Hub,Metro Area,188.3,685.6,1.56,2,50.2,-2.23,1.13,24.54
V031,Light Commercial,Diesel,6,100,3500,True,R025,Hub North,Zone 1,68.0,3181.5,1.43,2,29.6,-2.83,1.02,15.84
V054,Light Commercial,Petrol,7,100,3500,True,R028,Central Hub,Zone 4,28.0,2156.2,1.57,1,25.8,-0.01,1.05,8.21
V019,Semi-Trailer,Diesel,11,450,26000,True,R014,Depot A,Metro Area,57.4,21912.6,1.66,2,29.1,-2.77,1.01,35.83
V014,Light Commercial,Diesel,4,100,3500,True,R026,Central Hub,Zone 4,114.4,598.0,1.75,3,43.4,0.24,1.13,22.4
V022,Truck,Diesel,10,220,8000,True,R024,Depot C,Zone 2,103.1,3950.7,1.36,1,59.3,-2.38,1.03,34.74
V011,Van,Diesel,6,75,1500,True,R002,Hub North,Metro Area,100.4,378.4,1.65,3,52.3,1.91,1.06,14.68
V034,Van,Diesel,10,75,1500,True,R019,Depot B,Port Terminal,256.5,1312.7,1.31,2,64.5,-2.2,1.01,33.29
V039,Truck,Diesel,12,220,8000,True,R019,Depot B,Port Terminal,257.0,2397.9,1.8,2,40.0,-1.42,1.22,105.61
V049,Truck,Diesel,8,220,8000,True,R017,Hub North,Zone 2,145.7,5648.3,1.79,3,45.5,3.67,1.06,81.16
V059,Light Commercial,Diesel,7,100,3500,True,R024,Depot C,Zone 2,100.8,537.0,1.22,1,63.4,-1.75,1.01,14.96
V005,Light Commercial,CNG,10,100,3500,True,R027,Depot C,Zone 1,66.9,947.5,1.44,2,30.3,-1.4,1.01,14.72
V015,Van,Diesel,9,75,1500,True,R017,Hub North,Zone 2,144.3,557.8,1.49,3,42.8,5.0,1.16,27.47
V019,Semi-Trailer,Diesel,11,450,26000,True,R010,Hub North,Zone 2,200.1,19879.4,1.32,2,57.5,3.77,1.02,130.56
V015,Van,Diesel,9,75,1500,True,R030,Central Hub,Industrial Park,316.3,470.2,1.61,2,40.7,2.8,1.07,55.28
V050,Light Commercial,Diesel,2,100,3500,True,R029,Depot A,Port Terminal,32.4,2780.2,1.0,3,46.6,3.58,1.01,7.48
V009,Semi-Trailer,Diesel,1,450,26000,True,R021,Depot A,Metro Area,281.4,20028.3,1.64,1,43.0,0.23,1.03,156.87
V002,Truck,Diesel,11,220,8000,True,R020,Central Hub,Port Terminal,199.0,7547.0,1.14,2,66.7,-0.21,1.07,77.88
V052,Van,Petrol,2,75,1500,True,R004,Depot C,Zone 3,265.0,1013.4,1.34,3,60.9,3.44,1.02,47.68
V058,Truck,Diesel,12,220,8000,True,R013,Central Hub,Metro Area,192.2,5134.6,1.73,2,43.3,-2.27,1.14,77.79
V014,Light Commercial,Diesel,4,100,3500,True,R006,Depot C,Zone 1,148.6,2139.6,1.84,2,38.7,5.25,1.19,50.24
V020,Truck,Diesel,4,220,8000,True,R016,Central Hub,Industrial Park,22.4,1545.4,1.55,1,24.1,1.45,1.02,10.62
V031,Light Commercial,Diesel,6,100,3500,True,R025,Hub North,Zone 1,68.0,1876.8,1.51,2,35.0,-3.15,1.04,13.7
V032,Truck,Diesel,8,220,8000,True,R007,Central Hub,Industrial Park,286.1,6590.1,1.32,3,56.9,1.37,1.14,129.84
V060,Light Commercial,Diesel,7,100,3500,True,R030,Central Hub,Industrial Park,312.3,412.0,1.74,2,40.9,2.61,1.13,73.21
V025,Truck,Diesel,11,220,8000,True,R004,Depot C,Zone 3,270.9,1661.3,1.3,3,62.4,3.05,1.03,109.44
V001,Semi-Trailer,Diesel,6,450,26000,True,R003,Depot B,Zone 1,297.2,15872.1,1.07,2,65.3,-2.17,1.07,122.87
V026,Semi-Trailer,Diesel,7,450,26000,True,R030,Central Hub,Industrial Park,313.8,21319.1,1.47,2,48.2,3.66,1.01,233.75
V034,Van,Diesel,10,75,1500,True,R004,Depot C,Zone 3,268.5,541.8,1.6,3,45.8,2.31,1.02,45.47
V032,Truck,Diesel,8,220,8000,True,R023,Depot B,Zone 2,265.0,6726.1,1.25,3,57.7,-1.6,1.01,94.52
V031,Light Commercial,Diesel,6,100,3500,True,R023,Depot B,Zone 2,267.5,1354.1,1.2,3,64.6,-1.27,1.33,43.04
V056,Semi-Trailer,Diesel,6,450,26000,True,R010,Hub North,Zone 2,200.4,12886.6,1.12,2,69.0,4.03,1.03,112.05
V049,Truck,Diesel,8,220,8000,True,R002,Hub North,Metro Area,98.5,7280.6,1.48,3,38.0,2.16,1.1,53.8
V016,Van,Petrol,6,75,1500,True,R010,Hub North,Zone 2,198.5,682.4,1.34,2,58.0,3.55,1.05,36.08
V022,Truck,Diesel,10,220,8000,True,R003,Depot B,Zone 1,295.2,4876.5,1.06,2,70.6,-1.25,1.19,99.6
V041,Bus,Petrol,6,280,6000,True,R021,Depot A,Metro Area,280.4,5370.9,1.34,1,54.5,0.08,1.0,146.53
V025,Truck,Diesel,11,220,8000,True,R027,Depot C,Zone 1,72.9,2597.8,1.05,2,49.6,-1.44,1.13,23.93
V026,Semi-Trailer,Diesel,7,450,26000,True,R030,Central Hub,Industrial Park,316.9,4631.8,1.9,2,38.7,3.58,1.06,214.52
V011,Van,Diesel,6,75,1500,True,R025,Hub North,Zone 1,67.9,1371.5,1.66,2,30.4,-3.17,1.09,10.88
V016,Van,Petrol,6,75,1500,True,R024,Depot C,Zone 2,102.8,863.8,1.13,1,68.5,-2.58,1.0,13.57
V045,Light Commercial,Diesel,9,100,3500,True,R027,Depot C,Zone 1,70.5,3223.4,1.32,2,38.4,-1.42,1.01,16.56
V051,Light Commercial,Diesel,8,100,3500,True,R024,Depot C,Zone 2,100.9,2928.6,1.25,1,61.2,-1.97,1.24,19.43
V048,Light Commercial,Petrol,9,100,3500,True,R020,Central Hub,Port Terminal,199.3,2119.0,1.15,2,62.1,-0.16,1.06,43.75
V019,Semi-Trailer,Diesel,11,450,26000,True,R030,Central Hub,Industrial Park,314.8,13016.6,1.92,2,44.4,3.32,1.06,245.7
V009,Semi-Trailer,Diesel,1,450,26000,True,R010,Hub North,Zone 2,198.1,13213.5,1.28,2,54.1,3.42,1.17,113.74
V010,Semi-Trailer,Diesel,12,450,26000,True,R013,Central Hub,Metro Area,190.9,6269.0,1.58,2,49.1,-1.85,1.01,89.5
V024,Van,Diesel,7,75,1500,True,R028,Central Hub,Zone 4,29.3,728.3,1.31,1,36.4,-0.36,1.27,3.97
V032,Truck,Diesel,8,220,8000,True,R010,Hub North,Zone 2,197.1,6387.8,1.36,2,59.6,3.61,1.1,95.94
V054,Light Commercial,Petrol,7,100,3500,True,R009,Depot A,Industrial Park,87.2,3291.6,1.74,1,32.2,-1.87,1.11,25.14
V054,Light Commercial,Petrol,7,100,3500,True,R005,Hub North,Zone 3,172.6,3207.0,1.87,1,40.0,-1.3,1.11,48.3
V001,Semi-Trailer,Diesel,6,450,26000,True,R009,Depot A,Industrial Park,89.1,23864.1,1.71,1,35.4,-2.64,1.08,52.94
V043,Truck,Diesel,9,220,8000,True,R018,Hub North,Port Terminal,159.1,929.3,1.0,1,74.3,2.99,1.03,58.56
V018,Light Commercial,Hybrid,9,100,3500,True,R027,Depot C,Zone 1,69.1,1884.4,1.33,2,41.2,-1.21,1.0,10.13
V012,Van,Petrol,1,75,1500,True,R005,Hub North,Zone 3,171.2,405.2,1.77,1,39.5,-1.14,1.01,23.74
V034,Van,Diesel,10,75,1500,True,R021,Depot A,Metro Area,281.9,934.5,1.25,1,61.8,0.42,1.35,40.09
V003,Bus,Hybrid,9,280,6000,True,R023,Depot B,Zone 2,266.3,5423.8,1.53,3,45.4,-1.62,1.02,93.53
V021,Van,Diesel,10,75,1500,True,R027,Depot C,Zone 1,70.4,1267.7,1.38,2,36.3,-2.61,1.17,10.58
V034,Van,Diesel,10,75,1500,True,R023,Depot B,Zone 2,266.2,1254.9,1.31,3,57.1,-0.51,1.07,36.82
V017,Light Commercial,Hybrid,8,100,3500,True,R005,Hub North,Zone 3,173.8,1438.0,2.21,1,37.5,-1.27,1.07,30.01
V036,Van,Diesel,6,75,1500,True,R015,Central Hub,Zone 3,165.8,789.0,1.87,2,37.5,1.79,1.17,31.29
V028,Van,Diesel,4,75,1500,True,R029,Depot A,Port Terminal,32.5,509.5,1.15,3,55.8,4.18,1.06,4.84
V048,Light Commercial,Petrol,9,100,3500,True,R028,Central Hub,Zone 4,30.0,1997.7,1.37,1,31.0,0.26,1.1,8.11
V011,Van,Diesel,6,75,1500,True,R019,Depot B,Port Terminal,256.7,536.8,1.4,2,54.4,-1.07,1.02,28.9
V004,Van,Diesel,10,75,1500,True,R029,Depot A,Port Terminal,33.7,1181.1,1.0,3,51.2,4.28,1.04,5.96
V032,Truck,Diesel,8,220,8000,True,R021,Depot A,Metro Area,280.9,3958.1,1.37,1,57.0,-0.22,1.03,97.48
V016,Van,Petrol,6,75,1500,True,R002,Hub North,Metro Area,100.1,1043.0,1.44,3,50.0,1.48,1.0,18.29
V043,Truck,Diesel,9,220,8000,True,R028,Central Hub,Zone 4,32.1,6734.1,1.61,1,32.1,-1.46,1.08,14.98
V006,Semi-Trailer,Diesel,8,450,26000,True,R006,Depot C,Zone 1,146.9,9224.5,1.75,2,40.5,4.69,1.18,119.83
V035,Van,Petrol,9,75,1500,True,R012,Depot A,Zone 2,57.3,943.2,1.17,2,50.3,2.36,1.02,10.36
V060,Light Commercial,Diesel,7,100,3500,True,R008,Depot B,Metro Area,131.2,2866.3,1.64,2,43.1,-2.26,1.06,30.43
V006,Semi-Trailer,Diesel,8,450,26000,True,R022,Central Hub,Metro Area,262.7,23611.2,1.31,2,56.8,-2.39,1.05,129.38
V019,Semi-Trailer,Diesel,11,450,26000,True,R001,Depot B,Port Terminal,289.2,6203.8,1.67,1,42.2,-2.44,1.03,137.14
V051,Light Commercial,Diesel,8,100,3500,True,R020,Central Hub,Port Terminal,200.1,2377.2,1.35,2,52.5,-0.43,1.02,39.26
V033,Truck,Diesel,6,220,8000,True,R026,Central Hub,Zone 4,115.9,3759.5,1.62,3,40.8,0.21,1.06,46.0
V011,Van,Diesel,6,75,1500,True,R024,Depot C,Zone 2,100.7,514.0,1.28,1,61.3,-2.34,1.09,10.93
V013,Truck,Hybrid,5,220,8000,True,R010,Hub North,Zone 2,199.9,1872.6,1.06,2,67.8,3.11,1.01,56.53
V046,Truck,Diesel,4,220,8000,True,R027,Depot C,Zone 1,70.4,4780.6,1.02,2,46.0,-0.91,1.0,21.52
V052,Van,Petrol,2,75,1500,True,R011,Central Hub,Port Terminal,309.5,576.0,1.24,1,56.4,-0.01,1.05,42.33
V022,Truck,Diesel,10,220,8000,True,R021,Depot A,Metro Area,279.4,5342.0,1.43,1,53.6,0.05,1.07,116.94
V029,Van,Diesel,12,75,1500,True,R016,Central Hub,Industrial Park,22.6,508.3,1.5,1,33.4,0.17,1.01,3.27
V047,Semi-Trailer,Diesel,6,450,26000,True,R003,Depot B,Zone 1,292.8,2613.1,1.14,2,65.9,-1.54,1.15,113.47
V011,Van,Diesel,6,75,1500,True,R001,Depot B,Port Terminal,288.8,1128.2,1.43,1,49.5,-2.38,1.13,39.56
V013,Truck,Hybrid,5,220,8000,True,R006,Depot C,Zone 1,149.1,1897.0,1.87,2,41.9,4.3,1.04,56.45
V047,Semi-Trailer,Diesel,6,450,26000,True,R029,Depot A,Port Terminal,31.2,8180.3,1.29,3,36.0,3.53,1.05,19.29
V012,Van,Petrol,1,75,1500,True,R029,Depot A,Port Terminal,30.0,450.1,1.09,3,46.1,3.9,1.07,4.84
V047,Semi-Trailer,Diesel,6,450,26000,True,R013,Central Hub,Metro Area,192.0,10163.5,1.54,2,48.3,-2.12,1.01,89.98
V030,Van,Diesel,11,75,1500,True,R030,Central Hub,Industrial Park,313.8,768.8,1.45,2,44.9,2.87,1.12,54.99
V060,Light Commercial,Diesel,7,100,3500,True,R002,Hub North,Metro Area,101.1,2767.0,1.77,3,50.5,2.56,1.02,27.93
V002,Truck,Diesel,11,220,8000,True,R030,Central Hub,Industrial Park,315.5,5221.5,1.5,2,52.3,2.99,1.32,166.44
V057,Light Commercial,Diesel,6,100,3500,True,R007,Central Hub,Industrial Park,287.9,784.3,1.36,3,56.0,0.86,1.0,55.77
V014,Light Commercial,Diesel,4,100,3500,True,R002,Hub North,Metro Area,98.7,896.4,1.75,3,30.0,1.59,1.08,24.63
V003,Bus,Hybrid,9,280,6000,True,R023,Depot B,Zone 2,265.7,4920.0,1.09,3,76.7,-1.33,1.03,78.1
V044,Van,CNG,4,75,1500,True,R012,Depot A,Zone 2,55.4,468.6,1.13,2,49.0,1.91,1.01,8.5
V032,Truck,Diesel,8,220,8000,True,R009,Depot A,Industrial Park,90.2,2287.0,1.86,1,28.3,-1.52,1.14,39.64
V051,Light Commercial,Diesel,8,100,3500,True,R023,Depot B,Zone 2,268.4,360.6,1.05,3,68.7,-1.13,1.02,38.41
V007,Van,Petrol,11,75,1500,True,R010,Hub North,Zone 2,200.5,1136.9,1.07,2,67.7,3.64,1.02,39.29
V005,Light Commercial,CNG,10,100,3500,True,R023,Depot B,Zone 2,266.7,2546.9,1.13,3,58.9,-1.35,1.11,54.82
V035,Van,Petrol,9,75,1500,True,R006,Depot C,Zone 1,148.8,593.2,1.95,2,37.0,3.34,1.0,33.66
V053,Van,CNG,12,75,1500,True,R003,Depot B,Zone 1,292.2,159.3,1.32,2,59.4,-1.98,1.05,35.84
V025,Truck,Diesel,11,220,8000,True,R010,Hub North,Zone 2,198.4,6141.9,1.2,2,65.3,4.45,1.0,98.7
V048,Light Commercial,Petrol,9,100,3500,True,R019,Depot B,Port Terminal,256.4,645.6,1.36,2,57.5,-1.4,1.06,51.24
V055,Van,CNG,6,75,1500,True,R007,Central Hub,Industrial Park,287.4,737.1,1.46,3,49.3,1.31,1.25,48.91
V053,Van,CNG,12,75,1500,True,R005,Hub North,Zone 3,176.6,1221.2,1.55,1,50.6,-1.59,1.22,32.81
V031,Light Commercial,Diesel,6,100,3500,True,R023,Depot B,Zone 2,267.0,1076.7,1.21,3,65.4,-1.96,1.18,42.01
V042,Bus,Hybrid,4,280,6000,True,R015,Central Hub,Zone 3,162.7,2536.3,1.8,2,32.7,1.36,1.03,62.36
V032,Truck,Diesel,8,220,8000,True,R013,Central Hub,Metro Area,192.8,5293.8,1.88,2,41.0,-1.74,1.05,83.45
V041,Bus,Petrol,6,280,6000,True,R008,Depot B,Metro Area,128.2,4033.1,1.86,2,48.7,-2.64,1.01,66.32
V035,Van,Petrol,9,75,1500,True,R001,Depot B,Port Terminal,286.9,740.0,1.35,1,54.4,-2.38,1.27,42.97
V032,Truck,Diesel,8,220,8000,True,R002,Hub North,Metro Area,104.0,3749.5,1.66,3,35.2,1.57,1.27,52.14
V027,Truck,Diesel,10,220,8000,True,R021,Depot A,Metro Area,281.2,3652.7,1.16,1,61.2,0.51,1.03,99.59
V040,Van,CNG,2,75,1500,True,R003,Depot B,Zone 1,294.9,769.7,1.04,2,65.1,-1.86,1.01,36.44
V046,Truck,Diesel,4,220,8000,True,R008,Depot B,Metro Area,128.4,3157.2,1.74,2,40.5,-2.62,1.03,48.7
V056,Semi-Trailer,Diesel,6,450,26000,True,R028,Central Hub,Zone 4,29.5,8266.8,1.42,1,30.3,-0.43,1.08,15.54
V037,Van,Petrol,6,75,1500,True,R011,Central Hub,Port Terminal,313.7,553.0,1.2,1,66.3,0.36,1.04,44.96
V007,Van,Petrol,11,75,1500,True,R023,Depot B,Zone 2,267.0,759.2,1.31,3,60.2,-1.37,1.1,38.42
V036,Van,Diesel,6,75,1500,True,R011,Central Hub,Port Terminal,306.8,637.2,1.4,1,55.0,0.34,1.03,38.52
V019,Semi-Trailer,Diesel,11,450,26000,True,R028,Central Hub,Zone 4,33.6,15540.4,1.51,1,37.9,0.24,1.05,21.47
V002,Truck,Diesel,11,220,8000,True,R025,Hub North,Zone 1,68.6,5091.8,1.54,2,30.3,-2.63,1.03,29.0
V005,Light Commercial,CNG,10,100,3500,True,R015,Central Hub,Zone 3,164.5,3313.5,1.64,2,45.9,2.21,1.01,53.86
V036,Van,Diesel,6,75,1500,True,R021,Depot A,Metro Area,281.2,934.3,1.49,1,59.2,-0.18,1.19,39.18
V057,Light Commercial,Diesel,6,100,3500,True,R013,Central Hub,Metro Area,192.9,2535.5,1.76,2,44.8,-2.48,1.11,40.16
V031,Light Commercial,Diesel,6,100,3500,True,R029,Depot A,Port Terminal,31.9,641.6,1.15,3,45.8,4.34,1.06,7.13
V027,Truck,Diesel,10,220,8000,True,R011,Central Hub,Port Terminal,310.8,5971.1,1.18,1,60.3,0.87,1.2,124.63
V006,Semi-Trailer,Diesel,8,450,26000,True,R026,Central Hub,Zone 4,110.2,13846.8,1.8,3,39.9,0.59,1.02,69.08
V041,Bus,Petrol,6,280,6000,True,R019,Depot B,Port Terminal,258.4,5019.4,1.59,2,43.3,-1.79,1.0,136.24
V004,Van,Diesel,10,75,1500,True,R020,Central Hub,Port Terminal,201.0,1387.9,1.48,2,57.3,-0.79,1.05,29.46
V051,Light Commercial,Diesel,8,100,3500,True,R011,Central Hub,Port Terminal,310.4,1035.3,1.41,1,46.9,0.86,1.01,67.09
V049,Truck,Diesel,8,220,8000,True,R025,Hub North,Zone 1,67.2,7115.0,1.56,2,35.8,-2.6,1.08,28.53
V060,Light Commercial,Diesel,7,100,3500,True,R023,Depot B,Zone 2,268.3,2348.1,1.43,3,54.7,-1.29,1.08,53.16
V018,Light Commercial,Hybrid,9,100,3500,True,R025,Hub North,Zone 1,67.6,2548.9,1.68,2,23.4,-3.38,1.02,12.72
V010,Semi-Trailer,Diesel,12,450,26000,True,R025,Hub North,Zone 1,67.7,13039.2,1.51,2,37.7,-2.57,1.01,34.43
V018,Light Commercial,Hybrid,9,100,3500,True,R005,Hub North,Zone 3,171.5,1405.5,1.55,1,47.4,-1.71,1.17,24.62
V048,Light Commercial,Petrol,9,100,3500,True,R027,Depot C,Zone 1,70.3,2730.1,1.26,2,34.3,-0.9,1.09,18.55
V014,Light Commercial,Diesel,4,100,3500,True,R026,Central Hub,Zone 4,109.6,415.4,1.98,3,39.3,0.5,1.03,22.57
V054,Light Commercial,Petrol,7,100,3500,True,R008,Depot B,Metro Area,128.2,1958.3,1.53,2,45.6,-2.89,1.02,27.52
V010,Semi-Trailer,Diesel,12,450,26000,True,R030,Central Hub,Industrial Park,314.1,4231.6,1.68,2,43.8,2.94,1.01,213.21
V003,Bus,Hybrid,9,280,6000,True,R016,Central Hub,Industrial Park,22.9,1898.6,1.58,1,29.5,0.79,1.04,9.21
V014,Light Commercial,Diesel,4,100,3500,True,R010,Hub North,Zone 2,199.5,2507.5,1.35,2,52.0,3.95,1.04,53.29
V046,Truck,Diesel,4,220,8000,True,R007,Central Hub,Industrial Park,290.3,5932.2,1.24,3,55.6,1.0,1.25,119.64
V037,Van,Petrol,6,75,1500,True,R011,Central Hub,Port Terminal,313.7,1283.5,1.04,1,75.3,0.95,1.15,52.35
V022,Truck,Diesel,10,220,8000,True,R002,Hub North,Metro Area,102.2,5665.0,1.72,3,45.0,1.85,1.21,52.64
V040,Van,CNG,2,75,1500,True,R021,Depot A,Metro Area,279.4,1010.3,1.14,1,66.9,-0.05,1.07,42.0
V039,Truck,Diesel,12,220,8000,True,R022,Central Hub,Metro Area,263.2,7226.8,1.0,2,73.5,-2.66,1.02,87.22
V034,Van,Diesel,10,75,1500,True,R021,Depot A,Metro Area,279.6,835.2,1.53,1,49.4,-0.04,1.2,42.37
V031,Light Commercial,Diesel,6,100,3500,True,R017,Hub North,Zone 2,143.7,2295.3,1.67,3,42.0,4.82,1.0,43.93
V007,Van,Petrol,11,75,1500,True,R011,Central Hub,Port Terminal,312.6,1256.8,1.45,1,48.6,0.91,1.07,59.97
V016,Van,Petrol,6,75,1500,True,R022,Central Hub,Metro Area,265.0,1123.7,1.23,2,67.8,-2.7,1.03,36.55
V032,Truck,Diesel,8,220,8000,True,R027,Depot C,Zone 1,70.2,6035.5,1.35,2,40.5,-1.98,1.11,28.92
V009,Semi-Trailer,Diesel,1,450,26000,True,R003,Depot B,Zone 1,295.6,14462.3,1.14,2,63.8,-1.04,1.0,126.11
V029,Van,Diesel,12,75,1500,True,R012,Depot A,Zone 2,57.1,823.0,1.12,2,38.6,1.97,1.0,9.29
V008,Semi-Trailer,Diesel,1,450,26000,True,R030,Central Hub,Industrial Park,315.1,16936.4,1.75,2,36.1,2.87,1.14,225.03
V048,Light Commercial,Petrol,9,100,3500,True,R026,Central Hub,Zone 4,112.0,2434.1,1.67,3,42.5,1.16,1.1,34.47
V007,Van,Petrol,11,75,1500,True,R030,Central Hub,Industrial Park,312.5,846.3,1.51,2,50.1,2.72,1.02,65.96
V006,Semi-Trailer,Diesel,8,450,26000,True,R006,Depot C,Zone 1,146.4,6698.8,1.71,2,44.3,4.31,1.06,96.0
V039,Truck,Diesel,12,220,8000,True,R014,Depot A,Metro Area,54.0,2489.2,1.98,2,25.8,-2.6,1.15,24.52
V014,Light Commercial,Diesel,4,100,3500,True,R004,Depot C,Zone 3,268.5,1816.9,1.12,3,68.6,2.44,1.18,54.67
V022,Truck,Diesel,10,220,8000,True,R026,Central Hub,Zone 4,112.8,2187.6,1.57,3,43.7,0.67,1.02,44.8
V019,Semi-Trailer,Diesel,11,450,26000,True,R016,Central Hub,Industrial Park,20.5,11959.1,1.65,1,36.4,0.64,1.0,12.25
V013,Truck,Hybrid,5,220,8000,True,R008,Depot B,Metro Area,128.2,1800.6,1.59,2,46.4,-2.97,1.05,29.4
V046,Truck,Diesel,4,220,8000,True,R003,Depot B,Zone 1,294.8,1794.4,1.15,2,66.2,-1.94,1.01,77.05
V042,Bus,Hybrid,4,280,6000,True,R023,Depot B,Zone 2,265.2,4900.4,1.32,3,54.3,-1.25,1.05,78.21
V015,Van,Diesel,9,75,1500,True,R025,Hub North,Zone 1,69.0,841.4,1.59,2,32.7,-3.41,1.07,9.85
V042,Bus,Hybrid,4,280,6000,True,R027,Depot C,Zone 1,69.9,4580.2,1.16,2,51.6,-1.51,1.06,19.32
V043,Truck,Diesel,9,220,8000,True,R030,Central Hub,Industrial Park,312.7,878.5,1.86,2,36.3,2.86,1.01,148.6
V033,Truck,Diesel,6,220,8000,True,R025,Hub North,Zone 1,68.4,2742.3,1.63,2,26.2,-3.05,1.09,26.65
V035,Van,Petrol,9,75,1500,True,R024,Depot C,Zone 2,102.4,172.5,1.14,1,62.1,-1.33,1.1,12.52
V057,Light Commercial,Diesel,6,100,3500,True,R025,Hub North,Zone 1,67.0,360.1,1.52,2,31.6,-3.13,1.09,12.51
V028,Van,Diesel,4,75,1500,True,R030,Central Hub,Industrial Park,313.4,190.8,1.73,2,41.4,3.16,1.02,51.35
V024,Van,Diesel,7,75,1500,True,R014,Depot A,Metro Area,55.7,814.9,1.74,2,24.5,-2.22,1.08,8.7
V033,Truck,Diesel,6,220,8000,True,R023,Depot B,Zone 2,265.4,1417.6,1.0,3,74.8,-1.05,1.03,72.23
V051,Light Commercial,Diesel,8,100,3500,True,R025,Hub North,Zone 1,65.8,2725.2,1.63,2,36.9,-2.96,1.01,14.73
V043,Truck,Diesel,9,220,8000,True,R004,Depot C,Zone 3,265.8,4310.1,1.4,3,52.8,2.98,1.35,124.78
V005,Light Commercial,CNG,10,100,3500,True,R021,Depot A,Metro Area,279.0,1079.9,1.0,1,74.6,0.21,1.03,53.24
V028,Van,Diesel,4,75,1500,True,R011,Central Hub,Port Terminal,309.4,1219.3,1.25,1,61.5,0.28,1.07,39.3
V045,Light Commercial,Diesel,9,100,3500,True,R004,Depot C,Zone 3,267.6,1866.2,1.56,3,50.6,2.77,1.04,66.17
V014,Light Commercial,Diesel,4,100,3500,True,R006,Depot C,Zone 1,150.2,1393.6,1.59,2,52.6,4.45,1.27,41.59
V060,Light Commercial,Diesel,7,100,3500,True,R004,Depot C,Zone 3,266.0,2039.7,1.29,3,59.1,2.18,1.18,61.14
V049,Truck,Diesel,8,220,8000,True,R027,Depot C,Zone 1,70.0,5373.7,1.22,2,40.9,-1.01,1.11,26.16
V051,Light Commercial,Diesel,8,100,3500,True,R024,Depot C,Zone 2,105.0,2012.4,1.39,1,50.0,-1.41,1.01,19.93
V005,Light Commercial,CNG,10,100,3500,True,R004,Depot C,Zone 3,268.7,3125.0,1.47,3,54.0,3.04,1.05,88.72
V035,Van,Petrol,9,75,1500,True,R019,Depot B,Port Terminal,257.4,601.3,1.34,2,52.7,-1.37,1.04,35.63
V032,Truck,Diesel,8,220,8000,True,R020,Central Hub,Port Terminal,198.7,3587.7,1.4,2,50.0,0.23,1.09,75.75
V038,Light Commercial,Diesel,6,100,3500,True,R016,Central Hub,Industrial Park,23.2,2905.1,1.91,1,27.0,0.41,1.14,7.14
V052,Van,Petrol,2,75,1500,True,R019,Depot B,Port Terminal,260.5,962.8,1.38,2,60.7,-1.27,1.02,37.78
V022,Truck,Diesel,10,220,8000,True,R028,Central Hub,Zone 4,29.2,7370.6,1.47,1,37.0,-0.68,1.05,13.06
V033,Truck,Diesel,6,220,8000,True,R016,Central Hub,Industrial Park,21.5,6186.7,1.64,1,30.4,1.86,1.02,11.12
V041,Bus,Petrol,6,280,6000,True,R020,Central Hub,Port Terminal,196.8,3215.9,1.26,2,55.7,-0.28,1.18,86.94
V046,Truck,Diesel,4,220,8000,True,R018,Hub North,Port Terminal,157.8,5116.1,1.32,1,62.7,3.14,1.12,71.01
V047,Semi-Trailer,Diesel,6,450,26000,True,R012,Depot A,Zone 2,53.1,11574.5,1.08,2,46.1,1.85,1.23,30.05
V021,Van,Diesel,10,75,1500,True,R027,Depot C,Zone 1,69.7,312.7,1.04,2,46.8,-0.73,1.09,8.06
V060,Light Commercial,Diesel,7,100,3500,True,R013,Central Hub,Metro Area,190.8,1561.2,1.61,2,48.8,-2.1,1.0,35.29
V001,Semi-Trailer,Diesel,6,450,26000,True,R024,Depot C,Zone 2,103.4,8820.8,1.24,1,58.8,-1.8,1.02,43.62
V030,Van,Diesel,11,75,1500,True,R019,Depot B,Port Terminal,257.2,1014.6,1.35,2,52.5,-1.39,1.03,34.09
V037,Van,Petrol,6,75,1500,True,R021,Depot A,Metro Area,280.2,1003.2,1.3,1,55.3,0.29,1.04,42.85
V004,Van,Diesel,10,75,1500,True,R023,Depot B,Zone 2,264.1,1345.1,1.25,3,57.2,-0.93,1.07,36.43
V028,Van,Diesel,4,75,1500,True,R023,Depot B,Zone 2,266.7,251.3,1.0,3,70.5,-1.29,1.08,25.25
V036,Van,Diesel,6,75,1500,True,R017,Hub North,Zone 2,141.0,746.1,1.45,3,46.9,3.2,1.3,23.88
V037,Van,Petrol,6,75,1500,True,R019,Depot B,Port Terminal,257.4,658.3,1.52,2,53.2,-1.21,1.07,38.97
V008,Semi-Trailer,Diesel,1,450,26000,True,R016,Central Hub,Industrial Park,25.9,14256.4,1.67,1,32.7,0.74,1.03,15.22
V017,Light Commercial,Hybrid,8,100,3500,True,R011,Central Hub,Port Terminal,312.8,705.7,1.09,1,65.6,0.98,1.01,38.51
V015,Van,Diesel,9,75,1500,True,R022,Central Hub,Metro Area,263.9,776.6,1.12,2,70.4,-2.52,1.06,29.81
V039,Truck,Diesel,12,220,8000,True,R027,Depot C,Zone 1,75.2,5267.7,1.21,2,42.6,-1.13,1.05,28.13
V020,Truck,Diesel,4,220,8000,True,R022,Central Hub,Metro Area,262.7,2933.7,1.21,2,60.7,-2.34,1.04,73.12
V035,Van,Petrol,9,75,1500,True,R024,Depot C,Zone 2,103.5,979.3,1.22,1,56.7,-3.26,1.14,14.39
V044,Van,CNG,4,75,1500,True,R025,Hub North,Zone 1,66.0,488.7,1.46,2,35.5,-2.82,1.03,9.27
V048,Light Commercial,Petrol,9,100,3500,True,R012,Depot A,Zone 2,54.8,1448.7,1.22,2,48.4,1.78,1.0,13.34
V012,Van,Petrol,1,75,1500,True,R002,Hub North,Metro Area,98.8,1306.8,1.57,3,31.9,2.25,1.03,21.71
V055,Van,CNG,6,75,1500,True,R011,Central Hub,Port Terminal,311.8,181.9,1.24,1,64.5,0.75,1.15,42.96
V010,Semi-Trailer,Diesel,12,450,26000,True,R023,Depot B,Zone 2,266.6,8629.4,1.24,3,59.6,-0.78,1.02,119.05
V002,Truck,Diesel,11,220,8000,True,R025,Hub North,Zone 1,67.8,7162.9,1.88,2,30.3,-3.18,1.09,30.45
V003,Bus,Hybrid,9,280,6000,True,R016,Central Hub,Industrial Park,24.2,1349.9,1.51,1,32.5,0.57,1.03,8.39
V013,Truck,Hybrid,5,220,8000,True,R024,Depot C,Zone 2,100.9,3502.4,1.12,1,57.4,-2.44,1.11,24.13
V053,Van,CNG,12,75,1500,True,R003,Depot B,Zone 1,294.9,729.0,1.0,2,72.1,-2.38,1.01,39.67
V013,Truck,Hybrid,5,220,8000,True,R020,Central Hub,Port Terminal,200.1,5238.0,1.2,2,63.3,-0.44,1.14,53.18
V042,Bus,Hybrid,4,280,6000,True,R021,Depot A,Metro Area,277.4,3720.0,1.18,1,67.8,-0.46,1.05,78.37
V026,Semi-Trailer,Diesel,7,450,26000,True,R016,Central Hub,Industrial Park,21.5,16451.4,1.66,1,29.5,0.36,1.21,14.71
V003,Bus,Hybrid,9,280,6000,True,R022,Central Hub,Metro Area,264.2,5396.1,1.21,2,62.1,-2.61,1.13,76.25
V027,Truck,Diesel,10,220,8000,True,R015,Central Hub,Zone 3,164.9,3470.9,1.85,2,38.1,2.01,1.05,87.95
V002,Truck,Diesel,11,220,8000,True,R016,Central Hub,Industrial Park,24.7,4130.7,1.52,1,39.2,0.93,1.04,11.24
V029,Van,Diesel,12,75,1500,True,R019,Depot B,Port Terminal,257.7,1379.1,1.4,2,59.7,-1.84,1.03,36.05
V034,Van,Diesel,10,75,1500,True,R024,Depot C,Zone 2,101.3,313.4,1.0,1,72.1,-2.65,1.35,10.9
V032,Truck,Diesel,8,220,8000,True,R008,Depot B,Metro Area,127.7,7247.8,1.57,2,41.8,-2.87,1.01,47.98
V017,Light Commercial,Hybrid,8,100,3500,True,R010,Hub North,Zone 2,198.3,3171.1,1.02,2,66.6,3.17,1.06,34.65
V046,Truck,Diesel,4,220,8000,True,R013,Central Hub,Metro Area,191.8,7283.6,1.89,2,42.0,-1.93,1.2,86.59
V036,Van,Diesel,6,75,1500,True,R007,Central Hub,Industrial Park,287.1,235.5,1.58,3,48.1,0.04,1.01,36.23
V016,Van,Petrol,6,75,1500,True,R011,Central Hub,Port Terminal,311.3,886.4,1.0,1,71.9,0.79,1.1,48.04
V027,Truck,Diesel,10,220,8000,True,R011,Central Hub,Port Terminal,312.2,6499.6,1.21,1,62.9,0.28,1.02,113.65
V007,Van,Petrol,11,75,1500,True,R010,Hub North,Zone 2,197.0,550.0,1.25,2,55.0,3.65,1.0,37.51
V056,Semi-Trailer,Diesel,6,450,26000,True,R013,Central Hub,Metro Area,191.0,15651.4,1.72,2,46.8,-1.55,1.1,97.51
V046,Truck,Diesel,4,220,8000,True,R016,Central Hub,Industrial Park,23.2,2543.8,1.47,1,32.5,1.07,1.09,9.85
V018,Light Commercial,Hybrid,9,100,3500,True,R021,Depot A,Metro Area,275.1,735.6,1.4,1,49.1,0.45,1.03,39.16
V041,Bus,Petrol,6,280,6000,True,R010,Hub North,Zone 2,196.9,4946.5,1.27,2,57.5,2.67,1.03,118.69
V041,Bus,Petrol,6,280,6000,True,R026,Central Hub,Zone 4,110.3,5604.2,1.91,3,37.8,0.34,1.06,72.99
V037,Van,Petrol,6,75,1500,True,R015,Central Hub,Zone 3,165.8,238.9,1.7,2,45.6,2.24,1.23,30.98
V004,Van,Diesel,10,75,1500,True,R022,Central Hub,Metro Area,263.4,304.7,1.0,2,79.7,-2.46,1.1,26.21
V053,Van,CNG,12,75,1500,True,R004,Depot C,Zone 3,267.3,900.5,1.37,3,59.4,3.71,1.07,56.98
V058,Truck,Diesel,12,220,8000,True,R006,Depot C,Zone 1,147.6,1386.9,1.62,2,47.1,5.12,1.1,77.72
V059,Light Commercial,Diesel,7,100,3500,True,R014,Depot A,Metro Area,54.1,2227.7,1.95,2,24.9,-2.39,1.09,14.64
V059,Light Commercial,Diesel,7,100,3500,True,R011,Central Hub,Port Terminal,310.8,2490.5,1.0,1,72.7,0.41,1.01,60.61
V056,Semi-Trailer,Diesel,6,450,26000,True,R015,Central Hub,Zone 3,164.1,11763.3,1.74,2,36.0,1.42,1.19,107.77
V045,Light Commercial,Diesel,9,100,3500,True,R005,Hub North,Zone 3,171.5,2599.8,1.71,1,43.8,-1.64,1.07,39.78
V004,Van,Diesel,10,75,1500,True,R015,Central Hub,Zone 3,163.4,294.9,1.76,2,39.2,1.64,1.02,27.31
V028,Van,Diesel,4,75,1500,True,R021,Depot A,Metro Area,278.1,534.1,1.29,1,63.1,-0.11,1.06,32.39
V015,Van,Diesel,9,75,1500,True,R022,Central Hub,Metro Area,262.4,1179.7,1.16,2,63.9,-3.03,1.03,29.83
V014,Light Commercial,Diesel,4,100,3500,True,R008,Depot B,Metro Area,129.1,612.8,1.75,2,45.9,-2.58,1.21,23.29
V050,Light Commercial,Diesel,2,100,3500,True,R011,Central Hub,Port Terminal,311.9,1198.1,1.28,1,56.5,1.19,1.12,58.32
V049,Truck,Diesel,8,220,8000,True,R016,Central Hub,Industrial Park,20.5,5023.9,1.53,1,29.9,1.31,1.01,10.13
V032,Truck,Diesel,8,220,8000,True,R016,Central Hub,Industrial Park,23.7,2482.3,1.88,1,29.1,0.81,1.04,11.17
V045,Light Commercial,Diesel,9,100,3500,True,R024,Depot C,Zone 2,102.9,1780.6,1.35,1,56.7,-1.86,1.04,19.04
V008,Semi-Trailer,Diesel,1,450,26000,True,R012,Depot A,Zone 2,56.7,21101.9,1.1,2,46.6,2.06,1.16,32.47
V014,Light Commercial,Diesel,4,100,3500,True,R021,Depot A,Metro Area,280.0,1152.3,1.23,1,60.6,0.11,1.26,48.01
V052,Van,Petrol,2,75,1500,True,R027,Depot C,Zone 1,71.4,705.7,1.2,2,44.8,-1.65,1.05,9.1
V028,Van,Diesel,4,75,1500,True,R009,Depot A,Industrial Park,91.8,173.3,1.76,1,30.9,-2.6,1.13,12.4
V033,Truck,Diesel,6,220,8000,True,R025,Hub North,Zone 1,67.8,5616.9,1.37,2,27.7,-2.81,1.1,27.94
V028,Van,Diesel,4,75,1500,True,R010,Hub North,Zone 2,196.2,602.7,1.09,2,67.7,3.56,1.09,27.92
V013,Truck,Hybrid,5,220,8000,True,R011,Central Hub,Port Terminal,309.1,6648.4,1.0,1,79.1,0.22,1.04,88.38
V050,Light Commercial,Diesel,2,100,3500,True,R020,Central Hub,Port Terminal,201.5,613.5,1.29,2,54.1,-0.51,1.01,31.46
V046,Truck,Diesel,4,220,8000,True,R019,Depot B,Port Terminal,260.7,6119.2,1.63,2,39.3,-1.52,1.01,104.72
V042,Bus,Hybrid,4,280,6000,True,R017,Hub North,Zone 2,141.4,4750.4,1.51,3,49.2,4.4,1.18,64.39
V022,Truck,Diesel,10,220,8000,True,R007,Central Hub,Industrial Park,286.4,6077.3,1.29,3,60.4,0.52,1.02,117.88
V039,Truck,Diesel,12,220,8000,True,R003,Depot B,Zone 1,293.9,5793.8,1.12,2,65.0,-2.11,1.02,95.74
V058,Truck,Diesel,12,220,8000,True,R028,Central Hub,Zone 4,31.8,2417.0,1.32,1,43.1,-0.01,1.08,11.53
V039,Truck,Diesel,12,220,8000,True,R027,Depot C,Zone 1,68.5,3633.8,1.25,2,47.3,-1.19,1.02,23.41
V030,Van,Diesel,11,75,1500,True,R027,Depot C,Zone 1,67.5,642.1,1.38,2,28.4,-2.4,1.17,9.99
V017,Light Commercial,Hybrid,8,100,3500,True,R016,Central Hub,Industrial Park,25.9,1067.1,1.61,1,29.6,1.48,1.05,4.86
V032,Truck,Diesel,8,220,8000,True,R027,Depot C,Zone 1,70.9,4143.5,1.4,2,26.7,-1.69,1.01,28.25
V023,Semi-Trailer,Diesel,7,450,26000,True,R015,Central Hub,Zone 3,164.7,18015.5,2.0,2,40.2,1.88,1.01,119.64
V037,Van,Petrol,6,75,1500,True,R003,Depot B,Zone 1,294.1,760.4,1.18,2,60.9,-1.2,1.24,39.72
V003,Bus,Hybrid,9,280,6000,True,R006,Depot C,Zone 1,148.4,5569.8,1.65,2,43.5,5.1,1.03,76.93
V012,Van,Petrol,1,75,1500,True,R009,Depot A,Industrial Park,86.2,1053.7,1.66,1,34.7,-2.12,1.04,14.69
V048,Light Commercial,Petrol,9,100,3500,True,R012,Depot A,Zone 2,53.9,1667.0,1.44,2,29.4,2.02,1.02,16.61
V023,Semi-Trailer,Diesel,7,450,26000,True,R029,Depot A,Port Terminal,31.0,11527.5,1.18,3,36.2,3.35,1.01,20.25
V026,Semi-Trailer,Diesel,7,450,26000,True,R010,Hub North,Zone 2,194.4,15497.7,1.24,2,51.5,2.69,1.05,109.84
V033,Truck,Diesel,6,220,8000,True,R019,Depot B,Port Terminal,257.5,3736.0,1.34,2,61.0,-1.29,1.01,85.05
V027,Truck,Diesel,10,220,8000,True,R009,Depot A,Industrial Park,88.0,2309.2,1.7,1,33.6,-1.98,1.06,33.03
V046,Truck,Diesel,4,220,8000,True,R020,Central Hub,Port Terminal,198.4,4343.1,1.46,2,50.3,-0.53,1.1,76.87
V015,Van,Diesel,9,75,1500,True,R018,Hub North,Port Terminal,156.8,1007.7,1.06,1,65.5,2.67,1.02,22.44
V046,Truck,Diesel,4,220,8000,True,R005,Hub North,Zone 3,170.6,3237.4,1.72,1,46.9,-1.67,1.06,63.83
V013,Truck,Hybrid,5,220,8000,True,R014,Depot A,Metro Area,52.3,2726.6,1.75,2,39.6,-2.74,1.09,14.45
V023,Semi-Trailer,Diesel,7,450,26000,True,R004,Depot C,Zone 3,268.3,7404.4,1.48,3,49.8,3.4,1.08,161.29
V036,Van,Diesel,6,75,1500,True,R027,Depot C,Zone 1,69.9,612.6,1.35,2,32.2,-1.52,1.1,9.53
V054,Light Commercial,Petrol,7,100,3500,True,R022,Central Hub,Metro Area,262.0,1077.0,1.18,2,68.5,-2.75,1.03,44.56
V014,Light Commercial,Diesel,4,100,3500,True,R029,Depot A,Port Terminal,30.9,2620.2,1.2,3,37.3,4.96,1.1,9.25
V036,Van,Diesel,6,75,1500,True,R027,Depot C,Zone 1,70.0,964.4,1.07,2,45.2,-2.18,1.05,8.43
V004,Van,Diesel,10,75,1500,True,R007,Central Hub,Industrial Park,286.8,515.8,1.34,3,45.4,0.87,1.05,40.26
V005,Light Commercial,CNG,10,100,3500,True,R022,Central Hub,Metro Area,260.9,3300.7,1.26,2,58.3,-3.08,1.29,58.07
V047,Semi-Trailer,Diesel,6,450,26000,True,R004,Depot C,Zone 3,269.1,16869.4,1.26,3,54.4,2.91,1.16,173.18
V044,Van,CNG,4,75,1500,True,R029,Depot A,Port Terminal,29.0,331.7,1.28,3,44.2,3.96,1.09,5.43
V023,Semi-Trailer,Diesel,7,450,26000,True,R024,Depot C,Zone 2,101.9,20928.4,1.22,1,57.5,-1.93,1.01,46.55
V038,Light Commercial,Diesel,6,100,3500,True,R021,Depot A,Metro Area,278.4,2592.3,1.37,1,57.7,0.03,1.01,57.95
V023,Semi-Trailer,Diesel,7,450,26000,True,R030,Central Hub,Industrial Park,313.2,13650.6,1.68,2,44.3,2.77,1.02,206.24
V017,Light Commercial,Hybrid,8,100,3500,True,R026,Central Hub,Zone 4,113.7,1044.6,1.88,3,40.3,0.43,1.23,19.56
V026,Semi-Trailer,Diesel,7,450,26000,True,R026,Central Hub,Zone 4,112.8,20520.4,1.53,3,51.1,0.11,1.01,64.28
V019,Semi-Trailer,Diesel,11,450,26000,True,R004,Depot C,Zone 3,269.8,5351.9,1.3,3,57.3,3.22,1.07,148.29
V049,Truck,Diesel,8,220,8000,True,R001,Depot B,Port Terminal,288.8,3642.6,1.6,1,44.4,-2.27,1.09,105.17
V025,Truck,Diesel,11,220,8000,True,R029,Depot A,Port Terminal,31.4,6357.8,1.17,3,39.3,4.07,1.05,17.57
V020,Truck,Diesel,4,220,8000,True,R008,Depot B,Metro Area,126.3,6249.8,1.81,2,43.4,-2.77,1.17,53.39
V033,Truck,Diesel,6,220,8000,True,R013,Central Hub,Metro Area,191.7,5083.3,1.67,2,37.4,-1.98,1.01,78.03
V046,Truck,Diesel,4,220,8000,True,R002,Hub North,Metro Area,100.5,852.6,1.55,3,55.2,2.25,1.03,35.83
V017,Light Commercial,Hybrid,8,100,3500,True,R019,Depot B,Port Terminal,259.8,1341.0,1.22,2,61.8,-1.23,1.07,31.73
V057,Light Commercial,Diesel,6,100,3500,True,R025,Hub North,Zone 1,67.5,2888.3,1.48,2,32.5,-2.5,1.11,15.93
V028,Van,Diesel,4,75,1500,True,R026,Central Hub,Zone 4,112.4,1069.7,1.83,3,42.1,0.69,1.06,18.33
V040,Van,CNG,2,75,1500,True,R018,Hub North,Port Terminal,157.9,1183.5,1.17,1,61.5,3.32,1.13,28.46
V058,Truck,Diesel,12,220,8000,True,R020,Central Hub,Port Terminal,200.6,1228.3,1.14,2,65.1,-0.37,1.09,60.82
V026,Semi-Trailer,Diesel,7,450,26000,True,R016,Central Hub,Industrial Park,22.4,23391.0,1.74,1,24.3,0.86,1.1,18.08
V012,Van,Petrol,1,75,1500,True,R014,Depot A,Metro Area,56.2,442.0,1.64,2,31.9,-2.03,1.02,8.37
V045,Light Commercial,Diesel,9,100,3500,True,R017,Hub North,Zone 2,140.2,1338.6,1.51,3,49.3,4.57,1.29,40.29
V001,Semi-Trailer,Diesel,6,450,26000,True,R029,Depot A,Port Terminal,28.4,21176.9,1.04,3,48.6,3.78,1.06,18.11
V028,Van,Diesel,4,75,1500,True,R008,Depot B,Metro Area,125.6,667.9,1.71,2,49.7,-3.16,1.0,14.36
V059,Light Commercial,Diesel,7,100,3500,True,R015,Central Hub,Zone 3,165.2,2263.2,1.82,2,37.9,1.72,1.13,44.09
V025,Truck,Diesel,11,220,8000,True,R019,Depot B,Port Terminal,259.0,4556.1,1.57,2,47.2,-1.91,1.02,96.48
V042,Bus,Hybrid,4,280,6000,True,R018,Hub North,Port Terminal,158.9,5017.0,1.34,1,49.5,3.47,1.01,64.91
V032,Truck,Diesel,8,220,8000,True,R001,Depot B,Port Terminal,287.3,1861.6,1.55,1,50.6,-2.08,1.05,90.24
V013,Truck,Hybrid,5,220,8000,True,R009,Depot A,Industrial Park,87.7,1465.0,1.62,1,30.7,-2.83,1.02,24.39
V020,Truck,Diesel,4,220,8000,True,R020,Central Hub,Port Terminal,198.7,5100.0,1.42,2,52.9,-0.62,1.08,69.62
V032,Truck,Diesel,8,220,8000,True,R021,Depot A,Metro Area,281.8,6543.6,1.54,1,48.0,-0.18,1.03,113.01
V007,Van,Petrol,11,75,1500,True,R023,Depot B,Zone 2,269.0,1327.0,1.27,3,56.8,-1.24,1.0,43.24
V025,Truck,Diesel,11,220,8000,True,R030,Central Hub,Industrial Park,315.0,3519.5,1.81,2,51.4,2.85,1.33,169.11
V025,Truck,Diesel,11,220,8000,True,R021,Depot A,Metro Area,280.1,5797.0,1.01,1,74.3,0.58,1.01,110.26
V051,Light Commercial,Diesel,8,100,3500,True,R018,Hub North,Port Terminal,159.6,1512.6,1.12,1,68.3,2.39,1.1,32.06
V008,Semi-Trailer,Diesel,1,450,26000,True,R010,Hub North,Zone 2,197.4,9647.1,1.17,2,59.6,4.42,1.09,113.59
V051,Light Commercial,Diesel,8,100,3500,True,R012,Depot A,Zone 2,54.6,422.0,1.05,2,51.3,1.54,1.25,10.22
V025,Truck,Diesel,11,220,8000,True,R025,Hub North,Zone 1,68.1,2500.8,1.52,2,32.5,-3.63,1.09,24.12
V040,Van,CNG,2,75,1500,True,R015,Central Hub,Zone 3,162.5,367.0,1.83,2,42.9,2.48,1.02,31.3
V034,Van,Diesel,10,75,1500,True,R022,Central Hub,Metro Area,263.8,492.5,1.01,2,78.1,-2.13,1.14,29.61
V018,Light Commercial,Hybrid,9,100,3500,True,R004,Depot C,Zone 3,266.4,1209.0,1.33,3,56.0,2.9,1.34,44.43
V056,Semi-Trailer,Diesel,6,450,26000,True,R004,Depot C,Zone 3,269.6,21581.9,1.27,3,56.2,3.12,1.01,168.57
V014,Light Commercial,Diesel,4,100,3500,True,R007,Central Hub,Industrial Park,288.3,955.0,1.41,3,44.1,0.81,1.03,55.63
V003,Bus,Hybrid,9,280,6000,True,R006,Depot C,Zone 1,149.8,4778.4,1.79,2,40.3,4.49,1.02,81.29
V046,Truck,Diesel,4,220,8000,True,R019,Depot B,Port Terminal,255.6,6643.5,1.53,2,46.4,-2.16,1.14,101.57
V038,Light Commercial,Diesel,6,100,3500,True,R020,Central Hub,Port Terminal,201.8,1729.7,1.5,2,45.5,-1.19,1.14,40.2
V054,Light Commercial,Petrol,7,100,3500,True,R017,Hub North,Zone 2,140.4,2505.4,1.61,3,52.3,3.89,1.03,45.52
V028,Van,Diesel,4,75,1500,True,R009,Depot A,Industrial Park,86.7,556.2,1.71,1,33.2,-1.79,1.02,12.04
V002,Truck,Diesel,11,220,8000,True,R018,Hub North,Port Terminal,156.7,920.8,1.0,1,67.7,3.52,1.02,58.13
V002,Truck,Diesel,11,220,8000,True,R004,Depot C,Zone 3,270.1,5625.6,1.38,3,55.1,2.87,1.01,121.54
V026,Semi-Trailer,Diesel,7,450,26000,True,R015,Central Hub,Zone 3,164.3,16001.7,1.67,2,41.6,1.42,1.01,106.59
V015,Van,Diesel,9,75,1500,True,R005,Hub North,Zone 3,171.7,738.2,1.79,1,43.4,-1.34,1.05,25.72
V056,Semi-Trailer,Diesel,6,450,26000,True,R003,Depot B,Zone 1,293.2,22461.0,1.14,2,62.8,-1.48,1.01,140.67
V008,Semi-Trailer,Diesel,1,450,26000,True,R005,Hub North,Zone 3,170.0,18672.4,2.0,1,35.3,-1.21,1.08,98.64
V053,Van,CNG,12,75,1500,True,R004,Depot C,Zone 3,269.8,692.6,1.58,3,51.4,1.96,1.22,55.75
V014,Light Commercial,Diesel,4,100,3500,True,R015,Central Hub,Zone 3,165.2,508.8,1.67,2,48.1,3.06,1.01,39.19
V008,Semi-Trailer,Diesel,1,450,26000,True,R017,Hub North,Zone 2,144.8,21961.5,1.33,3,62.3,4.68,1.06,103.68
V017,Light Commercial,Hybrid,8,100,3500,True,R019,Depot B,Port Terminal,258.6,3279.3,1.52,2,48.5,-1.72,1.06,42.77
V009,Semi-Trailer,Diesel,1,450,26000,True,R014,Depot A,Metro Area,51.0,16622.9,1.83,2,21.6,-2.8,1.1,31.5
V025,Truck,Diesel,11,220,8000,True,R006,Depot C,Zone 1,145.8,6023.8,1.58,2,51.2,4.83,1.02,82.7
V020,Truck,Diesel,4,220,8000,True,R001,Depot B,Port Terminal,289.0,4241.0,1.49,1,54.1,-2.18,1.02,91.86
V032,Truck,Diesel,8,220,8000,True,R022,Central Hub,Metro Area,263.5,2409.2,1.19,2,65.6,-2.62,1.12,78.87
V033,Truck,Diesel,6,220,8000,True,R030,Central Hub,Industrial Park,313.0,7002.1,1.49,2,47.5,3.1,1.01,150.8
V001,Semi-Trailer,Diesel,6,450,26000,True,R009,Depot A,Industrial Park,86.8,17812.5,1.56,1,27.8,-2.57,1.1,50.2
V008,Semi-Trailer,Diesel,1,450,26000,True,R007,Central Hub,Industrial Park,288.9,14723.2,1.2,3,64.5,0.81,1.07,140.81
V010,Semi-Trailer,Diesel,12,450,26000,True,R010,Hub North,Zone 2,198.5,17674.1,1.18,2,60.1,3.79,1.1,134.09
V012,Van,Petrol,1,75,1500,True,R007,Central Hub,Industrial Park,288.3,802.6,1.4,3,52.2,0.79,1.02,45.02
V006,Semi-Trailer,Diesel,8,450,26000,True,R007,Central Hub,Industrial Park,286.5,3890.3,1.25,3,71.6,0.77,1.09,129.5
V019,Semi-Trailer,Diesel,11,450,26000,True,R015,Central Hub,Zone 3,164.3,17195.7,1.82,2,49.8,2.36,1.11,117.02
V033,Truck,Diesel,6,220,8000,True,R024,Depot C,Zone 2,99.8,835.5,1.48,1,37.0,-2.91,1.04,33.22
V019,Semi-Trailer,Diesel,11,450,26000,True,R022,Central Hub,Metro Area,263.9,7469.6,1.0,2,72.4,-2.98,1.05,103.74
V020,Truck,Diesel,4,220,8000,True,R029,Depot A,Port Terminal,27.0,1860.7,1.03,3,45.6,3.91,1.14,11.05
V029,Van,Diesel,12,75,1500,True,R011,Central Hub,Port Terminal,309.0,583.7,1.27,1,61.8,0.22,1.07,40.04
V033,Truck,Diesel,6,220,8000,True,R015,Central Hub,Zone 3,163.5,6976.5,1.96,2,44.3,1.64,1.01,85.28
V020,Truck,Diesel,4,220,8000,True,R012,Depot A,Zone 2,58.8,1342.0,1.21,2,39.2,2.44,1.19,23.86
V014,Light Commercial,Diesel,4,100,3500,True,R002,Hub North,Metro Area,98.1,1413.3,1.9,3,24.5,1.72,1.02,27.74
V025,Truck,Diesel,11,220,8000,True,R012,Depot A,Zone 2,53.3,5965.0,1.2,2,42.1,1.19,1.12,24.09
V002,Truck,Diesel,11,220,8000,True,R008,Depot B,Metro Area,129.3,6669.0,1.35,2,49.9,-2.91,1.09,48.99
V030,Van,Diesel,11,75,1500,True,R015,Central Hub,Zone 3,166.7,1088.6,1.82,2,35.7,1.82,1.17,34.72
V057,Light Commercial,Diesel,6,100,3500,True,R005,Hub North,Zone 3,172.4,3221.5,1.71,1,39.0,-1.43,1.06,43.4
V024,Van,Diesel,7,75,1500,True,R023,Depot B,Zone 2,267.6,1037.3,1.38,3,56.6,-0.8,1.06,34.0
V007,Van,Petrol,11,75,1500,True,R026,Central Hub,Zone 4,111.5,1099.6,1.89,3,40.7,0.73,1.04,24.1
V043,Truck,Diesel,9,220,8000,True,R029,Depot A,Port Terminal,30.0,3670.1,1.0,3,54.5,3.84,1.05,13.55
V008,Semi-Trailer,Diesel,1,450,26000,True,R003,Depot B,Zone 1,294.5,9275.4,1.28,2,51.5,-2.14,1.23,122.7
V012,Van,Petrol,1,75,1500,True,R004,Depot C,Zone 3,267.1,738.9,1.44,3,46.0,2.79,1.12,48.21
V009,Semi-Trailer,Diesel,1,450,26000,True,R029,Depot A,Port Terminal,31.9,19571.0,1.08,3,48.1,3.65,1.13,19.65
V054,Light Commercial,Petrol,7,100,3500,True,R026,Central Hub,Zone 4,109.6,2284.5,1.74,3,39.7,0.43,1.01,30.87
V059,Light Commercial,Diesel,7,100,3500,True,R018,Hub North,Port Terminal,158.9,2646.4,1.27,1,55.9,3.06,1.03,41.27
V035,Van,Petrol,9,75,1500,True,R010,Hub North,Zone 2,197.9,950.2,1.0,2,79.1,3.66,1.05,38.13
V038,Light Commercial,Diesel,6,100,3500,True,R016,Central Hub,Industrial Park,22.3,2531.0,1.63,1,28.5,1.27,1.03,6.11
V039,Truck,Diesel,12,220,8000,True,R017,Hub North,Zone 2,140.3,1858.5,1.69,3,42.5,4.08,1.03,73.64
V037,Van,Petrol,6,75,1500,True,R026,Central Hub,Zone 4,110.5,562.7,1.74,3,42.2,1.14,1.24,20.84
V033,Truck,Diesel,6,220,8000,True,R016,Central Hub,Industrial Park,24.4,4616.1,1.66,1,29.4,1.21,1.06,12.36
V060,Light Commercial,Diesel,7,100,3500,True,R001,Depot B,Port Terminal,288.0,399.2,1.51,1,52.6,-2.34,1.01,46.94
V044,Van,CNG,4,75,1500,True,R021,Depot A,Metro Area,280.0,1313.2,1.13,1,61.4,0.37,1.02,45.12
V006,Semi-Trailer,Diesel,8,450,26000,True,R024,Depot C,Zone 2,100.5,7892.7,1.02,1,72.9,-2.54,1.01,38.27
V024,Van,Diesel,7,75,1500,True,R009,Depot A,Industrial Park,88.5,262.8,1.82,1,32.2,-3.36,1.04,11.14
V059,Light Commercial,Diesel,7,100,3500,True,R004,Depot C,Zone 3,266.0,2326.1,1.2,3,70.8,2.73,1.21,62.52
V025,Truck,Diesel,11,220,8000,True,R005,Hub North,Zone 3,172.2,2117.4,1.57,1,42.3,-1.15,1.07,63.71
V013,Truck,Hybrid,5,220,8000,True,R026,Central Hub,Zone 4,112.6,4621.2,1.77,3,43.7,0.57,1.03,38.15
V053,Van,CNG,12,75,1500,True,R014,Depot A,Metro Area,55.5,467.4,1.71,2,28.4,-2.56,1.07,9.85
V038,Light Commercial,Diesel,6,100,3500,True,R016,Central Hub,Industrial Park,21.2,843.7,1.38,1,35.8,0.6,1.1,4.56
V034,Van,Diesel,10,75,1500,True,R029,Depot A,Port Terminal,30.3,1087.1,1.14,3,40.7,3.12,1.04,5.22
V026,Semi-Trailer,Diesel,7,450,26000,True,R002,Hub North,Metro Area,101.6,11183.0,1.75,3,46.0,2.35,1.06,61.76
V008,Semi-Trailer,Diesel,1,450,26000,True,R007,Central Hub,Industrial Park,287.2,15295.1,1.3,3,60.4,0.57,1.19,147.28
V024,Van,Diesel,7,75,1500,True,R025,Hub North,Zone 1,67.9,425.6,1.36,2,46.9,-3.24,1.17,7.32
V027,Truck,Diesel,10,220,8000,True,R017,Hub North,Zone 2,145.7,4556.4,1.6,3,41.5,3.96,1.11,84.31
V056,Semi-Trailer,Diesel,6,450,26000,True,R001,Depot B,Port Terminal,286.9,11909.2,1.65,1,38.6,-1.88,1.02,149.5
V019,Semi-Trailer,Diesel,11,450,26000,True,R022,Central Hub,Metro Area,265.7,3732.1,1.43,2,60.6,-2.31,1.0,107.08
V009,Semi-Trailer,Diesel,1,450,26000,True,R005,Hub North,Zone 3,170.4,18659.9,2.02,1,37.0,-1.84,1.01,97.37
V026,Semi-Trailer,Diesel,7,450,26000,True,R024,Depot C,Zone 2,102.8,14807.3,1.0,1,73.2,-1.8,1.0,42.22
V060,Light Commercial,Diesel,7,100,3500,True,R024,Depot C,Zone 2,102.9,3108.8,1.27,1,59.9,-2.33,1.02,19.58
V029,Van,Diesel,12,75,1500,True,R025,Hub North,Zone 1,67.5,1180.1,1.56,2,26.5,-3.31,1.03,10.67
V023,Semi-Trailer,Diesel,7,450,26000,True,R014,Depot A,Metro Area,53.2,15221.7,1.62,2,32.4,-2.63,1.01,28.62
V041,Bus,Petrol,6,280,6000,True,R009,Depot A,Industrial Park,85.5,819.6,1.75,1,28.2,-2.83,1.04,40.5
V039,Truck,Diesel,12,220,8000,True,R027,Depot C,Zone 1,69.5,5913.0,1.54,2,36.8,-2.14,1.03,30.58
V018,Light Commercial,Hybrid,9,100,3500,True,R017,Hub North,Zone 2,143.6,1983.4,1.71,3,47.3,4.54,1.06,31.95
V059,Light Commercial,Diesel,7,100,3500,True,R020,Central Hub,Port Terminal,197.3,2834.2,1.2,2,66.4,-0.29,1.11,38.17
V036,Van,Diesel,6,75,1500,True,R005,Hub North,Zone 3,172.2,886.6,1.8,1,42.4,-1.2,1.19,25.48
V004,Van,Diesel,10,75,1500,True,R019,Depot B,Port Terminal,255.8,152.6,1.54,2,55.0,-1.53,1.03,29.76
V025,Truck,Diesel,11,220,8000,True,R018,Hub North,Port Terminal,157.2,6341.4,1.0,1,77.3,3.0,1.27,70.17
V056,Semi-Trailer,Diesel,6,450,26000,True,R009,Depot A,Industrial Park,86.8,20264.0,1.46,1,32.2,-3.34,1.12,48.18
V024,Van,Diesel,7,75,1500,True,R024,Depot C,Zone 2,101.7,276.7,1.16,1,61.2,-2.62,1.35,10.43
V035,Van,Petrol,9,75,1500,True,R005,Hub North,Zone 3,171.3,1021.9,1.83,1,38.3,-1.22,1.1,32.91
V037,Van,Petrol,6,75,1500,True,R022,Central Hub,Metro Area,262.3,820.8,1.0,2,77.4,-3.17,1.03,31.78
V043,Truck,Diesel,9,220,8000,True,R029,Depot A,Port Terminal,29.8,4811.4,1.19,3,36.8,4.05,1.06,15.19
V053,Van,CNG,12,75,1500,True,R018,Hub North,Port Terminal,156.2,1283.9,1.22,1,61.9,2.22,1.05,30.35
V009,Semi-Trailer,Diesel,1,450,26000,True,R004,Depot C,Zone 3,266.1,8115.5,1.27,3,55.9,2.98,1.12,134.81
V032,Truck,Diesel,8,220,8000,True,R017,Hub North,Zone 2,144.4,889.5,1.54,3,43.7,4.87,1.05,66.37
V033,Truck,Diesel,6,220,8000,True,R016,Central Hub,Industrial Park,22.1,2218.2,1.65,1,26.0,1.25,1.04,10.45
V010,Semi-Trailer,Diesel,12,450,26000,True,R017,Hub North,Zone 2,139.5,22824.3,1.6,3,46.9,3.49,1.12,110.95
V041,Bus,Petrol,6,280,6000,True,R009,Depot A,Industrial Park,87.6,1678.3,1.46,1,37.3,-2.18,1.02,36.79
V008,Semi-Trailer,Diesel,1,450,26000,True,R019,Depot B,Port Terminal,259.4,17506.7,1.33,2,53.5,-0.91,1.03,116.79
V028,Van,Diesel,4,75,1500,True,R008,Depot B,Metro Area,127.9,1156.8,1.59,2,38.8,-1.62,1.06,18.94
V020,Truck,Diesel,4,220,8000,True,R017,Hub North,Zone 2,145.0,6329.8,1.4,3,66.2,4.42,1.15,76.35
V010,Semi-Trailer,Diesel,12,450,26000,True,R018,Hub North,Port Terminal,156.3,2830.7,1.28,1,63.1,2.23,1.04,76.89
V050,Light Commercial,Diesel,2,100,3500,True,R020,Central Hub,Port Terminal,199.7,378.0,1.45,2,55.6,-0.03,1.16,35.54
V015,Van,Diesel,9,75,1500,True,R024,Depot C,Zone 2,103.4,1411.0,1.0,1,81.5,-1.63,1.01,12.97
V016,Van,Petrol,6,75,1500,True,R027,Depot C,Zone 1,71.1,822.5,1.22,2,41.4,-1.68,1.18,9.96
V052,Van,Petrol,2,75,1500,True,R024,Depot C,Zone 2,99.7,231.2,1.31,1,37.6,-1.85,1.03,13.37
V053,Van,CNG,12,75,1500,True,R024,Depot C,Zone 2,100.4,184.2,1.04,1,77.3,-2.61,1.06,11.72
V003,Bus,Hybrid,9,280,6000,True,R027,Depot C,Zone 1,72.2,4734.9,1.38,2,41.7,-1.46,1.14,25.75
V017,Light Commercial,Hybrid,8,100,3500,True,R008,Depot B,Metro Area,127.8,3042.2,1.86,2,42.8,-3.74,1.03,20.36
V043,Truck,Diesel,9,220,8000,True,R009,Depot A,Industrial Park,90.0,4366.5,1.89,1,30.0,-2.9,1.1,39.09
V047,Semi-Trailer,Diesel,6,450,26000,True,R016,Central Hub,Industrial Park,22.0,10814.9,1.59,1,26.5,0.94,1.09,13.58
V060,Light Commercial,Diesel,7,100,3500,True,R014,Depot A,Metro Area,55.2,2439.5,1.98,2,24.3,-2.66,1.04,14.93
V034,Van,Diesel,10,75,1500,True,R022,Central Hub,Metro Area,262.0,178.5,1.02,2,80.2,-3.18,1.02,25.91
V001,Semi-Trailer,Diesel,6,450,26000,True,R001,Depot B,Port Terminal,287.4,22466.0,1.86,1,43.5,-2.58,1.01,159.5
V053,Van,CNG,12,75,1500,True,R005,Hub North,Zone 3,170.8,476.5,1.84,1,35.0,-1.32,1.03,31.16
V010,Semi-Trailer,Diesel,12,450,26000,True,R023,Depot B,Zone 2,266.8,6819.1,1.34,3,53.8,-1.05,1.09,125.31
V008,Semi-Trailer,Diesel,1,450,26000,True,R025,Hub North,Zone 1,68.4,9468.5,1.47,2,40.3,-3.05,1.13,28.91
V041,Bus,Petrol,6,280,6000,True,R010,Hub North,Zone 2,198.5,925.0,1.28,2,60.2,3.79,1.04,106.18
V037,Van,Petrol,6,75,1500,True,R010,Hub North,Zone 2,197.1,646.7,1.29,2,58.8,3.36,1.14,35.42
V004,Van,Diesel,10,75,1500,True,R017,Hub North,Zone 2,141.4,1061.3,1.39,3,54.8,4.77,1.17,27.49
V011,Van,Diesel,6,75,1500,True,R015,Central Hub,Zone 3,164.3,785.2,1.67,2,44.7,1.4,1.05,25.07
V036,Van,Diesel,6,75,1500,True,R006,Depot C,Zone 1,146.2,1001.7,1.73,2,41.3,5.21,1.09,30.8
V016,Van,Petrol,6,75,1500,True,R016,Central Hub,Industrial Park,24.2,422.6,1.73,1,25.6,1.39,1.08,5.05
V042,Bus,Hybrid,4,280,6000,True,R025,Hub North,Zone 1,68.1,2629.2,1.25,2,44.2,-3.21,1.35,18.18
V025,Truck,Diesel,11,220,8000,True,R022,Central Hub,Metro Area,263.6,4332.5,1.05,2,72.7,-2.78,1.02,82.77
V036,Van,Diesel,6,75,1500,True,R025,Hub North,Zone 1,69.0,880.0,1.72,2,32.0,-2.99,1.03,9.74
V029,Van,Diesel,12,75,1500,True,R020,Central Hub,Port Terminal,198.8,387.7,1.17,2,66.6,0.04,1.03,22.37
V022,Truck,Diesel,10,220,8000,True,R027,Depot C,Zone 1,67.9,6292.2,1.44,2,40.4,-1.17,1.06,28.13
V021,Van,Diesel,10,75,1500,True,R008,Depot B,Metro Area,127.4,265.0,1.48,2,52.5,-3.28,1.01,14.63
V042,Bus,Hybrid,4,280,6000,True,R002,Hub North,Metro Area,102.4,1101.3,1.49,3,53.5,1.95,1.04,31.16
V031,Light Commercial,Diesel,6,100,3500,True,R004,Depot C,Zone 3,268.2,1092.9,1.28,3,59.4,2.12,1.2,55.64
V036,Van,Diesel,6,75,1500,True,R030,Central Hub,Industrial Park,311.3,984.2,1.95,2,34.7,2.85,1.08,60.62
V035,Van,Petrol,9,75,1500,True,R020,Central Hub,Port Terminal,199.4,248.3,1.25,2,58.9,0.38,1.0,26.78
V013,Truck,Hybrid,5,220,8000,True,R008,Depot B,Metro Area,128.2,852.5,1.39,2,56.3,-3.31,1.03,26.54
V055,Van,CNG,6,75,1500,True,R026,Central Hub,Zone 4,110.7,752.0,1.54,3,51.4,-0.1,1.18,18.41
V034,Van,Diesel,10,75,1500,True,R010,Hub North,Zone 2,196.1,592.0,1.35,2,61.4,3.59,1.07,31.43
V044,Van,CNG,4,75,1500,True,R018,Hub North,Port Terminal,159.1,349.9,1.0,1,73.2,3.33,1.01,23.5
V053,Van,CNG,12,75,1500,True,R008,Depot B,Metro Area,126.1,986.3,1.83,2,41.9,-2.61,1.16,22.9
V056,Semi-Trailer,Diesel,6,450,26000,True,R003,Depot B,Zone 1,293.1,16775.6,1.09,2,68.3,-2.42,1.0,120.82
V041,Bus,Petrol,6,280,6000,True,R009,Depot A,Industrial Park,88.7,1221.7,1.71,1,35.8,-3.19,1.04,38.06
V048,Light Commercial,Petrol,9,100,3500,True,R007,Central Hub,Industrial Park,289.9,1033.7,1.34,3,57.3,0.69,1.12,63.35
V029,Van,Diesel,12,75,1500,True,R017,Hub North,Zone 2,143.6,615.3,1.41,3,54.8,3.76,1.09,25.63
V045,Light Commercial,Diesel,9,100,3500,True,R001,Depot B,Port Terminal,287.0,3295.4,1.51,1,49.5,-2.33,1.01,60.28
V020,Truck,Diesel,4,220,8000,True,R008,Depot B,Metro Area,131.3,6026.4,1.47,2,50.1,-2.66,1.12,46.89
V043,Truck,Diesel,9,220,8000,True,R018,Hub North,Port Terminal,155.6,3092.7,1.26,1,53.6,2.58,1.11,64.6
V006,Semi-Trailer,Diesel,8,450,26000,True,R012,Depot A,Zone 2,55.6,23936.2,1.0,2,45.0,2.65,1.07,33.88
V055,Van,CNG,6,75,1500,True,R020,Central Hub,Port Terminal,199.6,730.0,1.42,2,53.7,0.04,1.2,31.47
V015,Van,Diesel,9,75,1500,True,R020,Central Hub,Port Terminal,197.6,634.9,1.19,2,63.0,0.28,1.0,24.6
V040,Van,CNG,2,75,1500,True,R029,Depot A,Port Terminal,31.8,1354.0,1.05,3,48.4,4.27,1.07,6.87
V001,Semi-Trailer,Diesel,6,450,26000,True,R026,Central Hub,Zone 4,111.2,18869.5,1.69,3,48.0,0.48,1.11,65.17
V010,Semi-Trailer,Diesel,12,450,26000,True,R007,Central Hub,Industrial Park,288.5,14707.4,1.75,3,43.3,0.57,1.02,181.49
V060,Light Commercial,Diesel,7,100,3500,True,R021,Depot A,Metro Area,276.8,2137.1,1.25,1,58.7,0.01,1.01,54.47
V051,Light Commercial,Diesel,8,100,3500,True,R019,Depot B,Port Terminal,258.5,3244.1,1.35,2,54.8,-1.37,1.07,55.95
V014,Light Commercial,Diesel,4,100,3500,True,R018,Hub North,Port Terminal,157.0,804.9,1.0,1,76.0,2.52,1.01,28.54
V008,Semi-Trailer,Diesel,1,450,26000,True,R024,Depot C,Zone 2,103.5,10271.5,1.0,1,73.5,-1.58,1.13,38.96
V049,Truck,Diesel,8,220,8000,True,R005,Hub North,Zone 3,172.0,3662.9,1.78,1,46.5,-1.75,1.01,67.39
V060,Light Commercial,Diesel,7,100,3500,True,R012,Depot A,Zone 2,57.1,3279.5,1.43,2,35.0,2.01,1.16,16.87
V011,Van,Diesel,6,75,1500,True,R025,Hub North,Zone 1,69.1,257.3,1.57,2,32.8,-3.16,1.01,8.54
V040,Van,CNG,2,75,1500,True,R027,Depot C,Zone 1,70.2,292.4,1.39,2,32.8,-1.79,1.03,10.24
V018,Light Commercial,Hybrid,9,100,3500,True,R002,Hub North,Metro Area,102.0,1645.2,1.49,3,54.5,2.65,1.23,19.2
V045,Light Commercial,Diesel,9,100,3500,True,R015,Central Hub,Zone 3,165.2,853.5,1.78,2,47.9,1.62,1.11,39.08
V026,Semi-Trailer,Diesel,7,450,26000,True,R008,Depot B,Metro Area,129.7,17734.7,1.68,2,39.2,-2.86,1.11,68.42
V008,Semi-Trailer,Diesel,1,450,26000,True,R006,Depot C,Zone 1,144.3,10571.0,1.65,2,47.0,4.17,1.02,91.93
V020,Truck,Diesel,4,220,8000,True,R002,Hub North,Metro Area,99.3,6554.2,1.69,3,29.2,1.8,1.08,54.46
V033,Truck,Diesel,6,220,8000,True,R017,Hub North,Zone 2,144.9,5890.6,1.62,3,47.4,4.19,1.04,82.22
V048,Light Commercial,Petrol,9,100,3500,True,R021,Depot A,Metro Area,277.7,1750.7,1.33,1,58.1,-0.32,1.09,62.04
V002,Truck,Diesel,11,220,8000,True,R016,Central Hub,Industrial Park,23.9,6545.9,1.54,1,23.6,0.77,1.04,13.48
V058,Truck,Diesel,12,220,8000,True,R012,Depot A,Zone 2,56.3,1485.6,1.31,2,41.1,2.16,1.07,23.07
V039,Truck,Diesel,12,220,8000,True,R024,Depot C,Zone 2,100.7,4751.5,1.1,1,72.5,-1.86,1.2,35.65
V053,Van,CNG,12,75,1500,True,R020,Central Hub,Port Terminal,195.9,921.5,1.3,2,62.7,-0.19,1.02,30.99
V056,Semi-Trailer,Diesel,6,450,26000,True,R028,Central Hub,Zone 4,29.1,8037.1,1.69,1,25.9,-0.49,1.35,17.66
V010,Semi-Trailer,Diesel,12,450,26000,True,R011,Central Hub,Port Terminal,314.5,3696.6,1.0,1,74.6,0.37,1.16,142.45
V006,Semi-Trailer,Diesel,8,450,26000,True,R008,Depot B,Metro Area,127.7,14427.9,1.39,2,51.6,-2.94,1.02,58.84
V047,Semi-Trailer,Diesel,6,450,26000,True,R014,Depot A,Metro Area,53.8,13952.3,1.66,2,22.5,-2.88,1.08,30.64
V012,Van,Petrol,1,75,1500,True,R016,Central Hub,Industrial Park,21.1,983.4,1.62,1,28.4,0.32,1.01,3.85
V009,Semi-Trailer,Diesel,1,450,26000,True,R014,Depot A,Metro Area,56.8,7305.7,1.98,2,20.9,-2.79,1.35,32.87
V029,Van,Diesel,12,75,1500,True,R025,Hub North,Zone 1,67.9,379.0,1.42,2,36.5,-2.71,1.03,8.4
V055,Van,CNG,6,75,1500,True,R002,Hub North,Metro Area,99.9,1396.8,1.9,3,19.8,1.61,1.02,26.99
V048,Light Commercial,Petrol,9,100,3500,True,R016,Central Hub,Industrial Park,24.7,688.2,1.56,1,28.0,0.8,1.05,6.61
V032,Truck,Diesel,8,220,8000,True,R013,Central Hub,Metro Area,193.1,7596.0,1.67,2,42.8,-2.05,1.1,76.93
V012,Van,Petrol,1,75,1500,True,R007,Central Hub,Industrial Park,286.1,1068.0,1.17,3,67.0,1.15,1.09,45.04
V021,Van,Diesel,10,75,1500,True,R020,Central Hub,Port Terminal,197.1,952.4,1.64,2,56.8,-0.57,1.0,29.0
V042,Bus,Hybrid,4,280,6000,True,R025,Hub North,Zone 1,70.0,2332.9,1.5,2,34.6,-2.96,1.1,21.17
V010,Semi-Trailer,Diesel,12,450,26000,True,R017,Hub North,Zone 2,142.8,21778.4,1.33,3,52.3,4.2,1.04,107.51
V032,Truck,Diesel,8,220,8000,True,R003,Depot B,Zone 1,292.1,6988.4,1.45,2,49.1,-1.63,1.17,115.39
V001,Semi-Trailer,Diesel,6,450,26000,True,R003,Depot B,Zone 1,291.7,18553.6,1.14,2,68.5,-1.56,1.04,134.51
V020,Truck,Diesel,4,220,8000,True,R013,Central Hub,Metro Area,190.5,5627.2,1.81,2,36.1,-1.88,1.01,77.86
V015,Van,Diesel,9,75,1500,True,R021,Depot A,Metro Area,277.7,778.8,1.5,1,54.3,0.45,1.04,37.91
V041,Bus,Petrol,6,280,6000,True,R010,Hub North,Zone 2,194.7,997.0,1.3,2,58.7,3.49,1.04,98.95
V055,Van,CNG,6,75,1500,True,R010,Hub North,Zone 2,196.2,1423.8,1.36,2,54.8,4.2,1.13,45.86
V009,Semi-Trailer,Diesel,1,450,26000,True,R026,Central Hub,Zone 4,110.6,2943.8,1.76,3,35.9,0.56,1.05,55.32
V048,Light Commercial,Petrol,9,100,3500,True,R001,Depot B,Port Terminal,287.6,1823.8,1.6,1,50.6,-3.06,1.14,61.03
V040,Van,CNG,2,75,1500,True,R003,Depot B,Zone 1,296.9,618.1,1.07,2,66.7,-1.4,1.02,35.9
V059,Light Commercial,Diesel,7,100,3500,True,R005,Hub North,Zone 3,171.7,2659.0,1.8,1,42.4,-1.29,1.01,40.27
V055,Van,CNG,6,75,1500,True,R030,Central Hub,Industrial Park,313.5,1088.1,1.69,2,43.8,2.93,1.08,71.18
V007,Van,Petrol,11,75,1500,True,R015,Central Hub,Zone 3,164.8,950.8,1.75,2,36.5,1.7,1.05,39.8
V045,Light Commercial,Diesel,9,100,3500,True,R005,Hub North,Zone 3,171.7,572.3,1.88,1,39.1,-2.3,1.03,33.83
V036,Van,Diesel,6,75,1500,True,R010,Hub North,Zone 2,198.4,452.0,1.29,2,53.5,2.72,1.01,28.75
V007,Van,Petrol,11,75,1500,True,R030,Central Hub,Industrial Park,314.2,270.1,1.79,2,39.2,3.58,1.03,64.99
V016,Van,Petrol,6,75,1500,True,R021,Depot A,Metro Area,279.8,1398.2,1.35,1,57.5,-0.1,1.2,48.24
V056,Semi-Trailer,Diesel,6,450,26000,True,R007,Central Hub,Industrial Park,291.6,5424.0,1.6,3,49.7,1.04,1.23,151.69
V033,Truck,Diesel,6,220,8000,True,R008,Depot B,Metro Area,130.4,7376.9,1.81,2,41.4,-3.38,1.09,53.77
V021,Van,Diesel,10,75,1500,True,R003,Depot B,Zone 1,292.8,293.7,1.05,2,68.0,-2.08,1.01,30.88
V020,Truck,Diesel,4,220,8000,True,R024,Depot C,Zone 2,102.4,6663.2,1.21,1,59.5,-2.0,1.04,33.69
V051,Light Commercial,Diesel,8,100,3500,True,R005,Hub North,Zone 3,170.9,2059.5,2.01,1,34.6,-1.49,1.04,40.49
V018,Light Commercial,Hybrid,9,100,3500,True,R009,Depot A,Industrial Park,89.2,2824.4,1.57,1,23.3,-2.3,1.17,16.63
V010,Semi-Trailer,Diesel,12,450,26000,True,R011,Central Hub,Port Terminal,309.3,16612.2,1.47,1,51.2,0.5,1.13,182.43
V035,Van,Petrol,9,75,1500,True,R019,Depot B,Port Terminal,256.3,1130.3,1.35,2,48.7,-1.72,1.06,40.59
V060,Light Commercial,Diesel,7,100,3500,True,R019,Depot B,Port Terminal,258.5,2524.2,1.61,2,47.0,-1.91,1.1,54.59
V011,Van,Diesel,6,75,1500,True,R024,Depot C,Zone 2,103.3,481.7,1.14,1,59.9,-2.75,1.01,9.91
V016,Van,Petrol,6,75,1500,True,R009,Depot A,Industrial Park,89.3,1342.2,1.7,1,24.5,-1.96,1.0,19.23
V029,Van,Diesel,12,75,1500,True,R012,Depot A,Zone 2,56.5,970.6,1.0,2,52.7,2.55,1.05,9.13
V012,Van,Petrol,1,75,1500,True,R012,Depot A,Zone 2,55.8,407.7,1.29,2,39.0,1.5,1.02,8.65
V040,Van,CNG,2,75,1500,True,R002,Hub North,Metro Area,101.1,540.2,1.44,3,44.7,1.34,1.21,16.24
V016,Van,Petrol,6,75,1500,True,R023,Depot B,Zone 2,265.7,829.6,1.0,3,72.8,-1.16,1.03,36.14
V008,Semi-Trailer,Diesel,1,450,26000,True,R017,Hub North,Zone 2,144.0,22088.4,1.7,3,45.1,4.37,1.0,112.02
V016,Van,Petrol,6,75,1500,True,R015,Central Hub,Zone 3,165.5,1165.9,2.08,2,33.6,1.73,1.12,40.85
V056,Semi-Trailer,Diesel,6,450,26000,True,R030,Central Hub,Industrial Park,313.7,9275.3,1.57,2,46.4,3.12,1.02,201.24
V057,Light Commercial,Diesel,6,100,3500,True,R006,Depot C,Zone 1,147.5,2398.2,1.91,2,40.2,4.42,1.02,47.74
V031,Light Commercial,Diesel,6,100,3500,True,R030,Central Hub,Industrial Park,316.2,354.9,1.79,2,42.1,2.87,1.03,73.99
V025,Truck,Diesel,11,220,8000,True,R021,Depot A,Metro Area,279.6,3062.0,1.24,1,56.7,1.1,1.01,105.24
V050,Light Commercial,Diesel,2,100,3500,True,R007,Central Hub,Industrial Park,287.6,2847.8,1.5,3,50.1,0.44,1.03,59.51
V012,Van,Petrol,1,75,1500,True,R021,Depot A,Metro Area,280.3,342.8,1.23,1,60.1,0.79,1.13,35.81
V040,Van,CNG,2,75,1500,True,R023,Depot B,Zone 2,266.4,600.6,1.25,3,67.0,-0.44,1.06,36.22
V041,Bus,Petrol,6,280,6000,True,R011,Central Hub,Port Terminal,310.2,605.3,1.0,1,74.6,0.71,1.0,120.41
V043,Truck,Diesel,9,220,8000,True,R011,Central Hub,Port Terminal,312.0,957.3,1.0,1,75.5,-0.26,1.07,87.77
V014,Light Commercial,Diesel,4,100,3500,True,R026,Central Hub,Zone 4,111.9,784.4,1.93,3,40.0,0.55,1.0,24.2
V043,Truck,Diesel,9,220,8000,True,R005,Hub North,Zone 3,174.9,1492.7,1.88,1,38.5,-1.66,1.07,64.36
V037,Van,Petrol,6,75,1500,True,R001,Depot B,Port Terminal,289.5,774.4,1.47,1,48.2,-2.37,1.05,40.77
V053,Van,CNG,12,75,1500,True,R020,Central Hub,Port Terminal,198.0,1297.5,1.64,2,47.7,-0.63,1.0,37.59
V011,Van,Diesel,6,75,1500,True,R028,Central Hub,Zone 4,31.1,257.9,1.75,1,30.4,-0.21,1.08,4.7
V037,Van,Petrol,6,75,1500,True,R016,Central Hub,Industrial Park,23.1,1259.0,1.63,1,39.1,1.33,1.06,4.8
V050,Light Commercial,Diesel,2,100,3500,True,R005,Hub North,Zone 3,174.1,2337.8,1.58,1,50.4,-0.98,1.02,34.08
V017,Light Commercial,Hybrid,8,100,3500,True,R017,Hub North,Zone 2,142.0,852.5,1.51,3,52.6,4.08,1.11,25.94
V045,Light Commercial,Diesel,9,100,3500,True,R008,Depot B,Metro Area,129.3,1212.0,1.53,2,52.0,-3.16,1.2,21.75
V006,Semi-Trailer,Diesel,8,450,26000,True,R025,Hub North,Zone 1,68.2,6891.5,1.53,2,29.8,-2.93,1.05,33.53
V044,Van,CNG,4,75,1500,True,R019,Depot B,Port Terminal,258.1,1156.4,1.33,2,51.4,-0.94,1.02,40.77
V037,Van,Petrol,6,75,1500,True,R011,Central Hub,Port Terminal,310.1,1074.5,1.0,1,71.0,0.54,1.08,46.53
V012,Van,Petrol,1,75,1500,True,R019,Depot B,Port Terminal,258.9,538.1,1.13,2,69.1,-1.46,1.09,31.35
V004,Van,Diesel,10,75,1500,True,R021,Depot A,Metro Area,280.2,219.3,1.28,1,64.5,0.04,1.03,32.93
V045,Light Commercial,Diesel,9,100,3500,True,R021,Depot A,Metro Area,281.5,852.0,1.0,1,77.9,-0.07,1.04,50.07
V015,Van,Diesel,9,75,1500,True,R011,Central Hub,Port Terminal,311.4,953.1,1.12,1,66.2,0.77,1.17,41.13
V030,Van,Diesel,11,75,1500,True,R018,Hub North,Port Terminal,157.0,265.2,1.16,1,71.1,2.74,1.14,22.13
V004,Van,Diesel,10,75,1500,True,R002,Hub North,Metro Area,102.0,834.0,1.52,3,47.5,1.94,1.07,17.21
V058,Truck,Diesel,12,220,8000,True,R013,Central Hub,Metro Area,191.0,4967.9,1.53,2,44.5,-1.7,1.04,75.39
V033,Truck,Diesel,6,220,8000,True,R012,Depot A,Zone 2,56.8,5476.7,1.14,2,44.9,2.06,1.08,23.85
V056,Semi-Trailer,Diesel,6,450,26000,True,R017,Hub North,Zone 2,144.4,5370.4,1.41,3,58.5,4.45,1.03,86.02
V010,Semi-Trailer,Diesel,12,450,26000,True,R029,Depot A,Port Terminal,32.7,12759.5,1.16,3,39.8,3.56,1.18,22.42
V013,Truck,Hybrid,5,220,8000,True,R029,Depot A,Port Terminal,31.4,3951.1,1.0,3,43.2,3.53,1.04,10.05
V037,Van,Petrol,6,75,1500,True,R015,Central Hub,Zone 3,163.3,1215.0,1.79,2,41.9,1.78,1.04,33.58
V037,Van,Petrol,6,75,1500,True,R020,Central Hub,Port Terminal,199.1,747.6,1.3,2,60.9,-0.21,1.12,28.45
V048,Light Commercial,Petrol,9,100,3500,True,R004,Depot C,Zone 3,268.7,1560.2,1.3,3,45.9,2.76,1.02,72.3
V056,Semi-Trailer,Diesel,6,450,26000,True,R015,Central Hub,Zone 3,163.2,5328.5,2.06,2,40.4,1.9,1.03,105.18
V050,Light Commercial,Diesel,2,100,3500,True,R021,Depot A,Metro Area,281.6,2416.0,1.28,1,53.1,0.49,1.01,53.71
V009,Semi-Trailer,Diesel,1,450,26000,True,R021,Depot A,Metro Area,280.5,16297.3,1.33,1,59.5,0.61,1.03,134.73
V019,Semi-Trailer,Diesel,11,450,26000,True,R029,Depot A,Port Terminal,29.5,18444.6,1.04,3,40.3,4.46,1.02,19.82
V055,Van,CNG,6,75,1500,True,R014,Depot A,Metro Area,57.8,986.8,1.82,2,21.5,-3.04,1.01,10.91
V033,Truck,Diesel,6,220,8000,True,R028,Central Hub,Zone 4,30.1,6751.9,1.43,1,37.5,-0.98,1.02,12.29
V053,Van,CNG,12,75,1500,True,R030,Central Hub,Industrial Park,312.2,1268.6,1.67,2,49.7,2.8,1.02,74.15
V034,Van,Diesel,10,75,1500,True,R018,Hub North,Port Terminal,156.4,542.3,1.16,1,64.8,2.81,1.01,21.93
V003,Bus,Hybrid,9,280,6000,True,R003,Depot B,Zone 1,296.6,1530.3,1.0,2,84.2,-1.76,1.0,74.2
V029,Van,Diesel,12,75,1500,True,R012,Depot A,Zone 2,57.9,1331.3,1.09,2,41.8,1.7,1.03,9.32
V050,Light Commercial,Diesel,2,100,3500,True,R023,Depot B,Zone 2,268.0,2471.3,1.1,3,64.2,-1.14,1.24,46.64
V040,Van,CNG,2,75,1500,True,R018,Hub North,Port Terminal,159.6,1388.0,1.0,1,73.8,2.97,1.03,28.85
V008,Semi-Trailer,Diesel,1,450,26000,True,R029,Depot A,Port Terminal,32.6,13582.7,1.16,3,41.9,3.37,1.07,18.13
V013,Truck,Hybrid,5,220,8000,True,R025,Hub North,Zone 1,69.1,7343.3,1.47,2,35.3,-2.13,1.0,22.27
V052,Van,Petrol,2,75,1500,True,R002,Hub North,Metro Area,101.3,306.5,1.85,3,37.5,1.79,1.0,17.09
V059,Light Commercial,Diesel,7,100,3500,True,R026,Central Hub,Zone 4,112.8,2106.3,2.15,3,37.1,0.96,1.03,31.12
V046,Truck,Diesel,4,220,8000,True,R011,Central Hub,Port Terminal,312.5,4177.8,1.08,1,71.3,0.28,1.13,106.27
V006,Semi-Trailer,Diesel,8,450,26000,True,R025,Hub North,Zone 1,67.2,2658.5,1.56,2,38.4,-2.84,1.03,27.59
V038,Light Commercial,Diesel,6,100,3500,True,R016,Central Hub,Industrial Park,23.7,923.9,1.72,1,27.2,0.98,1.03,6.01
V050,Light Commercial,Diesel,2,100,3500,True,R014,Depot A,Metro Area,57.2,806.6,1.75,2,29.9,-2.17,1.29,11.27
V039,Truck,Diesel,12,220,8000,True,R003,Depot B,Zone 1,294.1,1213.5,1.0,2,77.4,-1.74,1.05,83.46
V036,Van,Diesel,6,75,1500,True,R004,Depot C,Zone 3,267.6,1358.9,1.56,3,48.0,3.59,1.24,56.22
V029,Van,Diesel,12,75,1500,True,R018,Hub North,Port Terminal,158.3,1380.8,1.16,1,63.6,2.18,1.04,25.91
V015,Van,Diesel,9,75,1500,True,R018,Hub North,Port Terminal,156.6,1287.0,1.11,1,59.4,3.16,1.19,28.05
V017,Light Commercial,Hybrid,8,100,3500,True,R017,Hub North,Zone 2,140.8,3291.9,1.75,3,43.3,4.28,1.04,34.99
V045,Light Commercial,Diesel,9,100,3500,True,R005,Hub North,Zone 3,173.8,2821.2,1.92,1,41.5,-1.86,1.02,41.97
V005,Light Commercial,CNG,10,100,3500,True,R016,Central Hub,Industrial Park,21.9,3123.2,1.55,1,32.0,1.72,1.07,7.6
V006,Semi-Trailer,Diesel,8,450,26000,True,R002,Hub North,Metro Area,100.8,6967.6,1.48,3,47.4,2.52,1.22,60.94
V024,Van,Diesel,7,75,1500,True,R005,Hub North,Zone 3,171.2,477.5,1.73,1,36.7,-2.28,1.1,23.19
V047,Semi-Trailer,Diesel,6,450,26000,True,R015,Central Hub,Zone 3,165.9,21651.7,1.99,2,39.5,1.87,1.07,124.36
V040,Van,CNG,2,75,1500,True,R019,Depot B,Port Terminal,259.3,761.3,1.57,2,47.8,-1.36,1.04,37.09
V036,Van,Diesel,6,75,1500,True,R020,Central Hub,Port Terminal,198.5,1064.1,1.32,2,62.3,-0.02,1.02,24.95
V033,Truck,Diesel,6,220,8000,True,R030,Central Hub,Industrial Park,312.0,4621.0,1.93,2,33.0,3.53,1.22,198.7
V007,Van,Petrol,11,75,1500,True,R026,Central Hub,Zone 4,111.5,539.7,1.73,3,41.6,1.06,1.2,22.7
V020,Truck,Diesel,4,220,8000,True,R012,Depot A,Zone 2,56.1,2736.9,1.3,2,33.2,2.03,1.08,23.99
V005,Light Commercial,CNG,10,100,3500,True,R024,Depot C,Zone 2,102.1,2575.8,1.17,1,68.0,-1.36,1.07,20.47
V046,Truck,Diesel,4,220,8000,True,R003,Depot B,Zone 1,294.6,4418.2,1.37,2,59.7,-1.29,1.06,95.35
V046,Truck,Diesel,4,220,8000,True,R026,Central Hub,Zone 4,112.3,3243.8,1.86,3,47.9,0.4,1.3,45.71
V016,Van,Petrol,6,75,1500,True,R012,Depot A,Zone 2,56.3,936.7,1.16,2,45.3,1.7,1.12,9.64
V018,Light Commercial,Hybrid,9,100,3500,True,R023,Depot B,Zone 2,266.4,1599.3,1.14,3,68.8,-0.52,1.15,34.77
V020,Truck,Diesel,4,220,8000,True,R030,Central Hub,Industrial Park,314.5,4030.5,1.67,2,46.7,2.6,1.3,153.23
V054,Light Commercial,Petrol,7,100,3500,True,R022,Central Hub,Metro Area,262.6,2366.8,1.0,2,77.3,-2.82,1.0,49.89
V030,Van,Diesel,11,75,1500,True,R028,Central Hub,Zone 4,33.8,733.9,1.26,1,39.7,-0.61,1.23,5.02
V046,Truck,Diesel,4,220,8000,True,R001,Depot B,Port Terminal,287.9,7259.6,1.54,1,51.3,-2.24,1.17,108.46
V027,Truck,Diesel,10,220,8000,True,R006,Depot C,Zone 1,148.0,4099.3,1.68,2,53.2,4.36,1.03,79.65
V042,Bus,Hybrid,4,280,6000,True,R019,Depot B,Port Terminal,258.8,5505.3,1.39,2,54.8,-2.17,1.01,79.21
V032,Truck,Diesel,8,220,8000,True,R017,Hub North,Zone 2,142.2,6564.3,1.52,3,49.5,4.69,1.24,85.89
V017,Light Commercial,Hybrid,8,100,3500,True,R004,Depot C,Zone 3,268.1,3000.5,1.31,3,58.1,2.81,1.05,49.08
V053,Van,CNG,12,75,1500,True,R022,Central Hub,Metro Area,264.1,1123.2,1.1,2,67.5,-1.85,1.01,39.8
V043,Truck,Diesel,9,220,8000,True,R002,Hub North,Metro Area,99.4,4910.8,1.89,3,27.4,1.9,1.01,58.24
V047,Semi-Trailer,Diesel,6,450,26000,True,R030,Central Hub,Industrial Park,314.5,14372.0,1.77,2,41.7,3.43,1.04,229.4
V057,Light Commercial,Diesel,6,100,3500,True,R005,Hub North,Zone 3,169.6,1991.2,2.12,1,40.0,-1.2,1.19,41.47
V015,Van,Diesel,9,75,1500,True,R014,Depot A,Metro Area,57.6,406.9,1.72,2,33.2,-1.98,1.0,8.44
V006,Semi-Trailer,Diesel,8,450,26000,True,R025,Hub North,Zone 1,69.5,7338.1,1.64,2,39.2,-2.84,1.24,32.96
V035,Van,Petrol,9,75,1500,True,R016,Central Hub,Industrial Park,23.6,193.6,1.5,1,33.2,1.03,1.03,3.96
V020,Truck,Diesel,4,220,8000,True,R023,Depot B,Zone 2,263.9,5869.8,1.09,3,70.2,-0.58,1.09,86.24
V027,Truck,Diesel,10,220,8000,True,R022,Central Hub,Metro Area,262.9,1649.1,1.42,2,53.7,-1.67,1.04,83.76
V015,Van,Diesel,9,75,1500,True,R029,Depot A,Port Terminal,32.9,892.2,1.01,3,50.1,3.79,1.05,5.37
V024,Van,Diesel,7,75,1500,True,R014,Depot A,Metro Area,61.2,325.9,1.46,2,38.9,-2.19,1.08,7.27
V024,Van,Diesel,7,75,1500,True,R030,Central Hub,Industrial Park,315.6,234.8,1.56,2,41.5,2.92,1.15,52.31
V022,Truck,Diesel,10,220,8000,True,R016,Central Hub,Industrial Park,24.2,4428.4,1.26,1,41.6,1.14,1.05,10.25
V045,Light Commercial,Diesel,9,100,3500,True,R027,Depot C,Zone 1,71.2,2947.5,1.11,2,53.1,-1.59,1.04,13.61
V036,Van,Diesel,6,75,1500,True,R022,Central Hub,Metro Area,262.8,603.9,1.0,2,80.5,-3.52,1.18,25.38
V029,Van,Diesel,12,75,1500,True,R004,Depot C,Zone 3,269.6,1322.0,1.31,3,62.5,2.89,1.27,52.66
V007,Van,Petrol,11,75,1500,True,R020,Central Hub,Port Terminal,197.2,163.1,1.04,2,75.3,0.2,1.11,25.78
V035,Van,Petrol,9,75,1500,True,R027,Depot C,Zone 1,68.6,743.8,1.43,2,32.6,-1.92,1.13,11.99
V011,Van,Diesel,6,75,1500,True,R004,Depot C,Zone 3,266.2,337.1,1.02,3,70.6,3.34,1.05,34.58
V019,Semi-Trailer,Diesel,11,450,26000,True,R026,Central Hub,Zone 4,113.5,9578.7,1.73,3,40.4,0.61,1.01,69.53
V025,Truck,Diesel,11,220,8000,True,R004,Depot C,Zone 3,268.0,961.4,1.25,3,55.4,2.89,1.0,102.66
V009,Semi-Trailer,Diesel,1,450,26000,True,R027,Depot C,Zone 1,70.6,3381.2,1.37,2,40.2,-1.25,1.15,31.39
V024,Van,Diesel,7,75,1500,True,R024,Depot C,Zone 2,101.8,1058.8,1.19,1,68.8,-2.0,1.01,12.46
V017,Light Commercial,Hybrid,8,100,3500,True,R005,Hub North,Zone 3,170.4,2297.3,1.98,1,39.7,-1.28,1.09,31.64
V051,Light Commercial,Diesel,8,100,3500,True,R022,Central Hub,Metro Area,263.1,969.8,1.05,2,74.9,-2.25,1.0,39.07
V052,Van,Petrol,2,75,1500,True,R004,Depot C,Zone 3,267.2,1299.0,1.23,3,62.1,3.05,1.01,51.88
V001,Semi-Trailer,Diesel,6,450,26000,True,R018,Hub North,Port Terminal,155.5,17804.3,1.12,1,69.1,2.12,1.05,90.21
V037,Van,Petrol,6,75,1500,True,R028,Central Hub,Zone 4,29.2,578.6,1.62,1,22.3,-0.66,1.17,5.52
V039,Truck,Diesel,12,220,8000,True,R007,Central Hub,Industrial Park,285.9,3572.0,1.42,3,53.9,-0.07,1.07,108.98
V023,Semi-Trailer,Diesel,7,450,26000,True,R006,Depot C,Zone 1,148.6,9065.5,1.81,2,39.8,4.7,1.19,118.06
V029,Van,Diesel,12,75,1500,True,R013,Central Hub,Metro Area,193.2,1209.0,1.72,2,43.3,-1.54,1.09,29.39
V048,Light Commercial,Petrol,9,100,3500,True,R012,Depot A,Zone 2,53.3,1819.5,1.14,2,44.6,2.3,1.0,14.49
V023,Semi-Trailer,Diesel,7,450,26000,True,R002,Hub North,Metro Area,100.4,5590.3,1.69,3,41.5,1.98,1.12,61.91
V004,Van,Diesel,10,75,1500,True,R014,Depot A,Metro Area,57.8,407.2,2.1,2,19.6,-2.12,1.0,9.83
V023,Semi-Trailer,Diesel,7,450,26000,True,R008,Depot B,Metro Area,127.5,9154.4,1.61,2,43.5,-3.37,1.28,55.73
V016,Van,Petrol,6,75,1500,True,R004,Depot C,Zone 3,268.7,664.0,1.25,3,54.4,2.93,1.13,47.67
V023,Semi-Trailer,Diesel,7,450,26000,True,R009,Depot A,Industrial Park,88.7,15697.3,1.64,1,25.8,-3.09,1.12,49.56
V014,Light Commercial,Diesel,4,100,3500,True,R001,Depot B,Port Terminal,289.9,3218.4,1.55,1,44.4,-2.52,1.05,57.41
V009,Semi-Trailer,Diesel,1,450,26000,True,R028,Central Hub,Zone 4,30.4,8388.6,1.15,1,37.7,0.14,1.14,14.1
V060,Light Commercial,Diesel,7,100,3500,True,R030,Central Hub,Industrial Park,313.2,1327.0,1.65,2,47.6,3.36,1.03,83.8
V008,Semi-Trailer,Diesel,1,450,26000,True,R012,Depot A,Zone 2,55.3,3129.3,1.28,2,35.4,2.18,1.19,28.78
V043,Truck,Diesel,9,220,8000,True,R027,Depot C,Zone 1,70.5,3333.4,1.17,2,35.2,-1.68,1.0,25.67
V044,Van,CNG,4,75,1500,True,R014,Depot A,Metro Area,54.9,1010.7,1.82,2,25.9,-2.91,1.11,10.63
V038,Light Commercial,Diesel,6,100,3500,True,R028,Central Hub,Zone 4,28.0,3215.1,1.79,1,23.5,-0.44,1.1,7.87
V055,Van,CNG,6,75,1500,True,R006,Depot C,Zone 1,149.6,1093.7,1.81,2,47.3,4.88,1.35,39.48
V001,Semi-Trailer,Diesel,6,450,26000,True,R009,Depot A,Industrial Park,90.1,5207.7,1.37,1,36.9,-2.36,1.07,41.04
V019,Semi-Trailer,Diesel,11,450,26000,True,R023,Depot B,Zone 2,264.9,22269.9,1.0,3,69.1,-1.65,1.02,122.29
V012,Van,Petrol,1,75,1500,True,R007,Central Hub,Industrial Park,287.0,1219.3,1.26,3,61.7,0.69,1.01,45.45
V035,Van,Petrol,9,75,1500,True,R025,Hub North,Zone 1,68.0,391.0,1.4,2,36.1,-3.84,1.05,9.09
V039,Truck,Diesel,12,220,8000,True,R013,Central Hub,Metro Area,190.5,7153.5,1.71,2,43.0,-1.58,1.15,89.87
V054,Light Commercial,Petrol,7,100,3500,True,R013,Central Hub,Metro Area,189.4,2474.4,1.65,2,51.9,-2.18,1.01,44.56
V023,Semi-Trailer,Diesel,7,450,26000,True,R014,Depot A,Metro Area,54.0,19900.3,1.96,2,21.5,-3.0,1.08,36.33
V015,Van,Diesel,9,75,1500,True,R024,Depot C,Zone 2,101.3,735.4,1.0,1,79.1,-1.94,1.14,11.71
V056,Semi-Trailer,Diesel,6,450,26000,True,R001,Depot B,Port Terminal,286.1,7035.1,1.46,1,49.8,-2.16,1.01,114.17
V041,Bus,Petrol,6,280,6000,True,R023,Depot B,Zone 2,266.8,4675.4,1.2,3,62.3,-0.93,1.0,116.61
V046,Truck,Diesel,4,220,8000,True,R024,Depot C,Zone 2,103.5,4046.6,1.19,1,60.0,-1.39,1.13,32.06
V027,Truck,Diesel,10,220,8000,True,R025,Hub North,Zone 1,69.6,7378.5,1.54,2,29.7,-2.82,1.02,32.45
V027,Truck,Diesel,10,220,8000,True,R030,Central Hub,Industrial Park,313.6,1842.7,1.31,2,55.6,2.66,1.15,122.55
V024,Van,Diesel,7,75,1500,True,R024,Depot C,Zone 2,99.0,603.1,1.15,1,35.8,-2.06,1.06,11.99
V045,Light Commercial,Diesel,9,100,3500,True,R016,Central Hub,Industrial Park,23.7,2538.3,1.54,1,33.9,0.83,1.07,6.33
V013,Truck,Hybrid,5,220,8000,True,R014,Depot A,Metro Area,55.2,4691.5,1.92,2,26.5,-2.0,1.04,19.72
V059,Light Commercial,Diesel,7,100,3500,True,R012,Depot A,Zone 2,55.8,1639.0,1.26,2,33.7,2.03,1.05,13.54
V011,Van,Diesel,6,75,1500,True,R025,Hub North,Zone 1,71.2,1044.6,1.56,2,34.8,-2.92,1.01,9.75
V028,Van,Diesel,4,75,1500,True,R012,Depot A,Zone 2,54.0,1085.0,1.2,2,47.6,1.34,1.04,7.73
V019,Semi-Trailer,Diesel,11,450,26000,True,R018,Hub North,Port Terminal,153.3,15358.3,1.26,1,56.7,2.8,1.04,96.71
V039,Truck,Diesel,12,220,8000,True,R003,Depot B,Zone 1,292.8,2969.9,1.25,2,56.7,-1.68,1.27,97.22
V041,Bus,Petrol,6,280,6000,True,R010,Hub North,Zone 2,198.5,3755.7,1.25,2,64.4,3.09,1.07,105.02
V056,Semi-Trailer,Diesel,6,450,26000,True,R008,Depot B,Metro Area,129.0,14649.9,1.97,2,39.6,-2.83,1.01,70.74
V048,Light Commercial,Petrol,9,100,3500,True,R014,Depot A,Metro Area,53.2,2723.0,1.7,2,28.9,-2.34,1.01,15.74
V015,Van,Diesel,9,75,1500,True,R016,Central Hub,Industrial Park,20.5,983.2,1.38,1,39.4,0.94,1.05,3.19
V013,Truck,Hybrid,5,220,8000,True,R022,Central Hub,Metro Area,263.6,4178.0,1.1,2,69.4,-3.22,1.0,60.22
V054,Light Commercial,Petrol,7,100,3500,True,R013,Central Hub,Metro Area,190.3,405.6,1.63,2,51.6,-2.01,1.03,37.77
V030,Van,Diesel,11,75,1500,True,R005,Hub North,Zone 3,172.9,362.8,1.43,1,52.4,-1.64,1.01,19.81
V006,Semi-Trailer,Diesel,8,450,26000,True,R017,Hub North,Zone 2,142.2,10038.7,1.43,3,54.1,4.31,1.08,89.98
V050,Light Commercial,Diesel,2,100,3500,True,R002,Hub North,Metro Area,99.9,2139.1,1.68,3,34.1,1.81,1.02,25.42
V039,Truck,Diesel,12,220,8000,True,R026,Central Hub,Zone 4,110.9,6188.0,1.74,3,33.3,0.38,1.26,60.08
V002,Truck,Diesel,11,220,8000,True,R024,Depot C,Zone 2,102.2,7327.7,1.02,1,77.8,-2.45,1.18,36.31
V047,Semi-Trailer,Diesel,6,450,26000,True,R007,Central Hub,Industrial Park,287.6,15855.7,1.31,3,55.4,0.68,1.22,156.91
V037,Van,Petrol,6,75,1500,True,R008,Depot B,Metro Area,129.3,1079.3,1.67,2,47.0,-2.35,1.12,21.46
V037,Van,Petrol,6,75,1500,True,R001,Depot B,Port Terminal,288.6,942.3,1.6,1,53.6,-2.27,1.0,40.9
V052,Van,Petrol,2,75,1500,True,R011,Central Hub,Port Terminal,311.3,698.6,1.07,1,68.6,1.08,1.1,41.81
V030,Van,Diesel,11,75,1500,True,R002,Hub North,Metro Area,99.3,927.3,1.76,3,26.6,2.23,1.05,21.84
V028,Van,Diesel,4,75,1500,True,R029,Depot A,Port Terminal,29.7,660.9,1.0,3,49.8,4.5,1.24,4.57
V038,Light Commercial,Diesel,6,100,3500,True,R005,Hub North,Zone 3,171.5,1699.6,1.72,1,37.7,-0.9,1.25,38.63
V012,Van,Petrol,1,75,1500,True,R020,Central Hub,Port Terminal,202.0,1311.5,1.6,2,55.5,0.43,1.04,35.05
V010,Semi-Trailer,Diesel,12,450,26000,True,R018,Hub North,Port Terminal,155.6,15061.3,1.0,1,74.8,2.32,1.11,90.39
V051,Light Commercial,Diesel,8,100,3500,True,R008,Depot B,Metro Area,128.4,648.7,1.55,2,54.9,-2.48,1.03,20.65
V013,Truck,Hybrid,5,220,8000,True,R025,Hub North,Zone 1,68.4,4361.6,1.33,2,36.2,-2.58,1.04,17.44
V031,Light Commercial,Diesel,6,100,3500,True,R004,Depot C,Zone 3,267.6,3185.9,1.18,3,63.9,3.53,1.02,67.75
V017,Light Commercial,Hybrid,8,100,3500,True,R027,Depot C,Zone 1,72.0,647.6,1.27,2,43.1,-1.92,1.04,8.77
V014,Light Commercial,Diesel,4,100,3500,True,R023,Depot B,Zone 2,266.0,3239.3,1.28,3,54.4,-0.76,1.0,53.07
V036,Van,Diesel,6,75,1500,True,R020,Central Hub,Port Terminal,198.5,1409.2,1.35,2,55.3,-0.17,1.18,28.8
V049,Truck,Diesel,8,220,8000,True,R027,Depot C,Zone 1,71.6,4612.8,1.2,2,45.2,-0.87,1.0,24.73
V027,Truck,Diesel,10,220,8000,True,R013,Central Hub,Metro Area,194.9,3060.6,1.5,2,49.0,-2.45,1.1,71.33
V009,Semi-Trailer,Diesel,1,450,26000,True,R009,Depot A,Industrial Park,90.6,2790.8,1.6,1,29.3,-2.83,1.11,40.59
V015,Van,Diesel,9,75,1500,True,R005,Hub North,Zone 3,171.9,169.8,1.57,1,52.3,-2.17,1.09,19.23
V010,Semi-Trailer,Diesel,12,450,26000,True,R028,Central Hub,Zone 4,29.9,11176.9,1.58,1,37.2,-0.45,1.3,17.87
V053,Van,CNG,12,75,1500,True,R013,Central Hub,Metro Area,192.3,1148.4,1.81,2,47.7,-0.99,1.0,37.71
V020,Truck,Diesel,4,220,8000,True,R025,Hub North,Zone 1,68.5,7208.1,1.51,2,30.3,-3.09,1.29,28.6
V023,Semi-Trailer,Diesel,7,450,26000,True,R010,Hub North,Zone 2,196.5,6020.6,1.28,2,56.5,3.54,1.04,116.21
V005,Light Commercial,CNG,10,100,3500,True,R029,Depot A,Port Terminal,32.2,1801.1,1.26,3,37.8,4.12,1.14,9.71
V027,Truck,Diesel,10,220,8000,True,R027,Depot C,Zone 1,70.7,4211.7,1.27,2,42.4,-1.66,1.09,24.54
V055,Van,CNG,6,75,1500,True,R010,Hub North,Zone 2,197.7,634.9,1.42,2,48.1,3.65,1.08,37.55
V025,Truck,Diesel,11,220,8000,True,R015,Central Hub,Zone 3,162.1,4471.7,1.66,2,40.7,1.96,1.05,81.61
V040,Van,CNG,2,75,1500,True,R024,Depot C,Zone 2,101.9,1329.4,1.09,1,66.1,-2.61,1.06,13.87
V011,Van,Diesel,6,75,1500,True,R007,Central Hub,Industrial Park,284.7,709.1,1.23,3,57.2,0.61,1.01,35.66
V009,Semi-Trailer,Diesel,1,450,26000,True,R001,Depot B,Port Terminal,287.4,5644.9,1.59,1,50.8,-2.08,1.1,120.51
V044,Van,CNG,4,75,1500,True,R009,Depot A,Industrial Park,87.7,998.4,1.49,1,36.7,-2.15,1.21,14.91
V004,Van,Diesel,10,75,1500,True,R018,Hub North,Port Terminal,158.0,190.0,1.28,1,56.8,3.3,1.01,22.37
V027,Truck,Diesel,10,220,8000,True,R005,Hub North,Zone 3,174.9,7192.8,1.88,1,39.0,-1.32,1.06,85.61
V020,Truck,Diesel,4,220,8000,True,R011,Central Hub,Port Terminal,312.3,7191.2,1.43,1,42.2,0.65,1.03,136.13
V001,Semi-Trailer,Diesel,6,450,26000,True,R028,Central Hub,Zone 4,32.2,4636.4,1.46,1,32.3,-0.21,1.11,16.25
V032,Truck,Diesel,8,220,8000,True,R003,Depot B,Zone 1,295.4,4546.0,1.0,2,80.0,-1.9,1.06,92.13
V058,Truck,Diesel,12,220,8000,True,R002,Hub North,Metro Area,102.5,6222.3,1.73,3,41.3,1.53,1.15,55.87
V005,Light Commercial,CNG,10,100,3500,True,R013,Central Hub,Metro Area,195.0,1732.1,1.84,2,36.3,-1.95,1.05,51.39
V049,Truck,Diesel,8,220,8000,True,R001,Depot B,Port Terminal,287.2,4055.6,1.38,1,59.7,-2.89,1.1,89.19
V033,Truck,Diesel,6,220,8000,True,R001,Depot B,Port Terminal,287.1,7397.4,1.19,1,58.5,-2.22,1.01,97.11
V044,Van,CNG,4,75,1500,True,R006,Depot C,Zone 1,148.7,443.9,1.49,2,56.7,4.86,1.05,29.45
V006,Semi-Trailer,Diesel,8,450,26000,True,R004,Depot C,Zone 3,268.1,14231.5,1.34,3,67.6,2.69,1.18,169.58
V053,Van,CNG,12,75,1500,True,R025,Hub North,Zone 1,68.6,296.6,1.75,2,28.1,-2.9,1.06,11.94
V001,Semi-Trailer,Diesel,6,450,26000,True,R004,Depot C,Zone 3,267.7,9283.9,1.1,3,72.9,2.72,1.05,134.98
V055,Van,CNG,6,75,1500,True,R016,Central Hub,Industrial Park,21.7,1234.9,1.52,1,26.2,0.53,1.07,4.64
V040,Van,CNG,2,75,1500,True,R022,Central Hub,Metro Area,266.5,1063.5,1.05,2,64.7,-1.84,1.03,35.71
V021,Van,Diesel,10,75,1500,True,R019,Depot B,Port Terminal,256.4,930.3,1.76,2,39.5,-2.04,1.1,38.65
V001,Semi-Trailer,Diesel,6,450,26000,True,R020,Central Hub,Port Terminal,199.9,5116.9,1.69,2,47.7,-0.71,1.08,91.88
V037,Van,Petrol,6,75,1500,True,R011,Central Hub,Port Terminal,312.2,1234.6,1.23,1,60.8,0.6,1.06,52.49
V006,Semi-Trailer,Diesel,8,450,26000,True,R027,Depot C,Zone 1,68.0,9188.2,1.38,2,35.4,-1.5,1.03,34.05
V037,Van,Petrol,6,75,1500,True,R003,Depot B,Zone 1,293.2,832.1,1.21,2,56.8,-1.39,1.01,38.44
V047,Semi-Trailer,Diesel,6,450,26000,True,R004,Depot C,Zone 3,267.1,7759.8,1.11,3,67.2,3.77,1.05,137.52
V017,Light Commercial,Hybrid,8,100,3500,True,R026,Central Hub,Zone 4,112.8,1899.2,1.85,3,37.9,0.23,1.05,19.41
V015,Van,Diesel,9,75,1500,True,R003,Depot B,Zone 1,293.8,866.7,1.0,2,71.3,-1.89,1.04,32.34
V014,Light Commercial,Diesel,4,100,3500,True,R006,Depot C,Zone 1,147.6,1362.9,1.73,2,39.2,5.08,1.06,44.24
V014,Light Commercial,Diesel,4,100,3500,True,R006,Depot C,Zone 1,145.5,1855.1,1.93,2,39.6,4.82,1.03,47.44
V007,Van,Petrol,11,75,1500,True,R001,Depot B,Port Terminal,291.8,667.7,1.5,1,47.0,-2.06,1.19,45.78
V015,Van,Diesel,9,75,1500,True,R004,Depot C,Zone 3,268.2,1039.3,1.47,3,51.2,2.73,1.28,46.63
V040,Van,CNG,2,75,1500,True,R018,Hub North,Port Terminal,158.3,843.5,1.25,1,52.7,3.23,1.08,28.63
V019,Semi-Trailer,Diesel,11,450,26000,True,R020,Central Hub,Port Terminal,198.1,22005.5,1.09,2,71.0,0.12,1.02,107.37
V047,Semi-Trailer,Diesel,6,450,26000,True,R003,Depot B,Zone 1,293.4,3697.1,1.0,2,76.0,-1.58,1.07,106.47
V050,Light Commercial,Diesel,2,100,3500,True,R029,Depot A,Port Terminal,33.7,429.3,1.3,3,37.4,3.67,1.05,7.72
V046,Truck,Diesel,4,220,8000,True,R003,Depot B,Zone 1,291.5,2082.1,1.26,2,60.2,-1.62,1.04,86.09
V033,Truck,Diesel,6,220,8000,True,R021,Depot A,Metro Area,280.0,1606.3,1.29,1,61.9,0.79,1.04,94.68
V019,Semi-Trailer,Diesel,11,450,26000,True,R025,Hub North,Zone 1,66.5,14222.3,1.58,2,25.9,-3.51,1.06,38.25
V056,Semi-Trailer,Diesel,6,450,26000,True,R016,Central Hub,Industrial Park,22.0,7023.0,1.69,1,29.8,0.62,1.1,13.49
V013,Truck,Hybrid,5,220,8000,True,R015,Central Hub,Zone 3,163.0,909.1,1.94,2,33.4,1.55,1.11,55.21
V028,Van,Diesel,4,75,1500,True,R004,Depot C,Zone 3,266.6,510.3,1.25,3,60.1,2.81,1.12,38.98
V028,Van,Diesel,4,75,1500,True,R008,Depot B,Metro Area,129.1,799.2,1.79,2,40.8,-2.75,1.25,16.77
V045,Light Commercial,Diesel,9,100,3500,True,R026,Central Hub,Zone 4,108.1,2474.9,1.7,3,44.1,0.92,1.07,28.04
V033,Truck,Diesel,6,220,8000,True,R011,Central Hub,Port Terminal,310.9,3781.1,1.21,1,65.6,0.69,1.27,112.29
V048,Light Commercial,Petrol,9,100,3500,True,R002,Hub North,Metro Area,100.7,3214.1,1.66,3,48.5,1.8,1.05,31.62
V056,Semi-Trailer,Diesel,6,450,26000,True,R022,Central Hub,Metro Area,262.1,7007.9,1.0,2,79.3,-2.55,1.16,96.13
V024,Van,Diesel,7,75,1500,True,R021,Depot A,Metro Area,281.9,805.4,1.14,1,64.3,0.38,1.05,35.73
V053,Van,CNG,12,75,1500,True,R002,Hub North,Metro Area,99.9,472.8,1.97,3,28.3,1.11,1.01,23.26
V011,Van,Diesel,6,75,1500,True,R002,Hub North,Metro Area,100.4,1178.5,1.5,3,52.2,2.21,1.09,16.99
V055,Van,CNG,6,75,1500,True,R004,Depot C,Zone 3,267.2,389.4,1.36,3,53.8,2.64,1.0,44.91
V011,Van,Diesel,6,75,1500,True,R002,Hub North,Metro Area,100.7,1376.0,1.72,3,44.2,1.6,1.03,19.17
V052,Van,Petrol,2,75,1500,True,R019,Depot B,Port Terminal,260.0,1063.7,1.46,2,50.8,-1.5,1.04,37.9
V024,Van,Diesel,7,75,1500,True,R004,Depot C,Zone 3,271.8,860.0,1.4,3,59.1,2.94,1.18,44.54
V058,Truck,Diesel,12,220,8000,True,R019,Depot B,Port Terminal,259.1,4420.0,1.52,2,52.6,-1.45,1.07,98.09
V008,Semi-Trailer,Diesel,1,450,26000,True,R006,Depot C,Zone 1,149.3,10610.6,1.63,2,44.7,4.5,1.29,109.94
V028,Van,Diesel,4,75,1500,True,R030,Central Hub,Industrial Park,316.4,176.8,1.75,2,41.2,2.8,1.16,49.27
V055,Van,CNG,6,75,1500,True,R022,Central Hub,Metro Area,264.5,1316.8,1.02,2,77.5,-2.05,1.04,38.97
V003,Bus,Hybrid,9,280,6000,True,R012,Depot A,Zone 2,57.6,4654.2,1.41,2,40.8,2.2,1.01,22.87
V016,Van,Petrol,6,75,1500,True,R013,Central Hub,Metro Area,193.4,321.9,1.75,2,44.0,-1.78,1.01,27.29
V006,Semi-Trailer,Diesel,8,450,26000,True,R002,Hub North,Metro Area,101.0,5298.0,1.52,3,51.8,2.06,1.13,55.31
V020,Truck,Diesel,4,220,8000,True,R002,Hub North,Metro Area,101.3,2895.1,1.68,3,49.8,1.5,1.04,41.07
V024,Van,Diesel,7,75,1500,True,R017,Hub North,Zone 2,140.1,1123.0,1.39,3,53.2,5.1,1.01,26.84
V038,Light Commercial,Diesel,6,100,3500,True,R001,Depot B,Port Terminal,288.7,1846.9,1.53,1,49.4,-2.82,1.01,52.18
V016,Van,Petrol,6,75,1500,True,R020,Central Hub,Port Terminal,196.6,984.1,1.32,2,58.9,-0.15,1.02,29.09
V010,Semi-Trailer,Diesel,12,450,26000,True,R012,Depot A,Zone 2,52.8,2736.9,1.03,2,47.0,1.81,1.0,26.51
V011,Van,Diesel,6,75,1500,True,R005,Hub North,Zone 3,172.4,1327.7,1.67,1,51.6,-1.58,1.11,24.58
V057,Light Commercial,Diesel,6,100,3500,True,R017,Hub North,Zone 2,141.1,842.9,1.9,3,37.8,4.05,1.08,41.5
V058,Truck,Diesel,12,220,8000,True,R017,Hub North,Zone 2,142.8,2968.5,1.54,3,48.8,3.92,1.12,74.29
V014,Light Commercial,Diesel,4,100,3500,True,R023,Depot B,Zone 2,266.7,3167.8,1.11,3,75.5,-0.54,1.05,49.77
V012,Van,Petrol,1,75,1500,True,R006,Depot C,Zone 1,148.0,1084.4,1.67,2,37.5,3.96,1.05,33.67
V004,Van,Diesel,10,75,1500,True,R017,Hub North,Zone 2,141.4,801.6,1.6,3,47.7,4.62,1.02,27.92
V058,Truck,Diesel,12,220,8000,True,R026,Central Hub,Zone 4,113.3,6667.8,1.65,3,42.7,0.8,1.03,59.57
V043,Truck,Diesel,9,220,8000,True,R009,Depot A,Industrial Park,88.4,1216.6,1.55,1,32.3,-2.67,1.15,31.12
V046,Truck,Diesel,4,220,8000,True,R026,Central Hub,Zone 4,112.7,1318.8,1.75,3,38.2,0.75,1.15,50.11
V018,Light Commercial,Hybrid,9,100,3500,True,R022,Central Hub,Metro Area,262.3,811.6,1.09,2,67.1,-2.72,1.09,29.83
V039,Truck,Diesel,12,220,8000,True,R013,Central Hub,Metro Area,191.9,2599.1,1.63,2,46.2,-2.34,1.19,71.24
V004,Van,Diesel,10,75,1500,True,R027,Depot C,Zone 1,72.0,1054.0,1.12,2,45.7,-2.05,1.05,9.37
V041,Bus,Petrol,6,280,6000,True,R030,Central Hub,Industrial Park,315.3,3315.3,1.61,2,50.1,3.18,1.05,187.74
V035,Van,Petrol,9,75,1500,True,R008,Depot B,Metro Area,127.8,693.2,1.58,2,38.2,-2.5,1.09,21.0
V020,Truck,Diesel,4,220,8000,True,R030,Central Hub,Industrial Park,313.0,6121.6,1.58,2,47.0,3.02,1.0,149.23
V043,Truck,Diesel,9,220,8000,True,R001,Depot B,Port Terminal,286.8,2956.7,1.53,1,48.3,-2.54,1.07,100.01
V039,Truck,Diesel,12,220,8000,True,R004,Depot C,Zone 3,267.1,1381.1,1.63,3,45.6,2.89,1.01,120.64
V027,Truck,Diesel,10,220,8000,True,R002,Hub North,Metro Area,98.7,3498.0,1.83,3,27.5,1.65,1.27,54.27
V012,Van,Petrol,1,75,1500,True,R012,Depot A,Zone 2,55.0,1127.2,1.44,2,31.4,1.22,1.09,11.3
V002,Truck,Diesel,11,220,8000,True,R029,Depot A,Port Terminal,31.7,4023.8,1.04,3,41.7,3.92,1.05,15.05
V057,Light Commercial,Diesel,6,100,3500,True,R019,Depot B,Port Terminal,256.8,3257.0,1.72,2,44.4,-1.43,1.03,56.92
V017,Light Commercial,Hybrid,8,100,3500,True,R019,Depot B,Port Terminal,257.9,2897.0,1.5,2,45.9,-1.61,1.02,42.38
V019,Semi-Trailer,Diesel,11,450,26000,True,R003,Depot B,Zone 1,294.1,20080.1,1.23,2,62.7,-0.95,1.0,141.88
V041,Bus,Petrol,6,280,6000,True,R016,Central Hub,Industrial Park,24.2,4543.2,1.63,1,27.0,0.54,1.16,16.92
V016,Van,Petrol,6,75,1500,True,R012,Depot A,Zone 2,54.3,890.9,1.1,2,48.3,1.66,1.06,8.96
V023,Semi-Trailer,Diesel,7,450,26000,True,R015,Central Hub,Zone 3,163.1,22515.4,1.92,2,38.9,1.85,1.03,119.49
V043,Truck,Diesel,9,220,8000,True,R008,Depot B,Metro Area,127.7,4811.1,1.72,2,43.6,-2.64,1.02,50.62
V036,Van,Diesel,6,75,1500,True,R007,Central Hub,Industrial Park,285.8,625.0,1.03,3,71.5,-0.11,1.01,32.49
V040,Van,CNG,2,75,1500,True,R029,Depot A,Port Terminal,31.6,399.8,1.11,3,43.4,4.14,1.06,5.22
V001,Semi-Trailer,Diesel,6,450,26000,True,R017,Hub North,Zone 2,142.6,20569.4,1.66,3,44.2,4.33,1.07,111.89
V028,Van,Diesel,4,75,1500,True,R013,Central Hub,Metro Area,192.3,623.2,1.73,2,48.0,-2.75,1.01,23.49
V029,Van,Diesel,12,75,1500,True,R003,Depot B,Zone 1,296.3,1158.4,1.15,2,59.1,-1.71,1.01,38.16
V038,Light Commercial,Diesel,6,100,3500,True,R023,Depot B,Zone 2,268.5,3274.4,1.06,3,68.3,-1.34,1.04,49.72
V010,Semi-Trailer,Diesel,12,450,26000,True,R015,Central Hub,Zone 3,161.5,11411.4,1.85,2,44.8,1.62,1.11,110.95
V010,Semi-Trailer,Diesel,12,450,26000,True,R012,Depot A,Zone 2,56.2,10130.4,1.14,2,47.3,1.38,1.02,30.39
V046,Truck,Diesel,4,220,8000,True,R021,Depot A,Metro Area,279.9,1956.6,1.22,1,66.9,0.3,1.02,86.8
V041,Bus,Petrol,6,280,6000,True,R004,Depot C,Zone 3,267.4,3024.3,1.2,3,62.4,3.67,1.11,149.13
V049,Truck,Diesel,8,220,8000,True,R016,Central Hub,Industrial Park,23.1,5247.3,1.7,1,24.2,1.05,1.11,12.8
V017,Light Commercial,Hybrid,8,100,3500,True,R026,Central Hub,Zone 4,109.4,1280.5,1.8,3,37.2,-0.32,1.34,18.83
V060,Light Commercial,Diesel,7,100,3500,True,R014,Depot A,Metro Area,57.2,1794.9,1.83,2,26.2,-2.4,1.17,13.4
V017,Light Commercial,Hybrid,8,100,3500,True,R001,Depot B,Port Terminal,289.1,1947.8,1.8,1,44.8,-2.46,1.05,43.16
V040,Van,CNG,2,75,1500,True,R007,Central Hub,Industrial Park,286.2,500.9,1.37,3,53.7,0.21,1.02,40.4
V010,Semi-Trailer,Diesel,12,450,26000,True,R002,Hub North,Metro Area,99.9,3119.6,1.81,3,26.3,1.92,1.02,68.02
V056,Semi-Trailer,Diesel,6,450,26000,True,R016,Central Hub,Industrial Park,20.0,7365.3,1.6,1,32.8,1.29,1.02,11.86
V020,Truck,Diesel,4,220,8000,True,R011,Central Hub,Port Terminal,310.9,6261.4,1.12,1,67.3,0.24,1.24,117.69
V049,Truck,Diesel,8,220,8000,True,R004,Depot C,Zone 3,267.4,2690.8,1.14,3,64.0,2.31,1.01,99.46
V020,Truck,Diesel,4,220,8000,True,R021,Depot A,Metro Area,277.6,894.0,1.29,1,54.3,-0.67,1.15,82.97
V048,Light Commercial,Petrol,9,100,3500,True,R006,Depot C,Zone 1,148.9,1614.2,1.36,2,58.9,4.17,1.17,43.97
V028,Van,Diesel,4,75,1500,True,R011,Central Hub,Port Terminal,313.3,1020.2,1.21,1,66.1,0.45,1.21,42.92
V004,Van,Diesel,10,75,1500,True,R030,Central Hub,Industrial Park,313.8,1109.3,1.72,2,39.4,2.71,1.03,66.59
V012,Van,Petrol,1,75,1500,True,R002,Hub North,Metro Area,100.3,677.7,1.6,3,45.3,1.51,1.01,16.75
V042,Bus,Hybrid,4,280,6000,True,R008,Depot B,Metro Area,129.7,3516.5,1.64,2,48.5,-2.51,1.17,39.75
V012,Van,Petrol,1,75,1500,True,R010,Hub North,Zone 2,197.8,1100.5,1.02,2,68.8,3.69,1.08,36.55
V017,Light Commercial,Hybrid,8,100,3500,True,R016,Central Hub,Industrial Park,21.0,2995.5,1.77,1,29.7,1.02,1.11,4.55
V033,Truck,Diesel,6,220,8000,True,R008,Depot B,Metro Area,128.0,5151.3,1.6,2,45.6,-2.41,1.16,49.39
V016,Van,Petrol,6,75,1500,True,R030,Central Hub,Industrial Park,313.4,1030.9,1.52,2,44.3,2.66,1.07,61.28
V008,Semi-Trailer,Diesel,1,450,26000,True,R001,Depot B,Port Terminal,288.7,4780.7,1.57,1,54.8,-2.82,1.02,110.9
V038,Light Commercial,Diesel,6,100,3500,True,R029,Depot A,Port Terminal,30.8,1600.8,1.15,3,42.2,3.69,1.09,7.48
V042,Bus,Hybrid,4,280,6000,True,R017,Hub North,Zone 2,143.1,5133.7,1.48,3,52.9,3.99,1.16,59.89
V044,Van,CNG,4,75,1500,True,R002,Hub North,Metro Area,98.5,354.9,1.56,3,27.6,0.96,1.13,19.08
V057,Light Commercial,Diesel,6,100,3500,True,R004,Depot C,Zone 3,269.1,1272.1,1.3,3,63.9,2.75,1.07,58.29
V008,Semi-Trailer,Diesel,1,450,26000,True,R004,Depot C,Zone 3,268.1,17583.0,1.5,3,57.7,3.41,1.05,161.41
V026,Semi-Trailer,Diesel,7,450,26000,True,R009,Depot A,Industrial Park,92.3,22535.8,1.78,1,22.1,-2.2,1.07,64.19
V015,Van,Diesel,9,75,1500,True,R010,Hub North,Zone 2,197.2,225.3,1.2,2,61.6,3.71,1.14,29.37
V055,Van,CNG,6,75,1500,True,R020,Central Hub,Port Terminal,199.4,1259.9,1.48,2,56.1,-0.15,1.06,32.57
V033,Truck,Diesel,6,220,8000,True,R010,Hub North,Zone 2,202.0,2298.2,1.21,2,59.9,4.08,1.03,75.29
V006,Semi-Trailer,Diesel,8,450,26000,True,R022,Central Hub,Metro Area,264.4,21624.9,1.16,2,66.3,-3.08,1.11,118.25
V042,Bus,Hybrid,4,280,6000,True,R009,Depot A,Industrial Park,88.4,5135.1,1.73,1,22.1,-2.91,1.07,33.91
V003,Bus,Hybrid,9,280,6000,True,R008,Depot B,Metro Area,127.5,4555.0,1.74,2,40.0,-2.29,1.28,48.81
V017,Light Commercial,Hybrid,8,100,3500,True,R009,Depot A,Industrial Park,90.8,3098.4,1.64,1,31.6,-2.51,1.35,16.81
V044,Van,CNG,4,75,1500,True,R010,Hub North,Zone 2,196.1,1375.5,1.04,2,69.8,3.23,1.08,37.76
V031,Light Commercial,Diesel,6,100,3500,True,R026,Central Hub,Zone 4,112.6,3102.4,1.89,3,38.3,0.76,1.1,31.5
V046,Truck,Diesel,4,220,8000,True,R008,Depot B,Metro Area,128.3,4289.3,1.88,2,33.9,-2.92,1.04,48.26
V035,Van,Petrol,9,75,1500,True,R009,Depot A,Industrial Park,88.2,741.2,1.55,1,35.0,-2.86,1.03,14.03
V051,Light Commercial,Diesel,8,100,3500,True,R029,Depot A,Port Terminal,28.7,663.0,1.16,3,37.9,3.55,1.09,6.46
V034,Van,Diesel,10,75,1500,True,R020,Central Hub,Port Terminal,200.9,425.5,1.28,2,64.6,-0.07,1.2,23.67
V004,Van,Diesel,10,75,1500,True,R006,Depot C,Zone 1,147.3,981.8,1.89,2,36.9,4.52,1.01,33.07
V005,Light Commercial,CNG,10,100,3500,True,R027,Depot C,Zone 1,68.6,728.8,1.29,2,42.1,-1.0,1.03,13.4
V047,Semi-Trailer,Diesel,6,450,26000,True,R006,Depot C,Zone 1,149.6,23426.6,2.26,2,36.0,4.32,1.04,144.57
V003,Bus,Hybrid,9,280,6000,True,R005,Hub North,Zone 3,171.3,1757.9,1.75,1,38.8,-1.57,1.13,55.45
V023,Semi-Trailer,Diesel,7,450,26000,True,R014,Depot A,Metro Area,55.5,4543.3,2.02,2,22.4,-1.93,1.01,33.09
V001,Semi-Trailer,Diesel,6,450,26000,True,R021,Depot A,Metro Area,280.9,7798.9,1.5,1,48.3,0.52,1.03,133.49
V019,Semi-Trailer,Diesel,11,450,26000,True,R006,Depot C,Zone 1,148.4,3680.9,1.84,2,39.2,4.5,1.08,109.41
V036,Van,Diesel,6,75,1500,True,R023,Depot B,Zone 2,263.2,361.8,1.18,3,58.6,-1.64,1.04,26.94
V011,Van,Diesel,6,75,1500,True,R005,Hub North,Zone 3,173.1,899.3,1.81,1,43.5,-1.77,1.0,24.82
V028,Van,Diesel,4,75,1500,True,R024,Depot C,Zone 2,101.6,518.7,1.14,1,62.9,-2.69,1.11,10.22
V060,Light Commercial,Diesel,7,100,3500,True,R003,Depot B,Zone 1,293.9,2733.5,1.25,2,59.5,-1.65,1.09,55.99
V005,Light Commercial,CNG,10,100,3500,True,R014,Depot A,Metro Area,54.8,1554.1,1.66,2,34.2,-2.71,1.02,12.49
V004,Van,Diesel,10,75,1500,True,R020,Central Hub,Port Terminal,196.5,1060.3,1.33,2,58.9,0.44,1.06,28.29
V017,Light Commercial,Hybrid,8,100,3500,True,R008,Depot B,Metro Area,129.3,2457.2,1.61,2,44.2,-3.37,1.05,18.88
V050,Light Commercial,Diesel,2,100,3500,True,R019,Depot B,Port Terminal,256.0,753.9,1.21,2,66.1,-2.1,1.09,38.86
V025,Truck,Diesel,11,220,8000,True,R021,Depot A,Metro Area,279.2,1184.8,1.38,1,57.1,0.23,1.11,96.28
V039,Truck,Diesel,12,220,8000,True,R020,Central Hub,Port Terminal,199.1,6525.6,1.51,2,46.9,0.01,1.04,88.59
V003,Bus,Hybrid,9,280,6000,True,R012,Depot A,Zone 2,56.8,4174.3,1.05,2,45.3,0.89,1.05,18.24
V045,Light Commercial,Diesel,9,100,3500,True,R024,Depot C,Zone 2,100.6,870.6,1.29,1,61.9,-2.96,1.09,15.55
V005,Light Commercial,CNG,10,100,3500,True,R022,Central Hub,Metro Area,266.3,2373.0,1.0,2,78.1,-2.77,1.28,53.03
V043,Truck,Diesel,9,220,8000,True,R010,Hub North,Zone 2,199.2,3040.4,1.21,2,55.8,4.04,1.19,89.75
V009,Semi-Trailer,Diesel,1,450,26000,True,R023,Depot B,Zone 2,265.9,3854.3,1.15,3,61.1,-0.26,1.03,99.66
V052,Van,Petrol,2,75,1500,True,R028,Central Hub,Zone 4,28.3,441.7,1.48,1,36.5,-0.68,1.02,3.96
V018,Light Commercial,Hybrid,9,100,3500,True,R025,Hub North,Zone 1,66.1,2598.5,1.53,2,27.9,-3.14,1.14,11.14
V012,Van,Petrol,1,75,1500,True,R022,Central Hub,Metro Area,264.5,648.2,1.09,2,72.1,-2.99,1.19,29.98
V021,Van,Diesel,10,75,1500,True,R023,Depot B,Zone 2,265.4,844.7,1.11,3,75.2,-0.77,1.09,34.14
V001,Semi-Trailer,Diesel,6,450,26000,True,R025,Hub North,Zone 1,70.1,5617.6,1.5,2,34.7,-2.46,1.18,31.16
V010,Semi-Trailer,Diesel,12,450,26000,True,R009,Depot A,Industrial Park,87.5,4647.8,1.91,1,22.4,-2.02,1.14,52.52
V036,Van,Diesel,6,75,1500,True,R022,Central Hub,Metro Area,262.7,455.0,1.01,2,74.7,-2.67,1.05,24.24
V019,Semi-Trailer,Diesel,11,450,26000,True,R006,Depot C,Zone 1,148.1,13043.1,2.1,2,39.9,4.1,1.32,132.69
V022,Truck,Diesel,10,220,8000,True,R011,Central Hub,Port Terminal,310.4,6559.5,1.07,1,70.2,0.51,1.04,124.1
V049,Truck,Diesel,8,220,8000,True,R029,Depot A,Port Terminal,30.8,5991.1,1.17,3,44.8,4.45,1.03,16.04
V008,Semi-Trailer,Diesel,1,450,26000,True,R009,Depot A,Industrial Park,90.0,6137.4,1.8,1,24.6,-2.68,1.03,46.49
V024,Van,Diesel,7,75,1500,True,R026,Central Hub,Zone 4,112.2,241.1,1.71,3,41.1,-0.19,1.12,14.73
V012,Van,Petrol,1,75,1500,True,R013,Central Hub,Metro Area,192.4,437.5,1.9,2,43.2,-2.04,1.14,28.61
V029,Van,Diesel,12,75,1500,True,R007,Central Hub,Industrial Park,287.8,1236.7,1.38,3,51.4,0.54,1.06,44.54
V020,Truck,Diesel,4,220,8000,True,R003,Depot B,Zone 1,291.9,4307.8,1.05,2,61.1,-2.39,1.09,84.79
V003,Bus,Hybrid,9,280,6000,True,R017,Hub North,Zone 2,143.4,4715.2,1.74,3,42.0,4.32,1.0,74.45
V005,Light Commercial,CNG,10,100,3500,True,R014,Depot A,Metro Area,55.2,1449.5,1.64,2,31.8,-2.31,1.0,13.14
V052,Van,Petrol,2,75,1500,True,R016,Central Hub,Industrial Park,23.9,902.8,1.48,1,38.1,1.68,1.15,4.61
V004,Van,Diesel,10,75,1500,True,R002,Hub North,Metro Area,101.7,908.3,1.71,3,50.3,1.25,1.02,16.8
V047,Semi-Trailer,Diesel,6,450,26000,True,R009,Depot A,Industrial Park,88.2,16450.7,1.83,1,27.7,-2.23,1.11,54.61
V055,Van,CNG,6,75,1500,True,R001,Depot B,Port Terminal,289.8,749.4,1.54,1,51.4,-1.99,1.02,45.5
V028,Van,Diesel,4,75,1500,True,R010,Hub North,Zone 2,197.4,455.0,1.19,2,63.5,3.71,1.08,28.5
V019,Semi-Trailer,Diesel,11,450,26000,True,R028,Central Hub,Zone 4,30.4,12069.5,1.43,1,36.3,-0.91,1.07,16.3
V047,Semi-Trailer,Diesel,6,450,26000,True,R005,Hub North,Zone 3,171.6,24142.2,1.97,1,37.3,-1.88,1.07,108.21
V059,Light Commercial,Diesel,7,100,3500,True,R021,Depot A,Metro Area,280.3,1159.5,1.29,1,59.9,0.17,1.03,51.84
V008,Semi-Trailer,Diesel,1,450,26000,True,R001,Depot B,Port Terminal,287.7,18618.7,1.36,1,52.3,-2.34,1.22,134.8
V058,Truck,Diesel,12,220,8000,True,R017,Hub North,Zone 2,145.3,7224.2,1.39,3,61.9,4.01,1.02,79.11
V057,Light Commercial,Diesel,6,100,3500,True,R028,Central Hub,Zone 4,33.0,2034.6,1.7,1,19.9,0.01,1.01,8.57
V009,Semi-Trailer,Diesel,1,450,26000,True,R011,Central Hub,Port Terminal,312.7,13414.3,1.06,1,72.9,0.35,1.05,131.07
V004,Van,Diesel,10,75,1500,True,R006,Depot C,Zone 1,150.0,304.1,1.8,2,42.9,3.68,1.01,27.36
V043,Truck,Diesel,9,220,8000,True,R018,Hub North,Port Terminal,155.3,5922.2,1.26,1,60.9,2.69,1.08,72.09
V005,Light Commercial,CNG,10,100,3500,True,R009,Depot A,Industrial Park,86.4,3061.7,1.79,1,23.2,-2.33,1.16,27.98
V037,Van,Petrol,6,75,1500,True,R027,Depot C,Zone 1,69.9,1400.4,1.14,2,37.3,-1.47,1.02,10.71
V004,Van,Diesel,10,75,1500,True,R026,Central Hub,Zone 4,112.1,407.1,1.6,3,49.4,0.67,1.13,16.46
V042,Bus,Hybrid,4,280,6000,True,R020,Central Hub,Port Terminal,198.6,5292.3,1.63,2,51.4,0.4,1.04,74.69
V014,Light Commercial,Diesel,4,100,3500,True,R020,Central Hub,Port Terminal,196.4,1451.5,1.19,2,63.7,-0.65,1.01,30.39
V006,Semi-Trailer,Diesel,8,450,26000,True,R019,Depot B,Port Terminal,259.7,16283.3,1.39,2,57.3,-1.81,1.1,124.18
V004,Van,Diesel,10,75,1500,True,R023,Depot B,Zone 2,269.7,435.2,1.23,3,59.3,-0.4,1.02,32.3
V012,Van,Petrol,1,75,1500,True,R014,Depot A,Metro Area,56.9,466.7,1.76,2,29.8,-3.3,1.06,8.09
V033,Truck,Diesel,6,220,8000,True,R030,Central Hub,Industrial Park,315.4,5008.9,1.76,2,47.6,2.9,1.0,156.63
V005,Light Commercial,CNG,10,100,3500,True,R011,Central Hub,Port Terminal,311.7,1792.4,1.0,1,73.7,1.0,1.14,69.72
V049,Truck,Diesel,8,220,8000,True,R001,Depot B,Port Terminal,287.0,7357.9,1.46,1,56.2,-1.89,1.2,111.2
V037,Van,Petrol,6,75,1500,True,R021,Depot A,Metro Area,279.7,487.2,1.35,1,48.9,0.39,1.12,41.45
V018,Light Commercial,Hybrid,9,100,3500,True,R020,Central Hub,Port Terminal,202.1,2962.2,1.45,2,49.2,0.07,1.01,34.4
V060,Light Commercial,Diesel,7,100,3500,True,R030,Central Hub,Industrial Park,313.3,1719.9,1.58,2,49.5,2.5,1.0,74.22
V040,Van,CNG,2,75,1500,True,R012,Depot A,Zone 2,54.5,321.6,1.0,2,57.6,2.47,1.14,7.66
V041,Bus,Petrol,6,280,6000,True,R013,Central Hub,Metro Area,193.9,1819.5,1.72,2,43.6,-2.38,1.15,90.09
V011,Van,Diesel,6,75,1500,True,R017,Hub North,Zone 2,144.6,1113.5,1.33,3,52.1,3.77,1.04,26.15
V043,Truck,Diesel,9,220,8000,True,R012,Depot A,Zone 2,53.9,6421.1,1.34,2,44.8,2.08,1.19,26.77
V034,Van,Diesel,10,75,1500,True,R024,Depot C,Zone 2,101.4,200.4,1.16,1,63.9,-2.47,1.07,10.61
V060,Light Commercial,Diesel,7,100,3500,True,R013,Central Hub,Metro Area,191.4,1569.8,1.59,2,50.0,-1.82,1.07,37.01
V029,Van,Diesel,12,75,1500,True,R024,Depot C,Zone 2,101.9,780.1,1.0,1,73.7,-2.1,1.09,12.29
V041,Bus,Petrol,6,280,6000,True,R013,Central Hub,Metro Area,193.9,3736.7,1.6,2,47.6,-1.19,1.04,96.32
V021,Van,Diesel,10,75,1500,True,R007,Central Hub,Industrial Park,286.3,979.5,1.07,3,68.1,0.82,1.24,40.06
V003,Bus,Hybrid,9,280,6000,True,R030,Central Hub,Industrial Park,315.4,4835.8,1.74,2,52.0,2.67,1.14,144.57
V008,Semi-Trailer,Diesel,1,450,26000,True,R016,Central Hub,Industrial Park,22.8,8641.9,1.44,1,39.5,1.21,1.06,11.64
V053,Van,CNG,12,75,1500,True,R022,Central Hub,Metro Area,267.6,292.7,1.16,2,71.7,-2.99,1.05,32.2
V045,Light Commercial,Diesel,9,100,3500,True,R018,Hub North,Port Terminal,158.1,904.8,1.14,1,62.6,3.15,1.12,32.84
V022,Truck,Diesel,10,220,8000,True,R011,Central Hub,Port Terminal,311.3,7170.6,1.31,1,49.7,0.54,1.28,137.45
V042,Bus,Hybrid,4,280,6000,True,R030,Central Hub,Industrial Park,314.7,3388.1,1.71,2,42.7,3.08,1.01,139.84
V001,Semi-Trailer,Diesel,6,450,26000,True,R012,Depot A,Zone 2,54.7,7442.0,1.32,2,48.0,1.21,1.04,28.83
V003,Bus,Hybrid,9,280,6000,True,R030,Central Hub,Industrial Park,311.1,4607.9,1.88,2,38.7,2.02,1.07,145.62
V031,Light Commercial,Diesel,6,100,3500,True,R013,Central Hub,Metro Area,191.8,2096.3,1.73,2,47.6,-2.5,1.22,38.81
V038,Light Commercial,Diesel,6,100,3500,True,R001,Depot B,Port Terminal,287.9,1442.8,1.54,1,44.7,-1.68,1.19,52.32
V057,Light Commercial,Diesel,6,100,3500,True,R002,Hub North,Metro Area,98.4,404.5,1.55,3,29.0,1.32,1.1,22.08
V046,Truck,Diesel,4,220,8000,True,R030,Central Hub,Industrial Park,313.7,6122.9,1.52,2,49.0,3.21,1.16,153.79
V016,Van,Petrol,6,75,1500,True,R016,Central Hub,Industrial Park,19.5,1064.7,1.75,1,37.0,0.68,1.08,3.89
V049,Truck,Diesel,8,220,8000,True,R012,Depot A,Zone 2,54.7,2582.3,1.24,2,44.7,1.82,1.01,21.16
V030,Van,Diesel,11,75,1500,True,R025,Hub North,Zone 1,68.7,488.7,1.62,2,22.6,-3.09,1.07,10.36
V050,Light Commercial,Diesel,2,100,3500,True,R019,Depot B,Port Terminal,258.1,1157.7,1.38,2,57.0,-0.98,1.04,44.03
V011,Van,Diesel,6,75,1500,True,R020,Central Hub,Port Terminal,198.3,1004.8,1.59,2,42.5,0.03,1.11,29.54
V002,Truck,Diesel,11,220,8000,True,R021,Depot A,Metro Area,279.5,2800.4,1.22,1,59.0,0.28,1.06,101.78
V004,Van,Diesel,10,75,1500,True,R006,Depot C,Zone 1,146.5,545.7,1.64,2,47.8,4.96,1.02,28.51
V060,Light Commercial,Diesel,7,100,3500,True,R003,Depot B,Zone 1,294.4,1470.4,1.0,2,80.6,-1.91,1.01,48.61
V005,Light Commercial,CNG,10,100,3500,True,R022,Central Hub,Metro Area,264.2,3266.1,1.34,2,61.5,-2.23,1.01,58.09
V057,Light Commercial,Diesel,6,100,3500,True,R001,Depot B,Port Terminal,286.9,1718.8,1.32,1,58.0,-2.02,1.05,50.3
V044,Van,CNG,4,75,1500,True,R022,Central Hub,Metro Area,264.5,631.2,1.0,2,76.4,-2.3,1.07,32.55
V009,Semi-Trailer,Diesel,1,450,26000,True,R004,Depot C,Zone 3,268.5,12987.5,1.73,3,48.6,2.91,1.09,175.48
V052,Van,Petrol,2,75,1500,True,R008,Depot B,Metro Area,128.8,1067.0,1.79,2,35.6,-2.91,1.02,21.57
V009,Semi-Trailer,Diesel,1,450,26000,True,R022,Central Hub,Metro Area,267.7,22129.6,1.0,2,82.3,-3.01,1.06,113.81
V009,Semi-Trailer,Diesel,1,450,26000,True,R019,Depot B,Port Terminal,257.8,24496.7,1.31,2,54.4,-1.96,1.14,120.54
V035,Van,Petrol,9,75,1500,True,R024,Depot C,Zone 2,101.4,769.7,1.0,1,76.0,-2.64,1.01,13.15
V018,Light Commercial,Hybrid,9,100,3500,True,R019,Depot B,Port Terminal,257.4,1718.9,1.48,2,48.5,-1.49,1.0,35.74
V018,Light Commercial,Hybrid,9,100,3500,True,R002,Hub North,Metro Area,99.3,1332.7,1.74,3,24.1,1.69,1.06,21.04
V012,Van,Petrol,1,75,1500,True,R026,Central Hub,Zone 4,113.0,1143.3,1.98,3,39.8,0.71,1.05,22.72
V037,Van,Petrol,6,75,1500,True,R007,Central Hub,Industrial Park,286.5,985.9,1.02,3,74.8,0.85,1.02,41.59
V002,Truck,Diesel,11,220,8000,True,R005,Hub North,Zone 3,171.2,3270.9,1.6,1,46.4,-1.87,1.05,61.65
V015,Van,Diesel,9,75,1500,True,R027,Depot C,Zone 1,69.6,811.1,1.23,2,40.0,-2.05,1.26,8.91
V034,Van,Diesel,10,75,1500,True,R006,Depot C,Zone 1,146.2,412.4,2.18,2,40.5,4.35,1.01,31.44
V030,Van,Diesel,11,75,1500,True,R017,Hub North,Zone 2,140.2,1034.8,1.66,3,53.9,3.92,1.02,27.65
V042,Bus,Hybrid,4,280,6000,True,R015,Central Hub,Zone 3,163.3,1885.8,1.87,2,45.2,1.45,1.07,60.46
V013,Truck,Hybrid,5,220,8000,True,R024,Depot C,Zone 2,103.1,3176.9,1.0,1,76.1,-1.59,1.35,25.74
V039,Truck,Diesel,12,220,8000,True,R002,Hub North,Metro Area,101.1,1263.2,1.31,3,50.6,1.17,1.01,37.57
V046,Truck,Diesel,4,220,8000,True,R004,Depot C,Zone 3,270.4,2295.1,1.31,3,59.9,3.78,1.03,107.89
V024,Van,Diesel,7,75,1500,True,R013,Central Hub,Metro Area,193.3,398.5,1.68,2,47.5,-1.78,1.15,24.62
V016,Van,Petrol,6,75,1500,True,R015,Central Hub,Zone 3,164.8,1087.5,1.77,2,45.5,2.19,1.03,34.01
V034,Van,Diesel,10,75,1500,True,R024,Depot C,Zone 2,104.6,1035.4,1.08,1,64.7,-1.92,1.01,12.36
V035,Van,Petrol,9,75,1500,True,R019,Depot B,Port Terminal,257.9,836.1,1.36,2,58.6,-1.39,1.14,41.07
V006,Semi-Trailer,Diesel,8,450,26000,True,R005,Hub North,Zone 3,172.2,11153.9,1.65,1,51.6,-0.79,1.03,86.69
V034,Van,Diesel,10,75,1500,True,R030,Central Hub,Industrial Park,313.8,1284.0,1.88,2,36.0,2.49,1.0,69.07
V010,Semi-Trailer,Diesel,12,450,26000,True,R014,Depot A,Metro Area,57.3,22138.2,1.66,2,32.9,-2.57,1.08,35.76
V035,Van,Petrol,9,75,1500,True,R029,Depot A,Port Terminal,30.8,918.6,1.09,3,42.7,3.56,1.06,6.05
V056,Semi-Trailer,Diesel,6,450,26000,True,R030,Central Hub,Industrial Park,312.8,17140.7,1.66,2,44.7,2.24,1.0,209.53
V033,Truck,Diesel,6,220,8000,True,R002,Hub North,Metro Area,101.7,6215.9,1.74,3,39.4,1.52,1.09,49.83
V046,Truck,Diesel,4,220,8000,True,R016,Central Hub,Industrial Park,21.4,5714.9,1.43,1,33.5,1.69,1.14,10.33
V019,Semi-Trailer,Diesel,11,450,26000,True,R013,Central Hub,Metro Area,193.0,7570.3,1.84,2,39.5,-1.97,1.15,100.23
V056,Semi-Trailer,Diesel,6,450,26000,True,R015,Central Hub,Zone 3,164.6,13724.3,1.72,2,45.2,2.59,1.26,117.58
V049,Truck,Diesel,8,220,8000,True,R010,Hub North,Zone 2,197.5,1832.8,1.19,2,66.8,4.33,1.12,85.52
V056,Semi-Trailer,Diesel,6,450,26000,True,R017,Hub North,Zone 2,143.6,20487.3,1.78,3,47.1,5.43,1.17,120.14
V045,Light Commercial,Diesel,9,100,3500,True,R015,Central Hub,Zone 3,161.8,2294.4,1.66,2,42.4,2.56,1.16,43.76
V039,Truck,Diesel,12,220,8000,True,R006,Depot C,Zone 1,147.9,7457.8,1.87,2,41.6,5.38,1.16,110.07
V032,Truck,Diesel,8,220,8000,True,R009,Depot A,Industrial Park,87.8,1728.3,1.86,1,22.5,-2.39,1.04,37.11
V056,Semi-Trailer,Diesel,6,450,26000,True,R005,Hub North,Zone 3,176.4,13874.3,1.85,1,40.2,-1.36,1.22,107.49
V051,Light Commercial,Diesel,8,100,3500,True,R026,Central Hub,Zone 4,112.2,2503.9,1.73,3,43.5,0.66,1.09,29.67
V026,Semi-Trailer,Diesel,7,450,26000,True,R021,Depot A,Metro Area,278.7,21768.3,1.57,1,44.1,0.13,1.04,169.75
V006,Semi-Trailer,Diesel,8,450,26000,True,R012,Depot A,Zone 2,53.1,21460.1,1.15,2,45.8,1.98,1.01,31.75
V001,Semi-Trailer,Diesel,6,450,26000,True,R012,Depot A,Zone 2,57.2,7064.2,1.18,2,41.7,2.22,1.06,30.26
V015,Van,Diesel,9,75,1500,True,R003,Depot B,Zone 1,293.9,1402.5,1.03,2,73.5,-1.85,1.03,37.2
V004,Van,Diesel,10,75,1500,True,R009,Depot A,Industrial Park,87.3,1401.2,1.73,1,33.8,-3.07,1.05,14.42
V013,Truck,Hybrid,5,220,8000,True,R028,Central Hub,Zone 4,30.5,7389.6,1.61,1,29.3,-0.36,1.0,11.24
V007,Van,Petrol,11,75,1500,True,R001,Depot B,Port Terminal,289.3,932.4,1.45,1,55.2,-2.66,1.07,41.43
V059,Light Commercial,Diesel,7,100,3500,True,R005,Hub North,Zone 3,173.1,2825.0,1.48,1,56.3,-1.69,1.02,36.89
V006,Semi-Trailer,Diesel,8,450,26000,True,R026,Central Hub,Zone 4,112.0,4280.3,1.83,3,46.6,0.48,1.0,59.31
V038,Light Commercial,Diesel,6,100,3500,True,R016,Central Hub,Industrial Park,22.8,1110.0,1.4,1,35.0,0.79,1.12,5.06
V022,Truck,Diesel,10,220,8000,True,R001,Depot B,Port Terminal,288.6,1425.6,1.6,1,42.9,-1.94,1.03,97.12
V011,Van,Diesel,6,75,1500,True,R015,Central Hub,Zone 3,164.5,794.6,1.81,2,38.6,1.73,1.02,30.06
V043,Truck,Diesel,9,220,8000,True,R023,Depot B,Zone 2,267.1,7360.2,1.31,3,50.8,-0.56,1.21,113.93
V059,Light Commercial,Diesel,7,100,3500,True,R011,Central Hub,Port Terminal,313.0,2281.3,1.03,1,75.7,0.59,1.06,60.92
V048,Light Commercial,Petrol,9,100,3500,True,R012,Depot A,Zone 2,55.3,1722.2,1.07,2,49.7,1.88,1.03,13.56
V059,Light Commercial,Diesel,7,100,3500,True,R019,Depot B,Port Terminal,256.8,2708.7,1.42,2,53.3,-1.58,1.09,52.11
V036,Van,Diesel,6,75,1500,True,R018,Hub North,Port Terminal,157.4,851.7,1.0,1,69.5,2.26,1.02,21.48
V041,Bus,Petrol,6,280,6000,True,R028,Central Hub,Zone 4,31.1,2934.0,1.64,1,29.1,-0.37,1.04,17.99
V009,Semi-Trailer,Diesel,1,450,26000,True,R008,Depot B,Metro Area,126.3,16508.2,1.41,2,58.9,-2.4,1.08,55.02
V052,Van,Petrol,2,75,1500,True,R009,Depot A,Industrial Park,85.8,802.5,1.87,1,29.1,-2.12,1.07,14.97
V045,Light Commercial,Diesel,9,100,3500,True,R005,Hub North,Zone 3,173.5,2258.6,1.86,1,43.4,-1.99,1.03,37.72
V016,Van,Petrol,6,75,1500,True,R020,Central Hub,Port Terminal,201.2,1173.4,1.32,2,70.0,-0.81,1.04,30.68
V022,Truck,Diesel,10,220,8000,True,R017,Hub North,Zone 2,140.9,3944.4,1.58,3,48.7,4.02,1.04,74.83
V037,Van,Petrol,6,75,1500,True,R011,Central Hub,Port Terminal,311.6,679.2,1.22,1,53.0,1.06,1.24,50.24
V001,Semi-Trailer,Diesel,6,450,26000,True,R021,Depot A,Metro Area,279.0,14946.5,1.19,1,58.6,0.22,1.09,138.52
V050,Light Commercial,Diesel,2,100,3500,True,R012,Depot A,Zone 2,54.8,3041.6,1.19,2,43.1,1.61,1.21,13.46
V017,Light Commercial,Hybrid,8,100,3500,True,R006,Depot C,Zone 1,148.2,1608.4,1.87,2,40.2,3.86,1.13,34.37
V005,Light Commercial,CNG,10,100,3500,True,R017,Hub North,Zone 2,140.9,2872.1,1.39,3,53.3,3.96,1.03,45.17
V020,Truck,Diesel,4,220,8000,True,R014,Depot A,Metro Area,53.3,4996.7,1.84,2,26.5,-2.81,1.13,23.52
V051,Light Commercial,Diesel,8,100,3500,True,R013,Central Hub,Metro Area,191.7,386.9,1.3,2,54.7,-1.53,1.0,29.92
V017,Light Commercial,Hybrid,8,100,3500,True,R014,Depot A,Metro Area,54.8,1766.7,1.5,2,34.8,-2.1,1.26,8.93
V033,Truck,Diesel,6,220,8000,True,R028,Central Hub,Zone 4,28.3,2231.6,1.55,1,37.7,-0.93,1.02,10.73
V049,Truck,Diesel,8,220,8000,True,R007,Central Hub,Industrial Park,288.7,1822.5,1.24,3,67.5,0.95,1.02,100.97
V003,Bus,Hybrid,9,280,6000,True,R009,Depot A,Industrial Park,87.9,1795.6,1.58,1,38.4,-2.26,1.03,26.98
V046,Truck,Diesel,4,220,8000,True,R017,Hub North,Zone 2,142.2,5644.5,1.52,3,45.5,3.76,1.06,72.29
V018,Light Commercial,Hybrid,9,100,3500,True,R002,Hub North,Metro Area,101.2,2216.5,1.57,3,47.7,1.75,1.05,18.72
V042,Bus,Hybrid,4,280,6000,True,R005,Hub North,Zone 3,171.9,3338.0,1.65,1,44.2,-1.31,1.03,53.89
V012,Van,Petrol,1,75,1500,True,R017,Hub North,Zone 2,144.1,781.5,1.28,3,60.8,4.3,1.01,25.38
V009,Semi-Trailer,Diesel,1,450,26000,True,R016,Central Hub,Industrial Park,21.2,11200.8,1.26,1,39.2,0.26,1.04,10.25
V048,Light Commercial,Petrol,9,100,3500,True,R020,Central Hub,Port Terminal,196.8,2987.5,1.46,2,50.4,-0.15,1.03,46.77
V049,Truck,Diesel,8,220,8000,True,R004,Depot C,Zone 3,267.6,7140.7,1.24,3,66.5,3.22,1.0,125.42
V059,Light Commercial,Diesel,7,100,3500,True,R026,Central Hub,Zone 4,112.1,2624.2,1.9,3,40.0,1.17,1.15,31.57
V041,Bus,Petrol,6,280,6000,True,R015,Central Hub,Zone 3,162.1,2069.9,1.75,2,43.5,1.53,1.0,98.15
V028,Van,Diesel,4,75,1500,True,R005,Hub North,Zone 3,170.0,1315.2,1.85,1,42.1,-1.67,1.02,26.2
V012,Van,Petrol,1,75,1500,True,R010,Hub North,Zone 2,198.1,1194.4,1.19,2,65.7,3.42,1.02,35.77
V018,Light Commercial,Hybrid,9,100,3500,True,R007,Central Hub,Industrial Park,286.4,719.0,1.31,3,60.1,0.77,1.13,38.96
V039,Truck,Diesel,12,220,8000,True,R014,Depot A,Metro Area,52.8,3123.4,1.8,2,33.9,-2.47,1.08,23.11
V021,Van,Diesel,10,75,1500,True,R015,Central Hub,Zone 3,165.4,567.7,1.74,2,37.9,2.04,1.02,28.59
V030,Van,Diesel,11,75,1500,True,R014,Depot A,Metro Area,54.1,1080.8,1.61,2,32.4,-2.96,1.06,8.82
V011,Van,Diesel,6,75,1500,True,R014,Depot A,Metro Area,56.7,818.0,1.9,2,25.8,-2.35,1.35,9.37
V027,Truck,Diesel,10,220,8000,True,R028,Central Hub,Zone 4,30.0,2614.8,1.71,1,28.1,-0.81,1.26,13.99
V015,Van,Diesel,9,75,1500,True,R029,Depot A,Port Terminal,31.2,444.3,1.38,3,39.3,3.84,1.1,5.46
V007,Van,Petrol,11,75,1500,True,R015,Central Hub,Zone 3,163.7,733.3,1.73,2,48.6,2.48,1.02,33.35
V008,Semi-Trailer,Diesel,1,450,26000,True,R029,Depot A,Port Terminal,26.8,17317.7,1.02,3,46.7,3.34,1.07,15.66
V032,Truck,Diesel,8,220,8000,True,R025,Hub North,Zone 1,66.6,4259.3,1.44,2,41.5,-3.18,1.1,24.22
V022,Truck,Diesel,10,220,8000,True,R025,Hub North,Zone 1,68.1,2575.0,1.49,2,27.7,-3.58,1.01,24.9
V006,Semi-Trailer,Diesel,8,450,26000,True,R007,Central Hub,Industrial Park,288.0,16301.7,1.29,3,60.4,0.71,1.05,150.53
V031,Light Commercial,Diesel,6,100,3500,True,R014,Depot A,Metro Area,52.3,3321.8,1.64,2,26.9,-2.09,1.02,13.15
V010,Semi-Trailer,Diesel,12,450,26000,True,R011,Central Hub,Port Terminal,311.3,6504.4,1.0,1,72.4,0.58,1.1,141.6
V001,Semi-Trailer,Diesel,6,450,26000,True,R003,Depot B,Zone 1,292.7,14277.6,1.09,2,69.2,-1.71,1.08,119.18
V008,Semi-Trailer,Diesel,1,450,26000,True,R003,Depot B,Zone 1,294.8,10902.0,1.0,2,73.4,-1.13,1.08,104.39
V027,Truck,Diesel,10,220,8000,True,R019,Depot B,Port Terminal,258.0,2285.2,1.45,2,40.1,-1.51,1.11,88.25
V058,Truck,Diesel,12,220,8000,True,R013,Central Hub,Metro Area,193.3,6753.3,1.55,2,50.9,-1.57,1.17,81.24
V015,Van,Diesel,9,75,1500,True,R025,Hub North,Zone 1,69.9,1371.2,1.64,2,33.7,-2.78,1.03,10.75
V018,Light Commercial,Hybrid,9,100,3500,True,R021,Depot A,Metro Area,280.3,1391.8,1.41,1,52.7,-1.02,1.12,39.2
V015,Van,Diesel,9,75,1500,True,R003,Depot B,Zone 1,295.7,592.8,1.24,2,59.5,-1.69,1.01,33.08
V022,Truck,Diesel,10,220,8000,True,R026,Central Hub,Zone 4,111.5,1424.0,1.7,3,42.7,0.11,1.22,43.43
V044,Van,CNG,4,75,1500,True,R015,Central Hub,Zone 3,168.2,937.6,1.64,2,38.9,1.47,1.04,33.02
V020,Truck,Diesel,4,220,8000,True,R017,Hub North,Zone 2,141.0,980.5,1.41,3,46.0,4.82,1.05,63.83
V040,Van,CNG,2,75,1500,True,R029,Depot A,Port Terminal,30.0,782.7,1.17,3,45.8,3.75,1.02,5.62
V054,Light Commercial,Petrol,7,100,3500,True,R020,Central Hub,Port Terminal,200.3,804.6,1.1,2,72.2,0.56,1.05,41.44
V057,Light Commercial,Diesel,6,100,3500,True,R001,Depot B,Port Terminal,289.4,2350.1,1.7,1,46.5,-2.94,1.23,59.51
V034,Van,Diesel,10,75,1500,True,R006,Depot C,Zone 1,148.4,1334.4,1.71,2,45.4,4.01,1.01,30.55
V043,Truck,Diesel,9,220,8000,True,R013,Central Hub,Metro Area,193.2,1403.7,1.77,2,45.6,-1.6,1.02,66.27
V056,Semi-Trailer,Diesel,6,450,26000,True,R002,Hub North,Metro Area,97.7,19788.1,1.36,3,39.6,1.64,1.17,62.96
V048,Light Commercial,Petrol,9,100,3500,True,R006,Depot C,Zone 1,150.1,2820.9,1.62,2,43.1,4.56,1.02,56.4
V018,Light Commercial,Hybrid,9,100,3500,True,R024,Depot C,Zone 2,101.5,874.2,1.0,1,75.9,-2.31,1.13,11.31
V008,Semi-Trailer,Diesel,1,450,26000,True,R005,Hub North,Zone 3,174.0,22990.4,1.95,1,37.2,-1.51,1.03,102.03
V007,Van,Petrol,11,75,1500,True,R006,Depot C,Zone 1,144.6,941.7,1.74,2,42.1,4.32,1.06,35.78
V053,Van,CNG,12,75,1500,True,R016,Central Hub,Industrial Park,23.0,832.0,1.65,1,34.9,1.01,1.08,4.93
V034,Van,Diesel,10,75,1500,True,R003,Depot B,Zone 1,293.6,1006.1,1.09,2,75.1,-1.4,1.04,36.06
V018,Light Commercial,Hybrid,9,100,3500,True,R008,Depot B,Metro Area,129.9,1207.1,1.72,2,34.2,-2.09,1.01,19.65
V021,Van,Diesel,10,75,1500,True,R029,Depot A,Port Terminal,31.3,182.4,1.08,3,45.3,3.82,1.14,4.7
V017,Light Commercial,Hybrid,8,100,3500,True,R019,Depot B,Port Terminal,258.5,1665.1,1.44,2,50.9,-1.8,1.01,35.81
V049,Truck,Diesel,8,220,8000,True,R029,Depot A,Port Terminal,29.2,5854.8,1.12,3,49.4,3.69,1.16,14.02
V037,Van,Petrol,6,75,1500,True,R011,Central Hub,Port Terminal,311.3,1321.3,1.23,1,55.1,1.1,1.13,53.52
V053,Van,CNG,12,75,1500,True,R019,Depot B,Port Terminal,257.7,698.4,1.53,2,36.9,-1.36,1.01,45.98
V019,Semi-Trailer,Diesel,11,450,26000,True,R008,Depot B,Metro Area,129.7,8426.6,2.07,2,39.5,-3.5,1.19,72.92
V029,Van,Diesel,12,75,1500,True,R012,Depot A,Zone 2,56.7,317.4,1.4,2,39.5,1.14,1.33,8.6
V008,Semi-Trailer,Diesel,1,450,26000,True,R006,Depot C,Zone 1,147.9,23274.4,1.49,2,43.1,4.11,1.01,104.75
V059,Light Commercial,Diesel,7,100,3500,True,R025,Hub North,Zone 1,66.4,1037.1,1.5,2,32.9,-2.98,1.07,12.74
V031,Light Commercial,Diesel,6,100,3500,True,R006,Depot C,Zone 1,147.9,3060.4,1.7,2,50.3,4.43,1.04,44.61
V034,Van,Diesel,10,75,1500,True,R007,Central Hub,Industrial Park,291.4,384.3,1.49,3,46.0,0.86,1.09,39.82
V025,Truck,Diesel,11,220,8000,True,R014,Depot A,Metro Area,57.5,923.3,1.74,2,29.1,-2.58,1.04,21.57
V017,Light Commercial,Hybrid,8,100,3500,True,R013,Central Hub,Metro Area,187.7,1017.1,1.76,2,44.7,-1.34,1.05,28.09
V057,Light Commercial,Diesel,6,100,3500,True,R010,Hub North,Zone 2,197.9,1816.0,1.0,2,69.3,3.81,1.05,42.78
V030,Van,Diesel,11,75,1500,True,R011,Central Hub,Port Terminal,312.8,594.6,1.0,1,72.7,0.54,1.03,38.28
V041,Bus,Petrol,6,280,6000,True,R009,Depot A,Industrial Park,88.2,5229.4,2.02,1,18.0,-2.06,1.11,60.26
V003,Bus,Hybrid,9,280,6000,True,R028,Central Hub,Zone 4,29.3,3379.9,1.48,1,33.2,-1.17,1.07,10.46
V017,Light Commercial,Hybrid,8,100,3500,True,R018,Hub North,Port Terminal,157.2,700.4,1.0,1,71.8,2.75,1.14,23.84
V049,Truck,Diesel,8,220,8000,True,R028,Central Hub,Zone 4,30.8,5052.3,1.51,1,34.0,-0.45,1.06,12.98
V006,Semi-Trailer,Diesel,8,450,26000,True,R030,Central Hub,Industrial Park,312.1,11195.7,1.51,2,52.1,3.16,1.1,199.41
V007,Van,Petrol,11,75,1500,True,R020,Central Hub,Port Terminal,200.7,1015.7,1.31,2,62.9,-0.89,1.01,30.8
V049,Truck,Diesel,8,220,8000,True,R025,Hub North,Zone 1,68.2,6146.0,1.3,2,47.7,-3.17,1.01,23.58
V019,Semi-Trailer,Diesel,11,450,26000,True,R004,Depot C,Zone 3,266.7,24380.7,1.18,3,64.3,3.13,1.12,178.69
V017,Light Commercial,Hybrid,8,100,3500,True,R029,Depot A,Port Terminal,32.5,2065.5,1.07,3,45.6,4.09,1.08,6.06
V034,Van,Diesel,10,75,1500,True,R015,Central Hub,Zone 3,161.7,617.6,1.98,2,36.4,2.27,1.04,30.63
V012,Van,Petrol,1,75,1500,True,R022,Central Hub,Metro Area,263.3,702.8,1.17,2,60.3,-2.36,1.02,30.08
V003,Bus,Hybrid,9,280,6000,True,R008,Depot B,Metro Area,128.1,2653.4,1.75,2,44.8,-2.76,1.01,40.68
V001,Semi-Trailer,Diesel,6,450,26000,True,R003,Depot B,Zone 1,297.6,12556.9,1.08,2,67.7,-1.39,1.02,116.64
V005,Light Commercial,CNG,10,100,3500,True,R027,Depot C,Zone 1,69.4,439.4,1.37,2,38.5,-1.69,1.03,13.9
V010,Semi-Trailer,Diesel,12,450,26000,True,R014,Depot A,Metro Area,51.8,8066.0,1.66,2,26.4,-2.45,1.01,29.14
V042,Bus,Hybrid,4,280,6000,True,R005,Hub North,Zone 3,171.2,5637.6,1.69,1,42.5,-1.13,1.05,61.79
V018,Light Commercial,Hybrid,9,100,3500,True,R020,Central Hub,Port Terminal,199.6,3110.8,1.41,2,54.9,-0.22,1.01,33.23
V005,Light Commercial,CNG,10,100,3500,True,R002,Hub North,Metro Area,102.0,493.7,1.59,3,46.7,1.92,1.04,25.04
V001,Semi-Trailer,Diesel,6,450,26000,True,R014,Depot A,Metro Area,58.4,24248.7,1.79,2,20.3,-2.13,1.01,41.86
V029,Van,Diesel,12,75,1500,True,R022,Central Hub,Metro Area,266.2,1159.7,1.08,2,69.7,-2.38,1.0,34.22
V051,Light Commercial,Diesel,8,100,3500,True,R022,Central Hub,Metro Area,264.4,358.2,1.29,2,55.0,-2.17,1.01,40.49
V021,Van,Diesel,10,75,1500,True,R014,Depot A,Metro Area,53.7,1314.7,1.99,2,29.9,-1.58,1.35,9.89
V004,Van,Diesel,10,75,1500,True,R012,Depot A,Zone 2,57.6,1374.5,1.06,2,51.2,2.2,1.01,9.32
V014,Light Commercial,Diesel,4,100,3500,True,R026,Central Hub,Zone 4,111.4,2220.6,1.49,3,41.3,0.36,1.09,24.52
V030,Van,Diesel,11,75,1500,True,R006,Depot C,Zone 1,146.7,1155.1,1.65,2,48.6,4.64,1.17,32.68
V012,Van,Petrol,1,75,1500,True,R003,Depot B,Zone 1,293.8,574.0,1.0,2,76.6,-1.47,1.01,31.99
V059,Light Commercial,Diesel,7,100,3500,True,R005,Hub North,Zone 3,170.2,2052.7,1.92,1,33.0,-1.2,1.16,42.9
V046,Truck,Diesel,4,220,8000,True,R025,Hub North,Zone 1,67.6,5774.5,1.66,2,33.7,-2.47,1.05,27.04
V021,Van,Diesel,10,75,1500,True,R015,Central Hub,Zone 3,163.7,865.6,1.66,2,40.2,1.13,1.06,28.71
V058,Truck,Diesel,12,220,8000,True,R002,Hub North,Metro Area,101.9,2871.3,1.52,3,54.0,2.39,1.09,45.0
V020,Truck,Diesel,4,220,8000,True,R006,Depot C,Zone 1,147.1,5214.6,1.54,2,46.2,5.18,1.16,83.64
V009,Semi-Trailer,Diesel,1,450,26000,True,R001,Depot B,Port Terminal,286.4,21129.1,1.51,1,43.6,-2.15,1.0,134.97
V057,Light Commercial,Diesel,6,100,3500,True,R025,Hub North,Zone 1,65.9,2837.1,1.51,2,41.5,-2.83,1.06,13.56
V058,Truck,Diesel,12,220,8000,True,R014,Depot A,Metro Area,55.3,1698.8,1.91,2,20.0,-2.61,1.0,24.18
V019,Semi-Trailer,Diesel,11,450,26000,True,R003,Depot B,Zone 1,294.5,12443.8,1.15,2,61.7,-1.66,1.07,128.57
V036,Van,Diesel,6,75,1500,True,R007,Central Hub,Industrial Park,286.7,199.4,1.39,3,51.5,0.93,1.02,38.3
V011,Van,Diesel,6,75,1500,True,R019,Depot B,Port Terminal,257.3,956.8,1.24,2,58.7,-1.39,1.26,31.08
V039,Truck,Diesel,12,220,8000,True,R018,Hub North,Port Terminal,158.2,2446.7,1.0,1,77.8,3.07,1.04,62.76
V042,Bus,Hybrid,4,280,6000,True,R025,Hub North,Zone 1,70.4,5344.8,1.66,2,30.3,-2.82,1.1,24.73
V043,Truck,Diesel,9,220,8000,True,R001,Depot B,Port Terminal,287.1,5004.1,1.41,1,57.2,-2.02,1.03,99.74
V035,Van,Petrol,9,75,1500,True,R003,Depot B,Zone 1,294.5,660.8,1.0,2,76.5,-1.35,1.16,38.88
V043,Truck,Diesel,9,220,8000,True,R002,Hub North,Metro Area,102.2,5773.9,1.75,3,36.1,1.37,1.06,52.55
V034,Van,Diesel,10,75,1500,True,R012,Depot A,Zone 2,54.0,414.4,1.06,2,49.2,2.25,1.01,7.73
V050,Light Commercial,Diesel,2,100,3500,True,R022,Central Hub,Metro Area,264.1,622.0,1.26,2,60.5,-1.92,1.07,40.27
V011,Van,Diesel,6,75,1500,True,R020,Central Hub,Port Terminal,198.8,261.4,1.35,2,53.2,-0.21,1.04,22.1
V030,Van,Diesel,11,75,1500,True,R007,Central Hub,Industrial Park,285.5,893.1,1.26,3,67.9,1.25,1.09,42.84
V025,Truck,Diesel,11,220,8000,True,R020,Central Hub,Port Terminal,199.2,6844.3,1.55,2,50.7,-0.57,1.02,84.26
V033,Truck,Diesel,6,220,8000,True,R020,Central Hub,Port Terminal,198.9,2314.8,1.15,2,68.7,-0.21,1.01,58.75
V009,Semi-Trailer,Diesel,1,450,26000,True,R006,Depot C,Zone 1,148.5,19397.1,1.98,2,41.9,4.18,1.14,116.3
V020,Truck,Diesel,4,220,8000,True,R023,Depot B,Zone 2,264.7,1055.8,1.07,3,68.1,-0.47,1.09,70.97
V058,Truck,Diesel,12,220,8000,True,R013,Central Hub,Metro Area,192.2,3202.7,1.71,2,46.3,-1.24,1.05,77.93
V007,Van,Petrol,11,75,1500,True,R002,Hub North,Metro Area,102.9,983.5,1.66,3,46.6,1.74,1.12,20.96
V039,Truck,Diesel,12,220,8000,True,R012,Depot A,Zone 2,58.3,6418.5,1.09,2,43.8,2.39,1.09,29.0
V040,Van,CNG,2,75,1500,True,R024,Depot C,Zone 2,103.7,1352.6,1.03,1,68.2,-1.61,1.0,14.31
V029,Van,Diesel,12,75,1500,True,R021,Depot A,Metro Area,277.8,956.5,1.19,1,62.9,0.12,1.03,36.94
V003,Bus,Hybrid,9,280,6000,True,R009,Depot A,Industrial Park,89.2,2959.6,1.56,1,34.4,-2.47,1.02,28.55
V003,Bus,Hybrid,9,280,6000,True,R023,Depot B,Zone 2,265.8,909.2,1.46,3,51.3,-0.73,1.08,78.29
V017,Light Commercial,Hybrid,8,100,3500,True,R012,Depot A,Zone 2,55.6,1170.1,1.08,2,45.7,1.58,1.18,8.45
V007,Van,Petrol,11,75,1500,True,R014,Depot A,Metro Area,53.8,1327.0,1.96,2,25.6,-2.47,1.14,11.9
V006,Semi-Trailer,Diesel,8,450,26000,True,R003,Depot B,Zone 1,291.8,15482.0,1.23,2,59.6,-0.8,1.04,140.4
V010,Semi-Trailer,Diesel,12,450,26000,True,R030,Central Hub,Industrial Park,313.3,10173.2,1.72,2,49.7,2.72,1.02,211.93
V012,Van,Petrol,1,75,1500,True,R026,Central Hub,Zone 4,113.1,467.2,1.73,3,44.4,0.88,1.04,17.75
V051,Light Commercial,Diesel,8,100,3500,True,R006,Depot C,Zone 1,148.1,688.1,1.79,2,40.0,4.65,1.07,42.66
V039,Truck,Diesel,12,220,8000,True,R017,Hub North,Zone 2,143.4,5910.9,1.62,3,39.2,4.16,1.12,84.08
V002,Truck,Diesel,11,220,8000,True,R024,Depot C,Zone 2,102.1,3604.2,1.16,1,64.1,-2.18,1.13,32.45
V038,Light Commercial,Diesel,6,100,3500,True,R016,Central Hub,Industrial Park,23.2,3136.2,1.32,1,35.4,1.64,1.04,6.21
V009,Semi-Trailer,Diesel,1,450,26000,True,R007,Central Hub,Industrial Park,288.3,12642.1,1.03,3,70.6,0.87,1.06,128.02
V026,Semi-Trailer,Diesel,7,450,26000,True,R030,Central Hub,Industrial Park,313.4,20686.1,1.9,2,43.3,3.2,1.01,238.4
V003,Bus,Hybrid,9,280,6000,True,R009,Depot A,Industrial Park,88.6,1264.2,1.31,1,38.3,-1.88,1.1,24.48
V006,Semi-Trailer,Diesel,8,450,26000,True,R011,Central Hub,Port Terminal,314.0,5935.1,1.2,1,55.8,0.39,1.08,141.75
V008,Semi-Trailer,Diesel,1,450,26000,True,R012,Depot A,Zone 2,55.4,8638.0,1.11,2,47.3,1.5,1.05,26.73
V027,Truck,Diesel,10,220,8000,True,R027,Depot C,Zone 1,70.5,2100.4,1.27,2,32.9,-0.9,1.11,26.31
V028,Van,Diesel,4,75,1500,True,R016,Central Hub,Industrial Park,22.8,1395.3,1.39,1,38.8,0.99,1.11,3.74
V022,Truck,Diesel,10,220,8000,True,R022,Central Hub,Metro Area,263.8,6295.4,1.15,2,63.2,-2.3,1.09,93.04
V038,Light Commercial,Diesel,6,100,3500,True,R028,Central Hub,Zone 4,29.3,1386.5,1.5,1,33.7,-0.81,1.02,6.16
V044,Van,CNG,4,75,1500,True,R028,Central Hub,Zone 4,30.3,812.8,1.88,1,26.4,-0.35,1.09,6.26
V044,Van,CNG,4,75,1500,True,R026,Central Hub,Zone 4,111.2,829.9,1.77,3,41.8,0.1,1.07,20.57
V035,Van,Petrol,9,75,1500,True,R028,Central Hub,Zone 4,29.8,924.2,1.67,1,30.7,-0.48,1.0,5.76
V033,Truck,Diesel,6,220,8000,True,R029,Depot A,Port Terminal,29.6,1504.6,1.0,3,50.3,3.64,1.1,10.97
V030,Van,Diesel,11,75,1500,True,R030,Central Hub,Industrial Park,314.0,594.9,1.82,2,48.6,2.57,1.03,55.64
V015,Van,Diesel,9,75,1500,True,R020,Central Hub,Port Terminal,199.8,259.6,1.38,2,55.1,-0.32,1.02,24.28
V030,Van,Diesel,11,75,1500,True,R004,Depot C,Zone 3,267.8,1321.8,1.34,3,56.9,2.05,1.0,48.16
V001,Semi-Trailer,Diesel,6,450,26000,True,R004,Depot C,Zone 3,265.1,11516.3,1.34,3,53.0,2.51,1.35,150.49
V058,Truck,Diesel,12,220,8000,True,R024,Depot C,Zone 2,102.7,5743.7,1.4,1,55.3,-1.96,1.04,40.26
V023,Semi-Trailer,Diesel,7,450,26000,True,R010,Hub North,Zone 2,198.0,22950.3,1.25,2,56.0,3.64,1.14,132.97
V046,Truck,Diesel,4,220,8000,True,R025,Hub North,Zone 1,66.8,2904.2,1.4,2,40.3,-3.5,1.11,20.97
V058,Truck,Diesel,12,220,8000,True,R029,Depot A,Port Terminal,32.0,1397.4,1.04,3,42.3,4.12,1.34,15.27
V030,Van,Diesel,11,75,1500,True,R020,Central Hub,Port Terminal,196.8,578.7,1.47,2,47.6,-0.55,1.2,26.82
V052,Van,Petrol,2,75,1500,True,R023,Depot B,Zone 2,268.1,1005.5,1.24,3,54.1,-0.73,1.05,37.49
V029,Van,Diesel,12,75,1500,True,R009,Depot A,Industrial Park,88.4,787.2,1.48,1,35.5,-2.57,1.12,12.38
V008,Semi-Trailer,Diesel,1,450,26000,True,R014,Depot A,Metro Area,51.6,4256.5,1.87,2,25.1,-2.64,1.03,26.01
V002,Truck,Diesel,11,220,8000,True,R029,Depot A,Port Terminal,31.1,1277.3,1.0,3,52.7,3.86,1.02,12.4
